2026-03-21 08:54:31,272 INFO app.adapters.capture telegram polling started
2026-03-21 08:54:32,828 INFO httpx HTTP Request: POST https://api.telegram.org/bot8790407909:AAGgUU-V77NroC4WdjDtYqB1fA8x-4yy0DA/getMe "HTTP/1.1 200 OK"
2026-03-21 08:54:32,829 INFO telegram.ext.Application Application started
2026-03-21 08:54:33,179 INFO httpx HTTP Request: POST https://api.telegram.org/bot8790407909:AAGgUU-V77NroC4WdjDtYqB1fA8x-4yy0DA/deleteWebhook "HTTP/1.1 200 OK"
2026-03-21 08:54:35,869 INFO httpx HTTP Request: POST https://api.telegram.org/bot8790407909:AAGgUU-V77NroC4WdjDtYqB1fA8x-4yy0DA/getUpdates "HTTP/1.1 200 OK"
2026-03-21 08:54:35,870 INFO app.adapters.capture telegram photo accepted
2026-03-21 08:54:36,214 INFO httpx HTTP Request: POST https://api.telegram.org/bot8790407909:AAGgUU-V77NroC4WdjDtYqB1fA8x-4yy0DA/getFile "HTTP/1.1 200 OK"
2026-03-21 08:54:36,830 INFO httpx HTTP Request: GET https://api.telegram.org/file/bot8790407909%3AAAGgUU-V77NroC4WdjDtYqB1fA8x-4yy0DA/photos/file_0.jpg "HTTP/1.1 200 OK"
2026-03-21 08:54:37,148 INFO app.adapters.capture duplicate telegram image skipped
2026-03-21 08:54:46,212 INFO httpx HTTP Request: POST https://api.telegram.org/bot8790407909:AAGgUU-V77NroC4WdjDtYqB1fA8x-4yy0DA/getUpdates "HTTP/1.1 200 OK"
2026-03-21 08:54:56,594 INFO httpx HTTP Request: POST https://api.telegram.org/bot8790407909:AAGgUU-V77NroC4WdjDtYqB1fA8x-4yy0DA/getUpdates "HTTP/1.1 200 OK"
2026-03-21 08:55:03,763 INFO httpx HTTP Request: POST https://api.telegram.org/bot8790407909:AAGgUU-V77NroC4WdjDtYqB1fA8x-4yy0DA/getUpdates "HTTP/1.1 200 OK"
2026-03-21 08:55:03,765 INFO app.adapters.capture telegram photo accepted
2026-03-21 08:55:05,466 INFO httpx HTTP Request: POST https://api.telegram.org/bot8790407909:AAGgUU-V77NroC4WdjDtYqB1fA8x-4yy0DA/getFile "HTTP/1.1 200 OK"
2026-03-21 08:55:06,224 INFO httpx HTTP Request: GET https://api.telegram.org/file/bot8790407909%3AAAGgUU-V77NroC4WdjDtYqB1fA8x-4yy0DA/photos/file_1.jpg "HTTP/1.1 200 OK"
2026-03-21 08:55:06,552 INFO app.orchestrator.pipeline task transition
2026-03-21 08:55:06,560 INFO app.orchestrator.pipeline task transition
2026-03-21 08:55:06,567 INFO app.orchestrator.pipeline task transition
2026-03-21 08:55:11,952 INFO app.orchestrator.pipeline task transition
2026-03-21 08:55:11,958 INFO app.orchestrator.pipeline task transition
2026-03-21 08:55:11,969 INFO app.orchestrator.pipeline task transition
2026-03-21 08:55:11,976 INFO app.orchestrator.pipeline task transition
2026-03-21 08:55:11,998 INFO app.orchestrator.pipeline task transition
2026-03-21 08:55:14,354 INFO httpx HTTP Request: POST https://api.telegram.org/bot8790407909:AAGgUU-V77NroC4WdjDtYqB1fA8x-4yy0DA/getUpdates "HTTP/1.1 200 OK"
2026-03-21 08:55:24,715 INFO httpx HTTP Request: POST https://api.telegram.org/bot8790407909:AAGgUU-V77NroC4WdjDtYqB1fA8x-4yy0DA/getUpdates "HTTP/1.1 200 OK"
2026-03-21 09:08:33,720 INFO app.adapters.capture telegram polling started
2026-03-21 09:08:35,324 INFO httpx HTTP Request: POST https://api.telegram.org/bot8790407909:AAGgUU-V77NroC4WdjDtYqB1fA8x-4yy0DA/getMe "HTTP/1.1 200 OK"
2026-03-21 09:08:35,326 INFO telegram.ext.Application Application started
2026-03-21 09:08:35,663 INFO httpx HTTP Request: POST https://api.telegram.org/bot8790407909:AAGgUU-V77NroC4WdjDtYqB1fA8x-4yy0DA/deleteWebhook "HTTP/1.1 200 OK"
2026-03-21 09:08:44,915 INFO httpx HTTP Request: POST https://api.telegram.org/bot8790407909:AAGgUU-V77NroC4WdjDtYqB1fA8x-4yy0DA/getUpdates "HTTP/1.1 200 OK"
2026-03-21 09:08:44,917 INFO app.adapters.capture telegram photo accepted
2026-03-21 09:08:46,496 INFO httpx HTTP Request: POST https://api.telegram.org/bot8790407909:AAGgUU-V77NroC4WdjDtYqB1fA8x-4yy0DA/getFile "HTTP/1.1 200 OK"
2026-03-21 09:08:47,091 INFO httpx HTTP Request: GET https://api.telegram.org/file/bot8790407909%3AAAGgUU-V77NroC4WdjDtYqB1fA8x-4yy0DA/photos/file_1.jpg "HTTP/1.1 200 OK"
2026-03-21 09:08:47,344 INFO app.adapters.capture duplicate telegram image skipped
2026-03-21 09:08:55,260 INFO httpx HTTP Request: POST https://api.telegram.org/bot8790407909:AAGgUU-V77NroC4WdjDtYqB1fA8x-4yy0DA/getUpdates "HTTP/1.1 200 OK"
2026-03-21 09:09:05,704 INFO httpx HTTP Request: POST https://api.telegram.org/bot8790407909:AAGgUU-V77NroC4WdjDtYqB1fA8x-4yy0DA/getUpdates "HTTP/1.1 200 OK"
2026-03-21 09:09:16,032 INFO httpx HTTP Request: POST https://api.telegram.org/bot8790407909:AAGgUU-V77NroC4WdjDtYqB1fA8x-4yy0DA/getUpdates "HTTP/1.1 200 OK"
2026-03-21 09:23:33,618 INFO app.adapters.capture telegram polling started
2026-03-21 09:23:35,294 INFO httpx HTTP Request: POST https://api.telegram.org/bot8790407909:AAGgUU-V77NroC4WdjDtYqB1fA8x-4yy0DA/getMe "HTTP/1.1 200 OK"
2026-03-21 09:23:35,296 INFO telegram.ext.Application Application started
2026-03-21 09:23:35,648 INFO httpx HTTP Request: POST https://api.telegram.org/bot8790407909:AAGgUU-V77NroC4WdjDtYqB1fA8x-4yy0DA/deleteWebhook "HTTP/1.1 200 OK"
2026-03-21 09:23:37,634 INFO httpx HTTP Request: POST https://api.telegram.org/bot8790407909:AAGgUU-V77NroC4WdjDtYqB1fA8x-4yy0DA/getUpdates "HTTP/1.1 200 OK"
2026-03-21 09:23:37,638 INFO app.adapters.capture telegram photo accepted
2026-03-21 09:23:37,984 INFO httpx HTTP Request: POST https://api.telegram.org/bot8790407909:AAGgUU-V77NroC4WdjDtYqB1fA8x-4yy0DA/getFile "HTTP/1.1 200 OK"
2026-03-21 09:23:38,618 INFO httpx HTTP Request: GET https://api.telegram.org/file/bot8790407909%3AAAGgUU-V77NroC4WdjDtYqB1fA8x-4yy0DA/photos/file_1.jpg "HTTP/1.1 200 OK"
2026-03-21 09:23:38,822 INFO app.orchestrator.pipeline task transition
2026-03-21 09:23:38,860 INFO app.orchestrator.pipeline task transition
2026-03-21 09:23:38,967 INFO app.orchestrator.pipeline task transition
2026-03-21 09:23:44,740 INFO app.orchestrator.pipeline task transition
2026-03-21 09:23:44,748 INFO app.orchestrator.pipeline task transition
2026-03-21 09:23:44,764 INFO app.orchestrator.pipeline task transition
2026-03-21 09:23:44,786 INFO app.orchestrator.pipeline task transition
2026-03-21 09:23:45,138 INFO app.orchestrator.pipeline task transition
2026-03-21 09:23:45,140 ERROR app.adapters.capture telegram update handler failed
Traceback (most recent call last):
  File "C:\Users\ivanu\OneDrive - ocsd5schools.org\Рабочий стол\BackUp\трейдинг\структуры\!полезное\mt5_god.exe\app\adapters\executor.py", line 118, in _pyautogui
    import pyautogui
ModuleNotFoundError: No module named 'pyautogui'

The above exception was the direct cause of the following exception:

Traceback (most recent call last):
  File "C:\Users\ivanu\OneDrive - ocsd5schools.org\Рабочий стол\BackUp\трейдинг\структуры\!полезное\mt5_god.exe\app\adapters\executor.py", line 289, in _execute_account
    self._locate_anchor("main_window")
  File "C:\Users\ivanu\OneDrive - ocsd5schools.org\Рабочий стол\BackUp\трейдинг\структуры\!полезное\mt5_god.exe\app\adapters\executor.py", line 166, in _locate_anchor
    pyautogui = self._pyautogui()
                ^^^^^^^^^^^^^^^^^
  File "C:\Users\ivanu\OneDrive - ocsd5schools.org\Рабочий стол\BackUp\трейдинг\структуры\!полезное\mt5_god.exe\app\adapters\executor.py", line 120, in _pyautogui
    raise ConfigurationError("Install optional dependency set `.[ui]` for visual execution") from exc
app.domain.exceptions.ConfigurationError: Install optional dependency set `.[ui]` for visual execution

During handling of the above exception, another exception occurred:

Traceback (most recent call last):
  File "C:\Users\ivanu\OneDrive - ocsd5schools.org\Рабочий стол\BackUp\трейдинг\структуры\!полезное\mt5_god.exe\app\adapters\executor.py", line 118, in _pyautogui
    import pyautogui
ModuleNotFoundError: No module named 'pyautogui'

The above exception was the direct cause of the following exception:

Traceback (most recent call last):
  File "C:\Users\ivanu\OneDrive - ocsd5schools.org\Рабочий стол\BackUp\трейдинг\структуры\!полезное\mt5_god.exe\app\orchestrator\pipeline.py", line 117, in process_capture_event
    execution_result = self.executor.execute(trade_intent)
                       ^^^^^^^^^^^^^^^^^^^^^^^^^^^^^^^^^^^
  File "C:\Users\ivanu\OneDrive - ocsd5schools.org\Рабочий стол\BackUp\трейдинг\структуры\!полезное\mt5_god.exe\app\adapters\executor.py", line 365, in execute
    account_results = [
                      ^
  File "C:\Users\ivanu\OneDrive - ocsd5schools.org\Рабочий стол\BackUp\трейдинг\структуры\!полезное\mt5_god.exe\app\adapters\executor.py", line 366, in <listcomp>
    self._execute_account(trade_intent, account.account_alias)
  File "C:\Users\ivanu\OneDrive - ocsd5schools.org\Рабочий стол\BackUp\трейдинг\структуры\!полезное\mt5_god.exe\app\adapters\executor.py", line 350, in _execute_account
    screenshot_path = screenshot_path or self._save_screenshot(trade_intent.trade_id, f"{account_alias}_error")
                                         ^^^^^^^^^^^^^^^^^^^^^^^^^^^^^^^^^^^^^^^^^^^^^^^^^^^^^^^^^^^^^^^^^^^^^^
  File "C:\Users\ivanu\OneDrive - ocsd5schools.org\Рабочий стол\BackUp\трейдинг\структуры\!полезное\mt5_god.exe\app\adapters\executor.py", line 137, in _save_screenshot
    pyautogui = self._pyautogui()
                ^^^^^^^^^^^^^^^^^
  File "C:\Users\ivanu\OneDrive - ocsd5schools.org\Рабочий стол\BackUp\трейдинг\структуры\!полезное\mt5_god.exe\app\adapters\executor.py", line 120, in _pyautogui
    raise ConfigurationError("Install optional dependency set `.[ui]` for visual execution") from exc
app.domain.exceptions.ConfigurationError: Install optional dependency set `.[ui]` for visual execution

The above exception was the direct cause of the following exception:

Traceback (most recent call last):
  File "C:\Users\ivanu\AppData\Local\Programs\Python\Python311\Lib\site-packages\telegram\ext\_application.py", line 1325, in process_update
    await coroutine
  File "C:\Users\ivanu\AppData\Local\Programs\Python\Python311\Lib\site-packages\telegram\ext\_handlers\basehandler.py", line 158, in handle_update
    return await self.callback(update, context)
           ^^^^^^^^^^^^^^^^^^^^^^^^^^^^^^^^^^^^
  File "C:\Users\ivanu\OneDrive - ocsd5schools.org\Рабочий стол\BackUp\трейдинг\структуры\!полезное\mt5_god.exe\app\adapters\capture.py", line 264, in on_message
    result = handler(event)
             ^^^^^^^^^^^^^^
  File "C:\Users\ivanu\OneDrive - ocsd5schools.org\Рабочий стол\BackUp\трейдинг\структуры\!полезное\mt5_god.exe\app\orchestrator\pipeline.py", line 123, in process_capture_event
    raise ExecutionError(reason) from exc
app.domain.exceptions.ExecutionError: execution error: Install optional dependency set `.[ui]` for visual execution
2026-03-21 09:23:47,993 INFO httpx HTTP Request: POST https://api.telegram.org/bot8790407909:AAGgUU-V77NroC4WdjDtYqB1fA8x-4yy0DA/getUpdates "HTTP/1.1 200 OK"
2026-03-21 09:23:58,335 INFO httpx HTTP Request: POST https://api.telegram.org/bot8790407909:AAGgUU-V77NroC4WdjDtYqB1fA8x-4yy0DA/getUpdates "HTTP/1.1 200 OK"
2026-03-21 09:24:08,666 INFO httpx HTTP Request: POST https://api.telegram.org/bot8790407909:AAGgUU-V77NroC4WdjDtYqB1fA8x-4yy0DA/getUpdates "HTTP/1.1 200 OK"
2026-03-21 09:24:18,994 INFO httpx HTTP Request: POST https://api.telegram.org/bot8790407909:AAGgUU-V77NroC4WdjDtYqB1fA8x-4yy0DA/getUpdates "HTTP/1.1 200 OK"
2026-03-21 09:24:29,327 INFO httpx HTTP Request: POST https://api.telegram.org/bot8790407909:AAGgUU-V77NroC4WdjDtYqB1fA8x-4yy0DA/getUpdates "HTTP/1.1 200 OK"
2026-03-21 09:30:12,241 INFO app.adapters.capture telegram polling started
2026-03-21 09:30:13,782 INFO httpx HTTP Request: POST https://api.telegram.org/bot8790407909:AAGgUU-V77NroC4WdjDtYqB1fA8x-4yy0DA/getMe "HTTP/1.1 200 OK"
2026-03-21 09:30:13,790 INFO telegram.ext.Application Application started
2026-03-21 09:30:14,149 INFO httpx HTTP Request: POST https://api.telegram.org/bot8790407909:AAGgUU-V77NroC4WdjDtYqB1fA8x-4yy0DA/deleteWebhook "HTTP/1.1 200 OK"
2026-03-21 09:30:15,869 INFO httpx HTTP Request: POST https://api.telegram.org/bot8790407909:AAGgUU-V77NroC4WdjDtYqB1fA8x-4yy0DA/getUpdates "HTTP/1.1 200 OK"
2026-03-21 09:30:15,872 INFO app.adapters.capture telegram photo accepted
2026-03-21 09:30:16,217 INFO httpx HTTP Request: POST https://api.telegram.org/bot8790407909:AAGgUU-V77NroC4WdjDtYqB1fA8x-4yy0DA/getFile "HTTP/1.1 200 OK"
2026-03-21 09:30:16,919 INFO httpx HTTP Request: GET https://api.telegram.org/file/bot8790407909%3AAAGgUU-V77NroC4WdjDtYqB1fA8x-4yy0DA/photos/file_1.jpg "HTTP/1.1 200 OK"
2026-03-21 09:30:17,168 INFO app.orchestrator.pipeline task transition
2026-03-21 09:30:17,174 INFO app.orchestrator.pipeline task transition
2026-03-21 09:30:17,182 INFO app.orchestrator.pipeline task transition
2026-03-21 09:30:19,431 INFO app.orchestrator.pipeline task transition
2026-03-21 09:30:19,447 ERROR app.adapters.capture telegram update handler failed
Traceback (most recent call last):
  File "C:\Users\ivanu\AppData\Local\Programs\Python\Python311\Lib\site-packages\pytesseract\pytesseract.py", line 275, in run_tesseract
    proc = subprocess.Popen(cmd_args, **subprocess_args())
           ^^^^^^^^^^^^^^^^^^^^^^^^^^^^^^^^^^^^^^^^^^^^^^^
  File "C:\Users\ivanu\AppData\Local\Programs\Python\Python311\Lib\subprocess.py", line 1026, in __init__
    self._execute_child(args, executable, preexec_fn, close_fds,
  File "C:\Users\ivanu\AppData\Local\Programs\Python\Python311\Lib\subprocess.py", line 1538, in _execute_child
    hp, ht, pid, tid = _winapi.CreateProcess(executable, args,
                       ^^^^^^^^^^^^^^^^^^^^^^^^^^^^^^^^^^^^^^^
FileNotFoundError: [WinError 2] Не удается найти указанный файл

During handling of the above exception, another exception occurred:

Traceback (most recent call last):
  File "C:\Users\ivanu\OneDrive - ocsd5schools.org\Рабочий стол\BackUp\трейдинг\структуры\!полезное\mt5_god.exe\app\orchestrator\pipeline.py", line 65, in process_capture_event
    analysis_result = self.analyzer.analyze(capture_event)
                      ^^^^^^^^^^^^^^^^^^^^^^^^^^^^^^^^^^^^
  File "C:\Users\ivanu\OneDrive - ocsd5schools.org\Рабочий стол\BackUp\трейдинг\структуры\!полезное\mt5_god.exe\app\adapters\image_analyzer.py", line 209, in analyze
    ocr_text, ocr_lines = self._load_ocr_payload(image_path)
                          ^^^^^^^^^^^^^^^^^^^^^^^^^^^^^^^^^^
  File "C:\Users\ivanu\OneDrive - ocsd5schools.org\Рабочий стол\BackUp\трейдинг\структуры\!полезное\mt5_god.exe\app\adapters\image_analyzer.py", line 98, in _load_ocr_payload
    content = self._run_tesseract(image_path)
              ^^^^^^^^^^^^^^^^^^^^^^^^^^^^^^^
  File "C:\Users\ivanu\OneDrive - ocsd5schools.org\Рабочий стол\BackUp\трейдинг\структуры\!полезное\mt5_god.exe\app\adapters\image_analyzer.py", line 64, in _run_tesseract
    return pytesseract.image_to_string(Image.open(image_path))
           ^^^^^^^^^^^^^^^^^^^^^^^^^^^^^^^^^^^^^^^^^^^^^^^^^^^
  File "C:\Users\ivanu\AppData\Local\Programs\Python\Python311\Lib\site-packages\pytesseract\pytesseract.py", line 486, in image_to_string
    return {
           ^
  File "C:\Users\ivanu\AppData\Local\Programs\Python\Python311\Lib\site-packages\pytesseract\pytesseract.py", line 489, in <lambda>
    Output.STRING: lambda: run_and_get_output(*args),
                           ^^^^^^^^^^^^^^^^^^^^^^^^^
  File "C:\Users\ivanu\AppData\Local\Programs\Python\Python311\Lib\site-packages\pytesseract\pytesseract.py", line 352, in run_and_get_output
    run_tesseract(**kwargs)
  File "C:\Users\ivanu\AppData\Local\Programs\Python\Python311\Lib\site-packages\pytesseract\pytesseract.py", line 280, in run_tesseract
    raise TesseractNotFoundError()
pytesseract.pytesseract.TesseractNotFoundError: tesseract is not installed or it's not in your PATH. See README file for more information.

The above exception was the direct cause of the following exception:

Traceback (most recent call last):
  File "C:\Users\ivanu\AppData\Local\Programs\Python\Python311\Lib\site-packages\telegram\ext\_application.py", line 1325, in process_update
    await coroutine
  File "C:\Users\ivanu\AppData\Local\Programs\Python\Python311\Lib\site-packages\telegram\ext\_handlers\basehandler.py", line 158, in handle_update
    return await self.callback(update, context)
           ^^^^^^^^^^^^^^^^^^^^^^^^^^^^^^^^^^^^
  File "C:\Users\ivanu\OneDrive - ocsd5schools.org\Рабочий стол\BackUp\трейдинг\структуры\!полезное\mt5_god.exe\app\adapters\capture.py", line 264, in on_message
    result = handler(event)
             ^^^^^^^^^^^^^^
  File "C:\Users\ivanu\OneDrive - ocsd5schools.org\Рабочий стол\BackUp\трейдинг\структуры\!полезное\mt5_god.exe\app\orchestrator\pipeline.py", line 71, in process_capture_event
    raise AnalysisError(reason) from exc
app.domain.exceptions.AnalysisError: analysis error: tesseract is not installed or it's not in your PATH. See README file for more information.
2026-03-21 09:30:26,436 INFO httpx HTTP Request: POST https://api.telegram.org/bot8790407909:AAGgUU-V77NroC4WdjDtYqB1fA8x-4yy0DA/getUpdates "HTTP/1.1 200 OK"
2026-03-21 09:30:36,880 INFO httpx HTTP Request: POST https://api.telegram.org/bot8790407909:AAGgUU-V77NroC4WdjDtYqB1fA8x-4yy0DA/getUpdates "HTTP/1.1 200 OK"
2026-03-21 09:30:47,231 INFO httpx HTTP Request: POST https://api.telegram.org/bot8790407909:AAGgUU-V77NroC4WdjDtYqB1fA8x-4yy0DA/getUpdates "HTTP/1.1 200 OK"
2026-03-21 09:30:50,457 ERROR telegram.ext.Updater Exception happened while polling for updates.
Traceback (most recent call last):
  File "C:\Users\ivanu\AppData\Local\Programs\Python\Python311\Lib\site-packages\httpx\_transports\default.py", line 69, in map_httpcore_exceptions
    yield
  File "C:\Users\ivanu\AppData\Local\Programs\Python\Python311\Lib\site-packages\httpx\_transports\default.py", line 373, in handle_async_request
    resp = await self._pool.handle_async_request(req)
           ^^^^^^^^^^^^^^^^^^^^^^^^^^^^^^^^^^^^^^^^^^
  File "C:\Users\ivanu\AppData\Local\Programs\Python\Python311\Lib\site-packages\httpcore\_async\connection_pool.py", line 216, in handle_async_request
    raise exc from None
  File "C:\Users\ivanu\AppData\Local\Programs\Python\Python311\Lib\site-packages\httpcore\_async\connection_pool.py", line 196, in handle_async_request
    response = await connection.handle_async_request(
               ^^^^^^^^^^^^^^^^^^^^^^^^^^^^^^^^^^^^^^
  File "C:\Users\ivanu\AppData\Local\Programs\Python\Python311\Lib\site-packages\httpcore\_async\connection.py", line 101, in handle_async_request
    return await self._connection.handle_async_request(request)
           ^^^^^^^^^^^^^^^^^^^^^^^^^^^^^^^^^^^^^^^^^^^^^^^^^^^^
  File "C:\Users\ivanu\AppData\Local\Programs\Python\Python311\Lib\site-packages\httpcore\_async\http11.py", line 143, in handle_async_request
    raise exc
  File "C:\Users\ivanu\AppData\Local\Programs\Python\Python311\Lib\site-packages\httpcore\_async\http11.py", line 113, in handle_async_request
    ) = await self._receive_response_headers(**kwargs)
        ^^^^^^^^^^^^^^^^^^^^^^^^^^^^^^^^^^^^^^^^^^^^^^
  File "C:\Users\ivanu\AppData\Local\Programs\Python\Python311\Lib\site-packages\httpcore\_async\http11.py", line 186, in _receive_response_headers
    event = await self._receive_event(timeout=timeout)
            ^^^^^^^^^^^^^^^^^^^^^^^^^^^^^^^^^^^^^^^^^^
  File "C:\Users\ivanu\AppData\Local\Programs\Python\Python311\Lib\site-packages\httpcore\_async\http11.py", line 224, in _receive_event
    data = await self._network_stream.read(
           ^^^^^^^^^^^^^^^^^^^^^^^^^^^^^^^^
  File "C:\Users\ivanu\AppData\Local\Programs\Python\Python311\Lib\site-packages\httpcore\_backends\anyio.py", line 32, in read
    with map_exceptions(exc_map):
  File "C:\Users\ivanu\AppData\Local\Programs\Python\Python311\Lib\contextlib.py", line 155, in __exit__
    self.gen.throw(typ, value, traceback)
  File "C:\Users\ivanu\AppData\Local\Programs\Python\Python311\Lib\site-packages\httpcore\_exceptions.py", line 14, in map_exceptions
    raise to_exc(exc) from exc
httpcore.ReadError

The above exception was the direct cause of the following exception:

Traceback (most recent call last):
  File "C:\Users\ivanu\AppData\Local\Programs\Python\Python311\Lib\site-packages\telegram\request\_httpxrequest.py", line 293, in do_request
    res = await self._client.request(
          ^^^^^^^^^^^^^^^^^^^^^^^^^^^
  File "C:\Users\ivanu\AppData\Local\Programs\Python\Python311\Lib\site-packages\httpx\_client.py", line 1574, in request
    return await self.send(request, auth=auth, follow_redirects=follow_redirects)
           ^^^^^^^^^^^^^^^^^^^^^^^^^^^^^^^^^^^^^^^^^^^^^^^^^^^^^^^^^^^^^^^^^^^^^^
  File "C:\Users\ivanu\AppData\Local\Programs\Python\Python311\Lib\site-packages\httpx\_client.py", line 1661, in send
    response = await self._send_handling_auth(
               ^^^^^^^^^^^^^^^^^^^^^^^^^^^^^^^
  File "C:\Users\ivanu\AppData\Local\Programs\Python\Python311\Lib\site-packages\httpx\_client.py", line 1689, in _send_handling_auth
    response = await self._send_handling_redirects(
               ^^^^^^^^^^^^^^^^^^^^^^^^^^^^^^^^^^^^
  File "C:\Users\ivanu\AppData\Local\Programs\Python\Python311\Lib\site-packages\httpx\_client.py", line 1726, in _send_handling_redirects
    response = await self._send_single_request(request)
               ^^^^^^^^^^^^^^^^^^^^^^^^^^^^^^^^^^^^^^^^
  File "C:\Users\ivanu\AppData\Local\Programs\Python\Python311\Lib\site-packages\httpx\_client.py", line 1763, in _send_single_request
    response = await transport.handle_async_request(request)
               ^^^^^^^^^^^^^^^^^^^^^^^^^^^^^^^^^^^^^^^^^^^^^
  File "C:\Users\ivanu\AppData\Local\Programs\Python\Python311\Lib\site-packages\httpx\_transports\default.py", line 372, in handle_async_request
    with map_httpcore_exceptions():
  File "C:\Users\ivanu\AppData\Local\Programs\Python\Python311\Lib\contextlib.py", line 155, in __exit__
    self.gen.throw(typ, value, traceback)
  File "C:\Users\ivanu\AppData\Local\Programs\Python\Python311\Lib\site-packages\httpx\_transports\default.py", line 86, in map_httpcore_exceptions
    raise mapped_exc(message) from exc
httpx.ReadError

The above exception was the direct cause of the following exception:

Traceback (most recent call last):
  File "C:\Users\ivanu\AppData\Local\Programs\Python\Python311\Lib\site-packages\telegram\ext\_updater.py", line 750, in _network_loop_retry
    if not await do_action():
           ^^^^^^^^^^^^^^^^^
  File "C:\Users\ivanu\AppData\Local\Programs\Python\Python311\Lib\site-packages\telegram\ext\_updater.py", line 744, in do_action
    return action_cb_task.result()
           ^^^^^^^^^^^^^^^^^^^^^^^
  File "C:\Users\ivanu\AppData\Local\Programs\Python\Python311\Lib\site-packages\telegram\ext\_updater.py", line 371, in polling_action_cb
    updates = await self.bot.get_updates(
              ^^^^^^^^^^^^^^^^^^^^^^^^^^^
  File "C:\Users\ivanu\AppData\Local\Programs\Python\Python311\Lib\site-packages\telegram\ext\_extbot.py", line 650, in get_updates
    updates = await super().get_updates(
              ^^^^^^^^^^^^^^^^^^^^^^^^^^
  File "C:\Users\ivanu\AppData\Local\Programs\Python\Python311\Lib\site-packages\telegram\_bot.py", line 4480, in get_updates
    await self._post(
  File "C:\Users\ivanu\AppData\Local\Programs\Python\Python311\Lib\site-packages\telegram\_bot.py", line 619, in _post
    return await self._do_post(
           ^^^^^^^^^^^^^^^^^^^^
  File "C:\Users\ivanu\AppData\Local\Programs\Python\Python311\Lib\site-packages\telegram\ext\_extbot.py", line 354, in _do_post
    return await super()._do_post(
           ^^^^^^^^^^^^^^^^^^^^^^^
  File "C:\Users\ivanu\AppData\Local\Programs\Python\Python311\Lib\site-packages\telegram\_bot.py", line 648, in _do_post
    result = await request.post(
             ^^^^^^^^^^^^^^^^^^^
  File "C:\Users\ivanu\AppData\Local\Programs\Python\Python311\Lib\site-packages\telegram\request\_baserequest.py", line 202, in post
    result = await self._request_wrapper(
             ^^^^^^^^^^^^^^^^^^^^^^^^^^^^
  File "C:\Users\ivanu\AppData\Local\Programs\Python\Python311\Lib\site-packages\telegram\request\_baserequest.py", line 334, in _request_wrapper
    code, payload = await self.do_request(
                    ^^^^^^^^^^^^^^^^^^^^^^
  File "C:\Users\ivanu\AppData\Local\Programs\Python\Python311\Lib\site-packages\telegram\request\_httpxrequest.py", line 317, in do_request
    raise NetworkError(f"httpx.{err.__class__.__name__}: {err}") from err
telegram.error.NetworkError: httpx.ReadError: 
2026-03-21 09:33:00,255 INFO app.adapters.capture telegram polling started
2026-03-21 09:33:22,553 INFO app.adapters.capture telegram polling started
2026-03-21 09:33:24,203 INFO httpx HTTP Request: POST https://api.telegram.org/bot8790407909:AAGgUU-V77NroC4WdjDtYqB1fA8x-4yy0DA/getMe "HTTP/1.1 200 OK"
2026-03-21 09:33:24,205 INFO telegram.ext.Application Application started
2026-03-21 09:33:24,541 INFO httpx HTTP Request: POST https://api.telegram.org/bot8790407909:AAGgUU-V77NroC4WdjDtYqB1fA8x-4yy0DA/deleteWebhook "HTTP/1.1 200 OK"
2026-03-21 09:33:26,118 INFO httpx HTTP Request: POST https://api.telegram.org/bot8790407909:AAGgUU-V77NroC4WdjDtYqB1fA8x-4yy0DA/getUpdates "HTTP/1.1 200 OK"
2026-03-21 09:33:26,123 INFO app.adapters.capture telegram photo accepted
2026-03-21 09:33:26,560 INFO httpx HTTP Request: POST https://api.telegram.org/bot8790407909:AAGgUU-V77NroC4WdjDtYqB1fA8x-4yy0DA/getFile "HTTP/1.1 200 OK"
2026-03-21 09:33:27,278 INFO httpx HTTP Request: GET https://api.telegram.org/file/bot8790407909%3AAAGgUU-V77NroC4WdjDtYqB1fA8x-4yy0DA/photos/file_1.jpg "HTTP/1.1 200 OK"
2026-03-21 09:33:27,522 INFO app.orchestrator.pipeline task transition
2026-03-21 09:33:27,528 INFO app.orchestrator.pipeline task transition
2026-03-21 09:33:27,542 INFO app.orchestrator.pipeline task transition
2026-03-21 09:33:28,483 INFO app.orchestrator.pipeline task transition
2026-03-21 09:33:28,503 ERROR app.adapters.capture telegram update handler failed
Traceback (most recent call last):
  File "C:\Users\ivanu\AppData\Local\Programs\Python\Python311\Lib\site-packages\pytesseract\pytesseract.py", line 275, in run_tesseract
    proc = subprocess.Popen(cmd_args, **subprocess_args())
           ^^^^^^^^^^^^^^^^^^^^^^^^^^^^^^^^^^^^^^^^^^^^^^^
  File "C:\Users\ivanu\AppData\Local\Programs\Python\Python311\Lib\subprocess.py", line 1026, in __init__
    self._execute_child(args, executable, preexec_fn, close_fds,
  File "C:\Users\ivanu\AppData\Local\Programs\Python\Python311\Lib\subprocess.py", line 1538, in _execute_child
    hp, ht, pid, tid = _winapi.CreateProcess(executable, args,
                       ^^^^^^^^^^^^^^^^^^^^^^^^^^^^^^^^^^^^^^^
FileNotFoundError: [WinError 2] Не удается найти указанный файл

During handling of the above exception, another exception occurred:

Traceback (most recent call last):
  File "C:\Users\ivanu\OneDrive - ocsd5schools.org\Рабочий стол\BackUp\трейдинг\структуры\!полезное\mt5_god.exe\app\orchestrator\pipeline.py", line 65, in process_capture_event
    analysis_result = self.analyzer.analyze(capture_event)
                      ^^^^^^^^^^^^^^^^^^^^^^^^^^^^^^^^^^^^
  File "C:\Users\ivanu\OneDrive - ocsd5schools.org\Рабочий стол\BackUp\трейдинг\структуры\!полезное\mt5_god.exe\app\adapters\image_analyzer.py", line 209, in analyze
    ocr_text, ocr_lines = self._load_ocr_payload(image_path)
                          ^^^^^^^^^^^^^^^^^^^^^^^^^^^^^^^^^^
  File "C:\Users\ivanu\OneDrive - ocsd5schools.org\Рабочий стол\BackUp\трейдинг\структуры\!полезное\mt5_god.exe\app\adapters\image_analyzer.py", line 98, in _load_ocr_payload
    content = self._run_tesseract(image_path)
              ^^^^^^^^^^^^^^^^^^^^^^^^^^^^^^^
  File "C:\Users\ivanu\OneDrive - ocsd5schools.org\Рабочий стол\BackUp\трейдинг\структуры\!полезное\mt5_god.exe\app\adapters\image_analyzer.py", line 64, in _run_tesseract
    return pytesseract.image_to_string(Image.open(image_path))
           ^^^^^^^^^^^^^^^^^^^^^^^^^^^^^^^^^^^^^^^^^^^^^^^^^^^
  File "C:\Users\ivanu\AppData\Local\Programs\Python\Python311\Lib\site-packages\pytesseract\pytesseract.py", line 486, in image_to_string
    return {
           ^
  File "C:\Users\ivanu\AppData\Local\Programs\Python\Python311\Lib\site-packages\pytesseract\pytesseract.py", line 489, in <lambda>
    Output.STRING: lambda: run_and_get_output(*args),
                           ^^^^^^^^^^^^^^^^^^^^^^^^^
  File "C:\Users\ivanu\AppData\Local\Programs\Python\Python311\Lib\site-packages\pytesseract\pytesseract.py", line 352, in run_and_get_output
    run_tesseract(**kwargs)
  File "C:\Users\ivanu\AppData\Local\Programs\Python\Python311\Lib\site-packages\pytesseract\pytesseract.py", line 280, in run_tesseract
    raise TesseractNotFoundError()
pytesseract.pytesseract.TesseractNotFoundError: tesseract is not installed or it's not in your PATH. See README file for more information.

The above exception was the direct cause of the following exception:

Traceback (most recent call last):
  File "C:\Users\ivanu\AppData\Local\Programs\Python\Python311\Lib\site-packages\telegram\ext\_application.py", line 1325, in process_update
    await coroutine
  File "C:\Users\ivanu\AppData\Local\Programs\Python\Python311\Lib\site-packages\telegram\ext\_handlers\basehandler.py", line 158, in handle_update
    return await self.callback(update, context)
           ^^^^^^^^^^^^^^^^^^^^^^^^^^^^^^^^^^^^
  File "C:\Users\ivanu\OneDrive - ocsd5schools.org\Рабочий стол\BackUp\трейдинг\структуры\!полезное\mt5_god.exe\app\adapters\capture.py", line 264, in on_message
    result = handler(event)
             ^^^^^^^^^^^^^^
  File "C:\Users\ivanu\OneDrive - ocsd5schools.org\Рабочий стол\BackUp\трейдинг\структуры\!полезное\mt5_god.exe\app\orchestrator\pipeline.py", line 71, in process_capture_event
    raise AnalysisError(reason) from exc
app.domain.exceptions.AnalysisError: analysis error: tesseract is not installed or it's not in your PATH. See README file for more information.
2026-03-21 09:33:28,507 INFO app.adapters.capture telegram photo accepted
2026-03-21 09:33:28,859 INFO httpx HTTP Request: POST https://api.telegram.org/bot8790407909:AAGgUU-V77NroC4WdjDtYqB1fA8x-4yy0DA/getFile "HTTP/1.1 200 OK"
2026-03-21 09:33:29,433 INFO httpx HTTP Request: GET https://api.telegram.org/file/bot8790407909%3AAAGgUU-V77NroC4WdjDtYqB1fA8x-4yy0DA/photos/file_1.jpg "HTTP/1.1 200 OK"
2026-03-21 09:33:29,667 INFO app.orchestrator.pipeline task transition
2026-03-21 09:33:29,684 INFO app.orchestrator.pipeline task transition
2026-03-21 09:33:29,691 INFO app.orchestrator.pipeline task transition
2026-03-21 09:33:29,717 INFO app.orchestrator.pipeline task transition
2026-03-21 09:33:29,718 ERROR app.adapters.capture telegram update handler failed
Traceback (most recent call last):
  File "C:\Users\ivanu\AppData\Local\Programs\Python\Python311\Lib\site-packages\pytesseract\pytesseract.py", line 275, in run_tesseract
    proc = subprocess.Popen(cmd_args, **subprocess_args())
           ^^^^^^^^^^^^^^^^^^^^^^^^^^^^^^^^^^^^^^^^^^^^^^^
  File "C:\Users\ivanu\AppData\Local\Programs\Python\Python311\Lib\subprocess.py", line 1026, in __init__
    self._execute_child(args, executable, preexec_fn, close_fds,
  File "C:\Users\ivanu\AppData\Local\Programs\Python\Python311\Lib\subprocess.py", line 1538, in _execute_child
    hp, ht, pid, tid = _winapi.CreateProcess(executable, args,
                       ^^^^^^^^^^^^^^^^^^^^^^^^^^^^^^^^^^^^^^^
FileNotFoundError: [WinError 2] Не удается найти указанный файл

During handling of the above exception, another exception occurred:

Traceback (most recent call last):
  File "C:\Users\ivanu\OneDrive - ocsd5schools.org\Рабочий стол\BackUp\трейдинг\структуры\!полезное\mt5_god.exe\app\orchestrator\pipeline.py", line 65, in process_capture_event
    analysis_result = self.analyzer.analyze(capture_event)
                      ^^^^^^^^^^^^^^^^^^^^^^^^^^^^^^^^^^^^
  File "C:\Users\ivanu\OneDrive - ocsd5schools.org\Рабочий стол\BackUp\трейдинг\структуры\!полезное\mt5_god.exe\app\adapters\image_analyzer.py", line 209, in analyze
    ocr_text, ocr_lines = self._load_ocr_payload(image_path)
                          ^^^^^^^^^^^^^^^^^^^^^^^^^^^^^^^^^^
  File "C:\Users\ivanu\OneDrive - ocsd5schools.org\Рабочий стол\BackUp\трейдинг\структуры\!полезное\mt5_god.exe\app\adapters\image_analyzer.py", line 98, in _load_ocr_payload
    content = self._run_tesseract(image_path)
              ^^^^^^^^^^^^^^^^^^^^^^^^^^^^^^^
  File "C:\Users\ivanu\OneDrive - ocsd5schools.org\Рабочий стол\BackUp\трейдинг\структуры\!полезное\mt5_god.exe\app\adapters\image_analyzer.py", line 64, in _run_tesseract
    return pytesseract.image_to_string(Image.open(image_path))
           ^^^^^^^^^^^^^^^^^^^^^^^^^^^^^^^^^^^^^^^^^^^^^^^^^^^
  File "C:\Users\ivanu\AppData\Local\Programs\Python\Python311\Lib\site-packages\pytesseract\pytesseract.py", line 486, in image_to_string
    return {
           ^
  File "C:\Users\ivanu\AppData\Local\Programs\Python\Python311\Lib\site-packages\pytesseract\pytesseract.py", line 489, in <lambda>
    Output.STRING: lambda: run_and_get_output(*args),
                           ^^^^^^^^^^^^^^^^^^^^^^^^^
  File "C:\Users\ivanu\AppData\Local\Programs\Python\Python311\Lib\site-packages\pytesseract\pytesseract.py", line 352, in run_and_get_output
    run_tesseract(**kwargs)
  File "C:\Users\ivanu\AppData\Local\Programs\Python\Python311\Lib\site-packages\pytesseract\pytesseract.py", line 280, in run_tesseract
    raise TesseractNotFoundError()
pytesseract.pytesseract.TesseractNotFoundError: tesseract is not installed or it's not in your PATH. See README file for more information.

The above exception was the direct cause of the following exception:

Traceback (most recent call last):
  File "C:\Users\ivanu\AppData\Local\Programs\Python\Python311\Lib\site-packages\telegram\ext\_application.py", line 1325, in process_update
    await coroutine
  File "C:\Users\ivanu\AppData\Local\Programs\Python\Python311\Lib\site-packages\telegram\ext\_handlers\basehandler.py", line 158, in handle_update
    return await self.callback(update, context)
           ^^^^^^^^^^^^^^^^^^^^^^^^^^^^^^^^^^^^
  File "C:\Users\ivanu\OneDrive - ocsd5schools.org\Рабочий стол\BackUp\трейдинг\структуры\!полезное\mt5_god.exe\app\adapters\capture.py", line 264, in on_message
    result = handler(event)
             ^^^^^^^^^^^^^^
  File "C:\Users\ivanu\OneDrive - ocsd5schools.org\Рабочий стол\BackUp\трейдинг\структуры\!полезное\mt5_god.exe\app\orchestrator\pipeline.py", line 71, in process_capture_event
    raise AnalysisError(reason) from exc
app.domain.exceptions.AnalysisError: analysis error: tesseract is not installed or it's not in your PATH. See README file for more information.
2026-03-21 09:33:36,492 INFO httpx HTTP Request: POST https://api.telegram.org/bot8790407909:AAGgUU-V77NroC4WdjDtYqB1fA8x-4yy0DA/getUpdates "HTTP/1.1 200 OK"
2026-03-21 09:33:46,829 INFO httpx HTTP Request: POST https://api.telegram.org/bot8790407909:AAGgUU-V77NroC4WdjDtYqB1fA8x-4yy0DA/getUpdates "HTTP/1.1 200 OK"
2026-03-21 09:33:57,176 INFO httpx HTTP Request: POST https://api.telegram.org/bot8790407909:AAGgUU-V77NroC4WdjDtYqB1fA8x-4yy0DA/getUpdates "HTTP/1.1 200 OK"
2026-03-21 09:34:07,516 INFO httpx HTTP Request: POST https://api.telegram.org/bot8790407909:AAGgUU-V77NroC4WdjDtYqB1fA8x-4yy0DA/getUpdates "HTTP/1.1 200 OK"
2026-03-21 09:34:17,862 INFO httpx HTTP Request: POST https://api.telegram.org/bot8790407909:AAGgUU-V77NroC4WdjDtYqB1fA8x-4yy0DA/getUpdates "HTTP/1.1 200 OK"
2026-03-21 09:34:28,340 INFO httpx HTTP Request: POST https://api.telegram.org/bot8790407909:AAGgUU-V77NroC4WdjDtYqB1fA8x-4yy0DA/getUpdates "HTTP/1.1 200 OK"
2026-03-21 09:34:38,677 INFO httpx HTTP Request: POST https://api.telegram.org/bot8790407909:AAGgUU-V77NroC4WdjDtYqB1fA8x-4yy0DA/getUpdates "HTTP/1.1 200 OK"
2026-03-21 09:34:49,013 INFO httpx HTTP Request: POST https://api.telegram.org/bot8790407909:AAGgUU-V77NroC4WdjDtYqB1fA8x-4yy0DA/getUpdates "HTTP/1.1 200 OK"
2026-03-21 09:34:59,360 INFO httpx HTTP Request: POST https://api.telegram.org/bot8790407909:AAGgUU-V77NroC4WdjDtYqB1fA8x-4yy0DA/getUpdates "HTTP/1.1 200 OK"
2026-03-21 09:35:09,712 INFO httpx HTTP Request: POST https://api.telegram.org/bot8790407909:AAGgUU-V77NroC4WdjDtYqB1fA8x-4yy0DA/getUpdates "HTTP/1.1 200 OK"
2026-03-21 09:35:20,051 INFO httpx HTTP Request: POST https://api.telegram.org/bot8790407909:AAGgUU-V77NroC4WdjDtYqB1fA8x-4yy0DA/getUpdates "HTTP/1.1 200 OK"
2026-03-21 09:35:30,388 INFO httpx HTTP Request: POST https://api.telegram.org/bot8790407909:AAGgUU-V77NroC4WdjDtYqB1fA8x-4yy0DA/getUpdates "HTTP/1.1 200 OK"
2026-03-21 09:35:40,767 INFO httpx HTTP Request: POST https://api.telegram.org/bot8790407909:AAGgUU-V77NroC4WdjDtYqB1fA8x-4yy0DA/getUpdates "HTTP/1.1 200 OK"
2026-03-21 09:35:51,152 INFO httpx HTTP Request: POST https://api.telegram.org/bot8790407909:AAGgUU-V77NroC4WdjDtYqB1fA8x-4yy0DA/getUpdates "HTTP/1.1 200 OK"
2026-03-21 09:36:01,495 INFO httpx HTTP Request: POST https://api.telegram.org/bot8790407909:AAGgUU-V77NroC4WdjDtYqB1fA8x-4yy0DA/getUpdates "HTTP/1.1 200 OK"
2026-03-21 09:36:11,833 INFO httpx HTTP Request: POST https://api.telegram.org/bot8790407909:AAGgUU-V77NroC4WdjDtYqB1fA8x-4yy0DA/getUpdates "HTTP/1.1 200 OK"
2026-03-21 09:36:22,177 INFO httpx HTTP Request: POST https://api.telegram.org/bot8790407909:AAGgUU-V77NroC4WdjDtYqB1fA8x-4yy0DA/getUpdates "HTTP/1.1 200 OK"
2026-03-21 09:36:32,515 INFO httpx HTTP Request: POST https://api.telegram.org/bot8790407909:AAGgUU-V77NroC4WdjDtYqB1fA8x-4yy0DA/getUpdates "HTTP/1.1 200 OK"
2026-03-21 09:36:43,063 INFO httpx HTTP Request: POST https://api.telegram.org/bot8790407909:AAGgUU-V77NroC4WdjDtYqB1fA8x-4yy0DA/getUpdates "HTTP/1.1 200 OK"
2026-03-21 09:36:53,518 INFO httpx HTTP Request: POST https://api.telegram.org/bot8790407909:AAGgUU-V77NroC4WdjDtYqB1fA8x-4yy0DA/getUpdates "HTTP/1.1 200 OK"
2026-03-21 09:37:03,957 INFO httpx HTTP Request: POST https://api.telegram.org/bot8790407909:AAGgUU-V77NroC4WdjDtYqB1fA8x-4yy0DA/getUpdates "HTTP/1.1 200 OK"
2026-03-21 09:37:14,388 INFO httpx HTTP Request: POST https://api.telegram.org/bot8790407909:AAGgUU-V77NroC4WdjDtYqB1fA8x-4yy0DA/getUpdates "HTTP/1.1 200 OK"
2026-03-21 09:37:24,738 INFO httpx HTTP Request: POST https://api.telegram.org/bot8790407909:AAGgUU-V77NroC4WdjDtYqB1fA8x-4yy0DA/getUpdates "HTTP/1.1 200 OK"
2026-03-21 09:37:35,293 INFO httpx HTTP Request: POST https://api.telegram.org/bot8790407909:AAGgUU-V77NroC4WdjDtYqB1fA8x-4yy0DA/getUpdates "HTTP/1.1 200 OK"
2026-03-21 09:37:45,647 INFO httpx HTTP Request: POST https://api.telegram.org/bot8790407909:AAGgUU-V77NroC4WdjDtYqB1fA8x-4yy0DA/getUpdates "HTTP/1.1 200 OK"
2026-03-21 09:37:56,079 INFO httpx HTTP Request: POST https://api.telegram.org/bot8790407909:AAGgUU-V77NroC4WdjDtYqB1fA8x-4yy0DA/getUpdates "HTTP/1.1 200 OK"
2026-03-21 09:38:06,417 INFO httpx HTTP Request: POST https://api.telegram.org/bot8790407909:AAGgUU-V77NroC4WdjDtYqB1fA8x-4yy0DA/getUpdates "HTTP/1.1 200 OK"
2026-03-21 09:38:16,768 INFO httpx HTTP Request: POST https://api.telegram.org/bot8790407909:AAGgUU-V77NroC4WdjDtYqB1fA8x-4yy0DA/getUpdates "HTTP/1.1 200 OK"
2026-03-21 09:38:27,210 INFO httpx HTTP Request: POST https://api.telegram.org/bot8790407909:AAGgUU-V77NroC4WdjDtYqB1fA8x-4yy0DA/getUpdates "HTTP/1.1 200 OK"
2026-03-21 09:38:37,548 INFO httpx HTTP Request: POST https://api.telegram.org/bot8790407909:AAGgUU-V77NroC4WdjDtYqB1fA8x-4yy0DA/getUpdates "HTTP/1.1 200 OK"
2026-03-21 09:38:47,884 INFO httpx HTTP Request: POST https://api.telegram.org/bot8790407909:AAGgUU-V77NroC4WdjDtYqB1fA8x-4yy0DA/getUpdates "HTTP/1.1 200 OK"
2026-03-21 09:38:58,237 INFO httpx HTTP Request: POST https://api.telegram.org/bot8790407909:AAGgUU-V77NroC4WdjDtYqB1fA8x-4yy0DA/getUpdates "HTTP/1.1 200 OK"
2026-03-21 09:39:08,572 INFO httpx HTTP Request: POST https://api.telegram.org/bot8790407909:AAGgUU-V77NroC4WdjDtYqB1fA8x-4yy0DA/getUpdates "HTTP/1.1 200 OK"
2026-03-21 09:39:24,540 INFO app.adapters.capture telegram polling started
2026-03-21 09:39:26,228 INFO httpx HTTP Request: POST https://api.telegram.org/bot8790407909:AAGgUU-V77NroC4WdjDtYqB1fA8x-4yy0DA/getMe "HTTP/1.1 200 OK"
2026-03-21 09:39:26,230 INFO telegram.ext.Application Application started
2026-03-21 09:39:26,570 INFO httpx HTTP Request: POST https://api.telegram.org/bot8790407909:AAGgUU-V77NroC4WdjDtYqB1fA8x-4yy0DA/deleteWebhook "HTTP/1.1 200 OK"
2026-03-21 09:39:30,185 INFO httpx HTTP Request: POST https://api.telegram.org/bot8790407909:AAGgUU-V77NroC4WdjDtYqB1fA8x-4yy0DA/getUpdates "HTTP/1.1 200 OK"
2026-03-21 09:39:30,188 INFO app.adapters.capture telegram photo accepted
2026-03-21 09:39:30,551 INFO httpx HTTP Request: POST https://api.telegram.org/bot8790407909:AAGgUU-V77NroC4WdjDtYqB1fA8x-4yy0DA/getFile "HTTP/1.1 200 OK"
2026-03-21 09:39:31,113 INFO httpx HTTP Request: GET https://api.telegram.org/file/bot8790407909%3AAAGgUU-V77NroC4WdjDtYqB1fA8x-4yy0DA/photos/file_1.jpg "HTTP/1.1 200 OK"
2026-03-21 09:39:31,451 INFO app.orchestrator.pipeline task transition
2026-03-21 09:39:31,459 INFO app.orchestrator.pipeline task transition
2026-03-21 09:39:31,468 INFO app.orchestrator.pipeline task transition
2026-03-21 09:39:32,452 INFO app.orchestrator.pipeline task transition
2026-03-21 09:39:32,452 ERROR app.adapters.capture telegram update handler failed
Traceback (most recent call last):
  File "C:\Users\ivanu\AppData\Local\Programs\Python\Python311\Lib\site-packages\pytesseract\pytesseract.py", line 275, in run_tesseract
    proc = subprocess.Popen(cmd_args, **subprocess_args())
           ^^^^^^^^^^^^^^^^^^^^^^^^^^^^^^^^^^^^^^^^^^^^^^^
  File "C:\Users\ivanu\AppData\Local\Programs\Python\Python311\Lib\subprocess.py", line 1026, in __init__
    self._execute_child(args, executable, preexec_fn, close_fds,
  File "C:\Users\ivanu\AppData\Local\Programs\Python\Python311\Lib\subprocess.py", line 1538, in _execute_child
    hp, ht, pid, tid = _winapi.CreateProcess(executable, args,
                       ^^^^^^^^^^^^^^^^^^^^^^^^^^^^^^^^^^^^^^^
FileNotFoundError: [WinError 2] Не удается найти указанный файл

During handling of the above exception, another exception occurred:

Traceback (most recent call last):
  File "C:\Users\ivanu\OneDrive - ocsd5schools.org\Рабочий стол\BackUp\трейдинг\структуры\!полезное\mt5_god.exe\app\orchestrator\pipeline.py", line 65, in process_capture_event
    analysis_result = self.analyzer.analyze(capture_event)
                      ^^^^^^^^^^^^^^^^^^^^^^^^^^^^^^^^^^^^
  File "C:\Users\ivanu\OneDrive - ocsd5schools.org\Рабочий стол\BackUp\трейдинг\структуры\!полезное\mt5_god.exe\app\adapters\image_analyzer.py", line 209, in analyze
    ocr_text, ocr_lines = self._load_ocr_payload(image_path)
                          ^^^^^^^^^^^^^^^^^^^^^^^^^^^^^^^^^^
  File "C:\Users\ivanu\OneDrive - ocsd5schools.org\Рабочий стол\BackUp\трейдинг\структуры\!полезное\mt5_god.exe\app\adapters\image_analyzer.py", line 98, in _load_ocr_payload
    content = self._run_tesseract(image_path)
              ^^^^^^^^^^^^^^^^^^^^^^^^^^^^^^^
  File "C:\Users\ivanu\OneDrive - ocsd5schools.org\Рабочий стол\BackUp\трейдинг\структуры\!полезное\mt5_god.exe\app\adapters\image_analyzer.py", line 64, in _run_tesseract
    return pytesseract.image_to_string(Image.open(image_path))
           ^^^^^^^^^^^^^^^^^^^^^^^^^^^^^^^^^^^^^^^^^^^^^^^^^^^
  File "C:\Users\ivanu\AppData\Local\Programs\Python\Python311\Lib\site-packages\pytesseract\pytesseract.py", line 486, in image_to_string
    return {
           ^
  File "C:\Users\ivanu\AppData\Local\Programs\Python\Python311\Lib\site-packages\pytesseract\pytesseract.py", line 489, in <lambda>
    Output.STRING: lambda: run_and_get_output(*args),
                           ^^^^^^^^^^^^^^^^^^^^^^^^^
  File "C:\Users\ivanu\AppData\Local\Programs\Python\Python311\Lib\site-packages\pytesseract\pytesseract.py", line 352, in run_and_get_output
    run_tesseract(**kwargs)
  File "C:\Users\ivanu\AppData\Local\Programs\Python\Python311\Lib\site-packages\pytesseract\pytesseract.py", line 280, in run_tesseract
    raise TesseractNotFoundError()
pytesseract.pytesseract.TesseractNotFoundError: tesseract is not installed or it's not in your PATH. See README file for more information.

The above exception was the direct cause of the following exception:

Traceback (most recent call last):
  File "C:\Users\ivanu\AppData\Local\Programs\Python\Python311\Lib\site-packages\telegram\ext\_application.py", line 1325, in process_update
    await coroutine
  File "C:\Users\ivanu\AppData\Local\Programs\Python\Python311\Lib\site-packages\telegram\ext\_handlers\basehandler.py", line 158, in handle_update
    return await self.callback(update, context)
           ^^^^^^^^^^^^^^^^^^^^^^^^^^^^^^^^^^^^
  File "C:\Users\ivanu\OneDrive - ocsd5schools.org\Рабочий стол\BackUp\трейдинг\структуры\!полезное\mt5_god.exe\app\adapters\capture.py", line 264, in on_message
    result = handler(event)
             ^^^^^^^^^^^^^^
  File "C:\Users\ivanu\OneDrive - ocsd5schools.org\Рабочий стол\BackUp\трейдинг\структуры\!полезное\mt5_god.exe\app\orchestrator\pipeline.py", line 71, in process_capture_event
    raise AnalysisError(reason) from exc
app.domain.exceptions.AnalysisError: analysis error: tesseract is not installed or it's not in your PATH. See README file for more information.
2026-03-21 09:39:40,590 INFO httpx HTTP Request: POST https://api.telegram.org/bot8790407909:AAGgUU-V77NroC4WdjDtYqB1fA8x-4yy0DA/getUpdates "HTTP/1.1 200 OK"
2026-03-21 09:39:50,974 INFO httpx HTTP Request: POST https://api.telegram.org/bot8790407909:AAGgUU-V77NroC4WdjDtYqB1fA8x-4yy0DA/getUpdates "HTTP/1.1 200 OK"
2026-03-21 09:40:01,316 INFO httpx HTTP Request: POST https://api.telegram.org/bot8790407909:AAGgUU-V77NroC4WdjDtYqB1fA8x-4yy0DA/getUpdates "HTTP/1.1 200 OK"
2026-03-21 09:40:11,659 INFO httpx HTTP Request: POST https://api.telegram.org/bot8790407909:AAGgUU-V77NroC4WdjDtYqB1fA8x-4yy0DA/getUpdates "HTTP/1.1 200 OK"
2026-03-21 09:40:21,992 INFO httpx HTTP Request: POST https://api.telegram.org/bot8790407909:AAGgUU-V77NroC4WdjDtYqB1fA8x-4yy0DA/getUpdates "HTTP/1.1 200 OK"
2026-03-21 09:40:32,322 INFO httpx HTTP Request: POST https://api.telegram.org/bot8790407909:AAGgUU-V77NroC4WdjDtYqB1fA8x-4yy0DA/getUpdates "HTTP/1.1 200 OK"
2026-03-21 09:40:42,687 INFO httpx HTTP Request: POST https://api.telegram.org/bot8790407909:AAGgUU-V77NroC4WdjDtYqB1fA8x-4yy0DA/getUpdates "HTTP/1.1 200 OK"
2026-03-21 09:42:52,701 INFO app.adapters.capture telegram polling started
2026-03-21 09:42:54,307 INFO httpx HTTP Request: POST https://api.telegram.org/bot8790407909:AAGgUU-V77NroC4WdjDtYqB1fA8x-4yy0DA/getMe "HTTP/1.1 200 OK"
2026-03-21 09:42:54,308 INFO telegram.ext.Application Application started
2026-03-21 09:42:54,653 INFO httpx HTTP Request: POST https://api.telegram.org/bot8790407909:AAGgUU-V77NroC4WdjDtYqB1fA8x-4yy0DA/deleteWebhook "HTTP/1.1 200 OK"
2026-03-21 09:43:00,531 INFO httpx HTTP Request: POST https://api.telegram.org/bot8790407909:AAGgUU-V77NroC4WdjDtYqB1fA8x-4yy0DA/getUpdates "HTTP/1.1 200 OK"
2026-03-21 09:43:00,533 INFO app.adapters.capture telegram photo accepted
2026-03-21 09:43:02,193 INFO httpx HTTP Request: POST https://api.telegram.org/bot8790407909:AAGgUU-V77NroC4WdjDtYqB1fA8x-4yy0DA/getFile "HTTP/1.1 200 OK"
2026-03-21 09:43:02,536 INFO httpx HTTP Request: GET https://api.telegram.org/file/bot8790407909%3AAAGgUU-V77NroC4WdjDtYqB1fA8x-4yy0DA/photos/file_1.jpg "HTTP/1.1 200 OK"
2026-03-21 09:43:03,028 INFO app.orchestrator.pipeline task transition
2026-03-21 09:43:03,036 INFO app.orchestrator.pipeline task transition
2026-03-21 09:43:03,042 INFO app.orchestrator.pipeline task transition
2026-03-21 09:43:05,531 INFO app.orchestrator.pipeline task transition
2026-03-21 09:43:05,549 INFO app.orchestrator.pipeline task transition
2026-03-21 09:43:05,551 INFO app.orchestrator.pipeline task transition
2026-03-21 09:43:10,964 INFO httpx HTTP Request: POST https://api.telegram.org/bot8790407909:AAGgUU-V77NroC4WdjDtYqB1fA8x-4yy0DA/getUpdates "HTTP/1.1 200 OK"
2026-03-21 09:43:21,304 INFO httpx HTTP Request: POST https://api.telegram.org/bot8790407909:AAGgUU-V77NroC4WdjDtYqB1fA8x-4yy0DA/getUpdates "HTTP/1.1 200 OK"
2026-03-21 09:43:31,651 INFO httpx HTTP Request: POST https://api.telegram.org/bot8790407909:AAGgUU-V77NroC4WdjDtYqB1fA8x-4yy0DA/getUpdates "HTTP/1.1 200 OK"
2026-03-21 09:43:37,366 INFO httpx HTTP Request: POST https://api.telegram.org/bot8790407909:AAGgUU-V77NroC4WdjDtYqB1fA8x-4yy0DA/getUpdates "HTTP/1.1 200 OK"
2026-03-21 09:43:37,369 INFO app.adapters.capture telegram photo accepted
2026-03-21 09:43:38,922 INFO httpx HTTP Request: POST https://api.telegram.org/bot8790407909:AAGgUU-V77NroC4WdjDtYqB1fA8x-4yy0DA/getFile "HTTP/1.1 200 OK"
2026-03-21 09:43:39,540 INFO httpx HTTP Request: GET https://api.telegram.org/file/bot8790407909%3AAAGgUU-V77NroC4WdjDtYqB1fA8x-4yy0DA/photos/file_1.jpg "HTTP/1.1 200 OK"
2026-03-21 09:43:39,870 INFO app.orchestrator.pipeline task transition
2026-03-21 09:43:39,877 INFO app.orchestrator.pipeline task transition
2026-03-21 09:43:39,885 INFO app.orchestrator.pipeline task transition
2026-03-21 09:43:40,305 INFO app.orchestrator.pipeline task transition
2026-03-21 09:43:40,321 INFO app.orchestrator.pipeline task transition
2026-03-21 09:43:40,338 INFO app.orchestrator.pipeline task transition
2026-03-21 09:43:47,725 INFO httpx HTTP Request: POST https://api.telegram.org/bot8790407909:AAGgUU-V77NroC4WdjDtYqB1fA8x-4yy0DA/getUpdates "HTTP/1.1 200 OK"
2026-03-21 09:43:58,391 INFO httpx HTTP Request: POST https://api.telegram.org/bot8790407909:AAGgUU-V77NroC4WdjDtYqB1fA8x-4yy0DA/getUpdates "HTTP/1.1 200 OK"
2026-03-21 09:44:08,821 INFO httpx HTTP Request: POST https://api.telegram.org/bot8790407909:AAGgUU-V77NroC4WdjDtYqB1fA8x-4yy0DA/getUpdates "HTTP/1.1 200 OK"
2026-03-21 09:44:19,164 INFO httpx HTTP Request: POST https://api.telegram.org/bot8790407909:AAGgUU-V77NroC4WdjDtYqB1fA8x-4yy0DA/getUpdates "HTTP/1.1 200 OK"
2026-03-21 09:44:29,607 INFO httpx HTTP Request: POST https://api.telegram.org/bot8790407909:AAGgUU-V77NroC4WdjDtYqB1fA8x-4yy0DA/getUpdates "HTTP/1.1 200 OK"
2026-03-21 09:46:55,803 WARNING app.adapters.image_analyzer tesseract executable not available, falling back to alternative OCR
2026-03-21 09:48:25,035 INFO app.adapters.capture telegram polling started
2026-03-21 09:48:26,638 INFO httpx HTTP Request: POST https://api.telegram.org/bot8790407909:AAGgUU-V77NroC4WdjDtYqB1fA8x-4yy0DA/getMe "HTTP/1.1 200 OK"
2026-03-21 09:48:26,638 INFO telegram.ext.Application Application started
2026-03-21 09:48:26,999 INFO httpx HTTP Request: POST https://api.telegram.org/bot8790407909:AAGgUU-V77NroC4WdjDtYqB1fA8x-4yy0DA/deleteWebhook "HTTP/1.1 200 OK"
2026-03-21 09:48:34,253 INFO app.adapters.capture telegram polling started
2026-03-21 09:48:35,895 INFO httpx HTTP Request: POST https://api.telegram.org/bot8790407909:AAGgUU-V77NroC4WdjDtYqB1fA8x-4yy0DA/getMe "HTTP/1.1 200 OK"
2026-03-21 09:48:35,896 INFO telegram.ext.Application Application started
2026-03-21 09:48:36,219 INFO httpx HTTP Request: POST https://api.telegram.org/bot8790407909:AAGgUU-V77NroC4WdjDtYqB1fA8x-4yy0DA/deleteWebhook "HTTP/1.1 200 OK"
2026-03-21 09:48:40,960 INFO httpx HTTP Request: POST https://api.telegram.org/bot8790407909:AAGgUU-V77NroC4WdjDtYqB1fA8x-4yy0DA/getUpdates "HTTP/1.1 200 OK"
2026-03-21 09:48:40,962 INFO app.adapters.capture telegram photo accepted
2026-03-21 09:48:41,288 INFO httpx HTTP Request: POST https://api.telegram.org/bot8790407909:AAGgUU-V77NroC4WdjDtYqB1fA8x-4yy0DA/getFile "HTTP/1.1 200 OK"
2026-03-21 09:48:41,829 INFO httpx HTTP Request: GET https://api.telegram.org/file/bot8790407909%3AAAGgUU-V77NroC4WdjDtYqB1fA8x-4yy0DA/photos/file_1.jpg "HTTP/1.1 200 OK"
2026-03-21 09:48:42,155 INFO app.orchestrator.pipeline task transition
2026-03-21 09:48:42,167 INFO app.orchestrator.pipeline task transition
2026-03-21 09:48:42,176 INFO app.orchestrator.pipeline task transition
2026-03-21 09:48:43,185 INFO app.orchestrator.pipeline task transition
2026-03-21 09:48:43,193 INFO app.orchestrator.pipeline task transition
2026-03-21 09:48:43,209 INFO app.orchestrator.pipeline task transition
2026-03-21 09:48:43,269 INFO app.orchestrator.pipeline task transition
2026-03-21 09:48:44,155 INFO app.orchestrator.pipeline task transition
2026-03-21 09:48:51,346 INFO httpx HTTP Request: POST https://api.telegram.org/bot8790407909:AAGgUU-V77NroC4WdjDtYqB1fA8x-4yy0DA/getUpdates "HTTP/1.1 200 OK"
2026-03-21 09:49:01,707 INFO httpx HTTP Request: POST https://api.telegram.org/bot8790407909:AAGgUU-V77NroC4WdjDtYqB1fA8x-4yy0DA/getUpdates "HTTP/1.1 200 OK"
2026-03-21 09:55:54,897 INFO app.adapters.capture telegram polling started
2026-03-21 09:55:56,468 INFO httpx HTTP Request: POST https://api.telegram.org/bot8790407909:AAGgUU-V77NroC4WdjDtYqB1fA8x-4yy0DA/getMe "HTTP/1.1 200 OK"
2026-03-21 09:55:56,470 INFO telegram.ext.Application Application started
2026-03-21 09:55:56,823 INFO httpx HTTP Request: POST https://api.telegram.org/bot8790407909:AAGgUU-V77NroC4WdjDtYqB1fA8x-4yy0DA/deleteWebhook "HTTP/1.1 200 OK"
2026-03-21 09:56:00,991 INFO httpx HTTP Request: POST https://api.telegram.org/bot8790407909:AAGgUU-V77NroC4WdjDtYqB1fA8x-4yy0DA/getUpdates "HTTP/1.1 200 OK"
2026-03-21 09:56:00,994 INFO app.adapters.capture telegram photo accepted
2026-03-21 09:56:01,312 INFO httpx HTTP Request: POST https://api.telegram.org/bot8790407909:AAGgUU-V77NroC4WdjDtYqB1fA8x-4yy0DA/getFile "HTTP/1.1 200 OK"
2026-03-21 09:56:01,945 INFO httpx HTTP Request: GET https://api.telegram.org/file/bot8790407909%3AAAGgUU-V77NroC4WdjDtYqB1fA8x-4yy0DA/photos/file_1.jpg "HTTP/1.1 200 OK"
2026-03-21 09:56:02,218 INFO app.orchestrator.pipeline task transition
2026-03-21 09:56:02,229 INFO app.orchestrator.pipeline task transition
2026-03-21 09:56:02,237 INFO app.orchestrator.pipeline task transition
2026-03-21 09:56:03,585 INFO app.orchestrator.pipeline task transition
2026-03-21 09:56:03,601 INFO app.orchestrator.pipeline task transition
2026-03-21 09:56:03,620 INFO app.orchestrator.pipeline task transition
2026-03-21 09:56:03,630 INFO app.orchestrator.pipeline task transition
2026-03-21 09:56:07,040 INFO app.adapters.executor mt5 window activated
2026-03-21 09:56:07,448 INFO app.adapters.executor using current terminal account
2026-03-21 09:56:11,139 INFO app.adapters.executor mt5 window activated
2026-03-21 09:56:11,414 INFO app.orchestrator.pipeline task transition
2026-03-21 09:56:11,421 INFO httpx HTTP Request: POST https://api.telegram.org/bot8790407909:AAGgUU-V77NroC4WdjDtYqB1fA8x-4yy0DA/getUpdates "HTTP/1.1 200 OK"
2026-03-21 09:56:21,760 INFO httpx HTTP Request: POST https://api.telegram.org/bot8790407909:AAGgUU-V77NroC4WdjDtYqB1fA8x-4yy0DA/getUpdates "HTTP/1.1 200 OK"
2026-03-21 10:18:50,981 INFO app.adapters.capture telegram polling started
2026-03-21 10:18:52,604 INFO httpx HTTP Request: POST https://api.telegram.org/bot8790407909:AAGgUU-V77NroC4WdjDtYqB1fA8x-4yy0DA/getMe "HTTP/1.1 200 OK"
2026-03-21 10:18:52,606 INFO telegram.ext.Application Application started
2026-03-21 10:18:52,926 INFO httpx HTTP Request: POST https://api.telegram.org/bot8790407909:AAGgUU-V77NroC4WdjDtYqB1fA8x-4yy0DA/deleteWebhook "HTTP/1.1 200 OK"
2026-03-21 10:18:56,954 INFO httpx HTTP Request: POST https://api.telegram.org/bot8790407909:AAGgUU-V77NroC4WdjDtYqB1fA8x-4yy0DA/getUpdates "HTTP/1.1 200 OK"
2026-03-21 10:18:56,956 INFO app.adapters.capture telegram photo accepted
2026-03-21 10:18:57,283 INFO httpx HTTP Request: POST https://api.telegram.org/bot8790407909:AAGgUU-V77NroC4WdjDtYqB1fA8x-4yy0DA/getFile "HTTP/1.1 200 OK"
2026-03-21 10:18:57,912 INFO httpx HTTP Request: GET https://api.telegram.org/file/bot8790407909%3AAAGgUU-V77NroC4WdjDtYqB1fA8x-4yy0DA/photos/file_1.jpg "HTTP/1.1 200 OK"
2026-03-21 10:18:58,248 INFO app.orchestrator.pipeline task transition
2026-03-21 10:18:58,251 INFO app.orchestrator.pipeline task transition
2026-03-21 10:18:58,260 INFO app.orchestrator.pipeline task transition
2026-03-21 10:18:59,649 INFO app.orchestrator.pipeline task transition
2026-03-21 10:18:59,657 INFO app.orchestrator.pipeline task transition
2026-03-21 10:18:59,669 INFO app.orchestrator.pipeline task transition
2026-03-21 10:18:59,676 INFO app.orchestrator.pipeline task transition
2026-03-21 10:19:02,581 INFO app.adapters.executor mt5 window activated
2026-03-21 10:19:02,972 INFO app.adapters.executor using current terminal account
2026-03-21 10:19:06,625 INFO app.adapters.executor mt5 window activated
2026-03-21 10:19:06,888 INFO app.orchestrator.pipeline task transition
2026-03-21 10:19:07,301 INFO httpx HTTP Request: POST https://api.telegram.org/bot8790407909:AAGgUU-V77NroC4WdjDtYqB1fA8x-4yy0DA/getUpdates "HTTP/1.1 200 OK"
2026-03-21 10:19:17,655 INFO httpx HTTP Request: POST https://api.telegram.org/bot8790407909:AAGgUU-V77NroC4WdjDtYqB1fA8x-4yy0DA/getUpdates "HTTP/1.1 200 OK"
2026-03-21 10:19:28,015 INFO httpx HTTP Request: POST https://api.telegram.org/bot8790407909:AAGgUU-V77NroC4WdjDtYqB1fA8x-4yy0DA/getUpdates "HTTP/1.1 200 OK"
2026-03-21 10:23:08,273 INFO app.adapters.capture telegram polling started
2026-03-21 10:23:09,827 INFO httpx HTTP Request: POST https://api.telegram.org/bot8790407909:AAGgUU-V77NroC4WdjDtYqB1fA8x-4yy0DA/getMe "HTTP/1.1 200 OK"
2026-03-21 10:23:09,831 INFO telegram.ext.Application Application started
2026-03-21 10:23:10,166 INFO httpx HTTP Request: POST https://api.telegram.org/bot8790407909:AAGgUU-V77NroC4WdjDtYqB1fA8x-4yy0DA/deleteWebhook "HTTP/1.1 200 OK"
2026-03-21 10:23:15,311 INFO httpx HTTP Request: POST https://api.telegram.org/bot8790407909:AAGgUU-V77NroC4WdjDtYqB1fA8x-4yy0DA/getUpdates "HTTP/1.1 200 OK"
2026-03-21 10:23:15,313 INFO app.adapters.capture telegram photo accepted
2026-03-21 10:23:18,763 INFO httpx HTTP Request: POST https://api.telegram.org/bot8790407909:AAGgUU-V77NroC4WdjDtYqB1fA8x-4yy0DA/getFile "HTTP/1.1 200 OK"
2026-03-21 10:23:19,228 INFO httpx HTTP Request: GET https://api.telegram.org/file/bot8790407909%3AAAGgUU-V77NroC4WdjDtYqB1fA8x-4yy0DA/photos/file_1.jpg "HTTP/1.1 200 OK"
2026-03-21 10:23:19,470 INFO app.orchestrator.pipeline task transition
2026-03-21 10:23:19,470 INFO app.orchestrator.pipeline task transition
2026-03-21 10:23:19,489 INFO app.orchestrator.pipeline task transition
2026-03-21 10:23:20,806 INFO app.orchestrator.pipeline task transition
2026-03-21 10:23:20,807 INFO app.orchestrator.pipeline task transition
2026-03-21 10:23:20,825 INFO app.orchestrator.pipeline task transition
2026-03-21 10:23:20,834 INFO app.orchestrator.pipeline task transition
2026-03-21 10:23:23,752 INFO app.adapters.executor mt5 window activated
2026-03-21 10:23:24,117 INFO app.adapters.executor using current terminal account
2026-03-21 10:23:24,117 INFO app.adapters.executor using symbol template lookup
2026-03-21 10:23:27,206 INFO app.adapters.executor mt5 window activated
2026-03-21 10:23:27,469 INFO app.orchestrator.pipeline task transition
2026-03-21 10:23:27,469 INFO httpx HTTP Request: POST https://api.telegram.org/bot8790407909:AAGgUU-V77NroC4WdjDtYqB1fA8x-4yy0DA/getUpdates "HTTP/1.1 200 OK"
2026-03-21 10:23:37,240 INFO httpx HTTP Request: POST https://api.telegram.org/bot8790407909:AAGgUU-V77NroC4WdjDtYqB1fA8x-4yy0DA/getUpdates "HTTP/1.1 200 OK"
2026-03-21 10:23:37,243 INFO app.adapters.capture telegram photo accepted
2026-03-21 10:23:38,826 INFO httpx HTTP Request: POST https://api.telegram.org/bot8790407909:AAGgUU-V77NroC4WdjDtYqB1fA8x-4yy0DA/getFile "HTTP/1.1 200 OK"
2026-03-21 10:23:39,413 INFO httpx HTTP Request: GET https://api.telegram.org/file/bot8790407909%3AAAGgUU-V77NroC4WdjDtYqB1fA8x-4yy0DA/photos/file_1.jpg "HTTP/1.1 200 OK"
2026-03-21 10:23:39,653 INFO app.orchestrator.pipeline task transition
2026-03-21 10:23:39,661 INFO app.orchestrator.pipeline task transition
2026-03-21 10:23:39,669 INFO app.orchestrator.pipeline task transition
2026-03-21 10:23:40,045 INFO app.orchestrator.pipeline task transition
2026-03-21 10:23:40,053 INFO app.orchestrator.pipeline task transition
2026-03-21 10:23:40,068 INFO app.orchestrator.pipeline task transition
2026-03-21 10:23:40,076 INFO app.orchestrator.pipeline task transition
2026-03-21 10:23:42,903 INFO app.adapters.executor mt5 window activated
2026-03-21 10:23:43,005 INFO app.adapters.executor using current terminal account
2026-03-21 10:23:43,005 INFO app.adapters.executor using symbol template lookup
2026-03-21 10:23:45,913 INFO app.adapters.executor optional anchor skipped
2026-03-21 10:23:49,108 INFO app.adapters.executor mt5 window activated
2026-03-21 10:23:49,390 INFO app.orchestrator.pipeline task transition
2026-03-21 10:23:49,390 INFO httpx HTTP Request: POST https://api.telegram.org/bot8790407909:AAGgUU-V77NroC4WdjDtYqB1fA8x-4yy0DA/getUpdates "HTTP/1.1 200 OK"
2026-03-21 10:23:59,791 INFO httpx HTTP Request: POST https://api.telegram.org/bot8790407909:AAGgUU-V77NroC4WdjDtYqB1fA8x-4yy0DA/getUpdates "HTTP/1.1 200 OK"
2026-03-21 10:24:10,237 INFO httpx HTTP Request: POST https://api.telegram.org/bot8790407909:AAGgUU-V77NroC4WdjDtYqB1fA8x-4yy0DA/getUpdates "HTTP/1.1 200 OK"
2026-03-21 10:24:20,584 INFO httpx HTTP Request: POST https://api.telegram.org/bot8790407909:AAGgUU-V77NroC4WdjDtYqB1fA8x-4yy0DA/getUpdates "HTTP/1.1 200 OK"
2026-03-21 10:24:30,922 INFO httpx HTTP Request: POST https://api.telegram.org/bot8790407909:AAGgUU-V77NroC4WdjDtYqB1fA8x-4yy0DA/getUpdates "HTTP/1.1 200 OK"
2026-03-21 10:24:41,365 INFO httpx HTTP Request: POST https://api.telegram.org/bot8790407909:AAGgUU-V77NroC4WdjDtYqB1fA8x-4yy0DA/getUpdates "HTTP/1.1 200 OK"
2026-03-21 10:24:51,757 INFO httpx HTTP Request: POST https://api.telegram.org/bot8790407909:AAGgUU-V77NroC4WdjDtYqB1fA8x-4yy0DA/getUpdates "HTTP/1.1 200 OK"
2026-03-21 10:25:02,151 INFO httpx HTTP Request: POST https://api.telegram.org/bot8790407909:AAGgUU-V77NroC4WdjDtYqB1fA8x-4yy0DA/getUpdates "HTTP/1.1 200 OK"
2026-03-21 10:25:12,494 INFO httpx HTTP Request: POST https://api.telegram.org/bot8790407909:AAGgUU-V77NroC4WdjDtYqB1fA8x-4yy0DA/getUpdates "HTTP/1.1 200 OK"
2026-03-21 10:25:23,030 INFO httpx HTTP Request: POST https://api.telegram.org/bot8790407909:AAGgUU-V77NroC4WdjDtYqB1fA8x-4yy0DA/getUpdates "HTTP/1.1 200 OK"
2026-03-21 10:25:33,367 INFO httpx HTTP Request: POST https://api.telegram.org/bot8790407909:AAGgUU-V77NroC4WdjDtYqB1fA8x-4yy0DA/getUpdates "HTTP/1.1 200 OK"
2026-03-21 10:25:43,725 INFO httpx HTTP Request: POST https://api.telegram.org/bot8790407909:AAGgUU-V77NroC4WdjDtYqB1fA8x-4yy0DA/getUpdates "HTTP/1.1 200 OK"
2026-03-21 10:25:54,070 INFO httpx HTTP Request: POST https://api.telegram.org/bot8790407909:AAGgUU-V77NroC4WdjDtYqB1fA8x-4yy0DA/getUpdates "HTTP/1.1 200 OK"
2026-03-21 10:26:04,411 INFO httpx HTTP Request: POST https://api.telegram.org/bot8790407909:AAGgUU-V77NroC4WdjDtYqB1fA8x-4yy0DA/getUpdates "HTTP/1.1 200 OK"
2026-03-21 10:26:14,783 INFO httpx HTTP Request: POST https://api.telegram.org/bot8790407909:AAGgUU-V77NroC4WdjDtYqB1fA8x-4yy0DA/getUpdates "HTTP/1.1 200 OK"
2026-03-21 10:26:25,197 INFO httpx HTTP Request: POST https://api.telegram.org/bot8790407909:AAGgUU-V77NroC4WdjDtYqB1fA8x-4yy0DA/getUpdates "HTTP/1.1 200 OK"
2026-03-21 10:26:35,546 INFO httpx HTTP Request: POST https://api.telegram.org/bot8790407909:AAGgUU-V77NroC4WdjDtYqB1fA8x-4yy0DA/getUpdates "HTTP/1.1 200 OK"
2026-03-21 10:26:45,887 INFO httpx HTTP Request: POST https://api.telegram.org/bot8790407909:AAGgUU-V77NroC4WdjDtYqB1fA8x-4yy0DA/getUpdates "HTTP/1.1 200 OK"
2026-03-21 10:26:56,431 INFO httpx HTTP Request: POST https://api.telegram.org/bot8790407909:AAGgUU-V77NroC4WdjDtYqB1fA8x-4yy0DA/getUpdates "HTTP/1.1 200 OK"
2026-03-21 10:27:06,877 INFO httpx HTTP Request: POST https://api.telegram.org/bot8790407909:AAGgUU-V77NroC4WdjDtYqB1fA8x-4yy0DA/getUpdates "HTTP/1.1 200 OK"
2026-03-21 10:27:17,220 INFO httpx HTTP Request: POST https://api.telegram.org/bot8790407909:AAGgUU-V77NroC4WdjDtYqB1fA8x-4yy0DA/getUpdates "HTTP/1.1 200 OK"
2026-03-21 10:27:27,666 INFO httpx HTTP Request: POST https://api.telegram.org/bot8790407909:AAGgUU-V77NroC4WdjDtYqB1fA8x-4yy0DA/getUpdates "HTTP/1.1 200 OK"
2026-03-21 10:27:38,003 INFO httpx HTTP Request: POST https://api.telegram.org/bot8790407909:AAGgUU-V77NroC4WdjDtYqB1fA8x-4yy0DA/getUpdates "HTTP/1.1 200 OK"
2026-03-21 10:27:48,340 INFO httpx HTTP Request: POST https://api.telegram.org/bot8790407909:AAGgUU-V77NroC4WdjDtYqB1fA8x-4yy0DA/getUpdates "HTTP/1.1 200 OK"
2026-03-21 10:27:58,797 INFO httpx HTTP Request: POST https://api.telegram.org/bot8790407909:AAGgUU-V77NroC4WdjDtYqB1fA8x-4yy0DA/getUpdates "HTTP/1.1 200 OK"
2026-03-21 10:28:09,139 INFO httpx HTTP Request: POST https://api.telegram.org/bot8790407909:AAGgUU-V77NroC4WdjDtYqB1fA8x-4yy0DA/getUpdates "HTTP/1.1 200 OK"
2026-03-21 10:28:19,478 INFO httpx HTTP Request: POST https://api.telegram.org/bot8790407909:AAGgUU-V77NroC4WdjDtYqB1fA8x-4yy0DA/getUpdates "HTTP/1.1 200 OK"
2026-03-21 10:28:29,922 INFO httpx HTTP Request: POST https://api.telegram.org/bot8790407909:AAGgUU-V77NroC4WdjDtYqB1fA8x-4yy0DA/getUpdates "HTTP/1.1 200 OK"
2026-03-21 10:28:40,262 INFO httpx HTTP Request: POST https://api.telegram.org/bot8790407909:AAGgUU-V77NroC4WdjDtYqB1fA8x-4yy0DA/getUpdates "HTTP/1.1 200 OK"
2026-03-21 10:28:50,601 INFO httpx HTTP Request: POST https://api.telegram.org/bot8790407909:AAGgUU-V77NroC4WdjDtYqB1fA8x-4yy0DA/getUpdates "HTTP/1.1 200 OK"
2026-03-21 10:29:01,258 INFO httpx HTTP Request: POST https://api.telegram.org/bot8790407909:AAGgUU-V77NroC4WdjDtYqB1fA8x-4yy0DA/getUpdates "HTTP/1.1 200 OK"
2026-03-21 10:29:11,703 INFO httpx HTTP Request: POST https://api.telegram.org/bot8790407909:AAGgUU-V77NroC4WdjDtYqB1fA8x-4yy0DA/getUpdates "HTTP/1.1 200 OK"
2026-03-21 10:29:22,149 INFO httpx HTTP Request: POST https://api.telegram.org/bot8790407909:AAGgUU-V77NroC4WdjDtYqB1fA8x-4yy0DA/getUpdates "HTTP/1.1 200 OK"
2026-03-21 10:29:32,493 INFO httpx HTTP Request: POST https://api.telegram.org/bot8790407909:AAGgUU-V77NroC4WdjDtYqB1fA8x-4yy0DA/getUpdates "HTTP/1.1 200 OK"
2026-03-21 10:29:42,935 INFO httpx HTTP Request: POST https://api.telegram.org/bot8790407909:AAGgUU-V77NroC4WdjDtYqB1fA8x-4yy0DA/getUpdates "HTTP/1.1 200 OK"
2026-03-21 10:29:53,381 INFO httpx HTTP Request: POST https://api.telegram.org/bot8790407909:AAGgUU-V77NroC4WdjDtYqB1fA8x-4yy0DA/getUpdates "HTTP/1.1 200 OK"
2026-03-21 10:30:03,796 INFO httpx HTTP Request: POST https://api.telegram.org/bot8790407909:AAGgUU-V77NroC4WdjDtYqB1fA8x-4yy0DA/getUpdates "HTTP/1.1 200 OK"
2026-03-21 10:30:14,270 INFO httpx HTTP Request: POST https://api.telegram.org/bot8790407909:AAGgUU-V77NroC4WdjDtYqB1fA8x-4yy0DA/getUpdates "HTTP/1.1 200 OK"
2026-03-21 10:30:24,715 INFO httpx HTTP Request: POST https://api.telegram.org/bot8790407909:AAGgUU-V77NroC4WdjDtYqB1fA8x-4yy0DA/getUpdates "HTTP/1.1 200 OK"
2026-03-21 10:30:35,156 INFO httpx HTTP Request: POST https://api.telegram.org/bot8790407909:AAGgUU-V77NroC4WdjDtYqB1fA8x-4yy0DA/getUpdates "HTTP/1.1 200 OK"
2026-03-21 10:30:46,514 INFO httpx HTTP Request: POST https://api.telegram.org/bot8790407909:AAGgUU-V77NroC4WdjDtYqB1fA8x-4yy0DA/getUpdates "HTTP/1.1 200 OK"
2026-03-21 10:30:56,888 INFO httpx HTTP Request: POST https://api.telegram.org/bot8790407909:AAGgUU-V77NroC4WdjDtYqB1fA8x-4yy0DA/getUpdates "HTTP/1.1 200 OK"
2026-03-21 10:31:07,294 INFO httpx HTTP Request: POST https://api.telegram.org/bot8790407909:AAGgUU-V77NroC4WdjDtYqB1fA8x-4yy0DA/getUpdates "HTTP/1.1 200 OK"
2026-03-21 10:31:17,672 INFO httpx HTTP Request: POST https://api.telegram.org/bot8790407909:AAGgUU-V77NroC4WdjDtYqB1fA8x-4yy0DA/getUpdates "HTTP/1.1 200 OK"
2026-03-21 10:31:28,524 INFO httpx HTTP Request: POST https://api.telegram.org/bot8790407909:AAGgUU-V77NroC4WdjDtYqB1fA8x-4yy0DA/getUpdates "HTTP/1.1 200 OK"
2026-03-21 10:31:38,912 INFO httpx HTTP Request: POST https://api.telegram.org/bot8790407909:AAGgUU-V77NroC4WdjDtYqB1fA8x-4yy0DA/getUpdates "HTTP/1.1 200 OK"
2026-03-21 10:31:49,291 INFO httpx HTTP Request: POST https://api.telegram.org/bot8790407909:AAGgUU-V77NroC4WdjDtYqB1fA8x-4yy0DA/getUpdates "HTTP/1.1 200 OK"
2026-03-21 10:32:00,126 INFO httpx HTTP Request: POST https://api.telegram.org/bot8790407909:AAGgUU-V77NroC4WdjDtYqB1fA8x-4yy0DA/getUpdates "HTTP/1.1 200 OK"
2026-03-21 10:32:10,512 INFO httpx HTTP Request: POST https://api.telegram.org/bot8790407909:AAGgUU-V77NroC4WdjDtYqB1fA8x-4yy0DA/getUpdates "HTTP/1.1 200 OK"
2026-03-21 10:32:20,898 INFO httpx HTTP Request: POST https://api.telegram.org/bot8790407909:AAGgUU-V77NroC4WdjDtYqB1fA8x-4yy0DA/getUpdates "HTTP/1.1 200 OK"
2026-03-21 10:32:31,913 INFO app.adapters.capture telegram polling started
2026-03-21 10:32:34,662 INFO httpx HTTP Request: POST https://api.telegram.org/bot8790407909:AAGgUU-V77NroC4WdjDtYqB1fA8x-4yy0DA/getMe "HTTP/1.1 200 OK"
2026-03-21 10:32:34,663 INFO telegram.ext.Application Application started
2026-03-21 10:32:35,618 INFO httpx HTTP Request: POST https://api.telegram.org/bot8790407909:AAGgUU-V77NroC4WdjDtYqB1fA8x-4yy0DA/deleteWebhook "HTTP/1.1 200 OK"
2026-03-21 10:32:48,076 INFO httpx HTTP Request: POST https://api.telegram.org/bot8790407909:AAGgUU-V77NroC4WdjDtYqB1fA8x-4yy0DA/getUpdates "HTTP/1.1 200 OK"
2026-03-21 10:32:50,316 INFO httpx HTTP Request: POST https://api.telegram.org/bot8790407909:AAGgUU-V77NroC4WdjDtYqB1fA8x-4yy0DA/getUpdates "HTTP/1.1 200 OK"
2026-03-21 10:32:50,318 INFO app.adapters.capture telegram photo accepted
2026-03-21 10:33:00,699 INFO httpx HTTP Request: POST https://api.telegram.org/bot8790407909:AAGgUU-V77NroC4WdjDtYqB1fA8x-4yy0DA/getUpdates "HTTP/1.1 200 OK"
2026-03-21 10:33:06,544 INFO httpx HTTP Request: POST https://api.telegram.org/bot8790407909:AAGgUU-V77NroC4WdjDtYqB1fA8x-4yy0DA/getFile "HTTP/1.1 200 OK"
2026-03-21 10:33:07,124 INFO httpx HTTP Request: GET https://api.telegram.org/file/bot8790407909%3AAAGgUU-V77NroC4WdjDtYqB1fA8x-4yy0DA/photos/file_1.jpg "HTTP/1.1 200 OK"
2026-03-21 10:33:07,495 INFO app.orchestrator.pipeline task transition
2026-03-21 10:33:07,500 INFO app.orchestrator.pipeline task transition
2026-03-21 10:33:07,508 INFO app.orchestrator.pipeline task transition
2026-03-21 10:33:08,863 INFO app.orchestrator.pipeline task transition
2026-03-21 10:33:08,871 INFO app.orchestrator.pipeline task transition
2026-03-21 10:33:08,887 INFO app.orchestrator.pipeline task transition
2026-03-21 10:33:08,893 INFO app.orchestrator.pipeline task transition
2026-03-21 10:33:11,812 INFO app.adapters.executor mt5 window activated
2026-03-21 10:33:12,176 INFO app.adapters.executor using current terminal account
2026-03-21 10:33:12,176 INFO app.adapters.executor using symbol template lookup
2026-03-21 10:33:15,259 INFO app.adapters.executor mt5 window activated
2026-03-21 10:33:15,485 INFO app.orchestrator.pipeline task transition
2026-03-21 10:33:15,489 INFO httpx HTTP Request: POST https://api.telegram.org/bot8790407909:AAGgUU-V77NroC4WdjDtYqB1fA8x-4yy0DA/getUpdates "HTTP/1.1 200 OK"
2026-03-21 10:33:25,830 INFO httpx HTTP Request: POST https://api.telegram.org/bot8790407909:AAGgUU-V77NroC4WdjDtYqB1fA8x-4yy0DA/getUpdates "HTTP/1.1 200 OK"
2026-03-21 10:33:36,204 INFO httpx HTTP Request: POST https://api.telegram.org/bot8790407909:AAGgUU-V77NroC4WdjDtYqB1fA8x-4yy0DA/getUpdates "HTTP/1.1 200 OK"
2026-03-21 10:33:44,916 INFO httpx HTTP Request: POST https://api.telegram.org/bot8790407909:AAGgUU-V77NroC4WdjDtYqB1fA8x-4yy0DA/getUpdates "HTTP/1.1 200 OK"
2026-03-21 10:33:44,916 INFO telegram.ext.Application Application is stopping. This might take a moment.
2026-03-21 10:33:44,916 INFO telegram.ext.Application Application.stop() complete
2026-03-21 10:33:48,863 INFO app.adapters.capture telegram polling started
2026-03-21 10:33:50,547 INFO httpx HTTP Request: POST https://api.telegram.org/bot8790407909:AAGgUU-V77NroC4WdjDtYqB1fA8x-4yy0DA/getMe "HTTP/1.1 200 OK"
2026-03-21 10:33:50,549 INFO telegram.ext.Application Application started
2026-03-21 10:33:50,886 INFO httpx HTTP Request: POST https://api.telegram.org/bot8790407909:AAGgUU-V77NroC4WdjDtYqB1fA8x-4yy0DA/deleteWebhook "HTTP/1.1 200 OK"
2026-03-21 10:33:55,969 INFO httpx HTTP Request: POST https://api.telegram.org/bot8790407909:AAGgUU-V77NroC4WdjDtYqB1fA8x-4yy0DA/getUpdates "HTTP/1.1 200 OK"
2026-03-21 10:33:55,971 INFO app.adapters.capture telegram photo accepted
2026-03-21 10:33:57,545 INFO httpx HTTP Request: POST https://api.telegram.org/bot8790407909:AAGgUU-V77NroC4WdjDtYqB1fA8x-4yy0DA/getFile "HTTP/1.1 200 OK"
2026-03-21 10:33:58,226 INFO httpx HTTP Request: GET https://api.telegram.org/file/bot8790407909%3AAAGgUU-V77NroC4WdjDtYqB1fA8x-4yy0DA/photos/file_1.jpg "HTTP/1.1 200 OK"
2026-03-21 10:33:58,557 INFO app.orchestrator.pipeline task transition
2026-03-21 10:33:58,565 INFO app.orchestrator.pipeline task transition
2026-03-21 10:33:58,573 INFO app.orchestrator.pipeline task transition
2026-03-21 10:33:59,717 INFO app.orchestrator.pipeline task transition
2026-03-21 10:33:59,727 INFO app.orchestrator.pipeline task transition
2026-03-21 10:33:59,743 INFO app.orchestrator.pipeline task transition
2026-03-21 10:33:59,751 INFO app.orchestrator.pipeline task transition
2026-03-21 10:34:02,652 INFO app.adapters.executor mt5 window activated
2026-03-21 10:34:02,875 INFO app.adapters.executor using current terminal account
2026-03-21 10:34:02,875 INFO app.adapters.executor using symbol template lookup
2026-03-21 10:34:06,715 INFO app.adapters.executor mt5 window activated
2026-03-21 10:34:06,939 INFO app.orchestrator.pipeline task transition
2026-03-21 10:34:06,939 INFO httpx HTTP Request: POST https://api.telegram.org/bot8790407909:AAGgUU-V77NroC4WdjDtYqB1fA8x-4yy0DA/getUpdates "HTTP/1.1 200 OK"
2026-03-21 10:37:26,937 INFO app.adapters.capture telegram polling started
2026-03-21 10:37:28,704 INFO httpx HTTP Request: POST https://api.telegram.org/bot8790407909:AAGgUU-V77NroC4WdjDtYqB1fA8x-4yy0DA/getMe "HTTP/1.1 200 OK"
2026-03-21 10:37:28,709 INFO telegram.ext.Application Application started
2026-03-21 10:37:29,051 INFO httpx HTTP Request: POST https://api.telegram.org/bot8790407909:AAGgUU-V77NroC4WdjDtYqB1fA8x-4yy0DA/deleteWebhook "HTTP/1.1 200 OK"
2026-03-21 10:37:31,296 INFO httpx HTTP Request: POST https://api.telegram.org/bot8790407909:AAGgUU-V77NroC4WdjDtYqB1fA8x-4yy0DA/getUpdates "HTTP/1.1 200 OK"
2026-03-21 10:37:31,298 INFO app.adapters.capture telegram photo accepted
2026-03-21 10:37:31,727 INFO httpx HTTP Request: POST https://api.telegram.org/bot8790407909:AAGgUU-V77NroC4WdjDtYqB1fA8x-4yy0DA/getFile "HTTP/1.1 200 OK"
2026-03-21 10:37:32,345 INFO httpx HTTP Request: GET https://api.telegram.org/file/bot8790407909%3AAAGgUU-V77NroC4WdjDtYqB1fA8x-4yy0DA/photos/file_1.jpg "HTTP/1.1 200 OK"
2026-03-21 10:37:32,679 INFO app.orchestrator.pipeline task transition
2026-03-21 10:37:32,686 INFO app.orchestrator.pipeline task transition
2026-03-21 10:37:32,695 INFO app.orchestrator.pipeline task transition
2026-03-21 10:37:34,115 INFO app.orchestrator.pipeline task transition
2026-03-21 10:37:34,115 INFO app.orchestrator.pipeline task transition
2026-03-21 10:37:34,138 INFO app.orchestrator.pipeline task transition
2026-03-21 10:37:34,149 INFO app.orchestrator.pipeline task transition
2026-03-21 10:37:37,050 INFO app.adapters.executor mt5 window activated
2026-03-21 10:37:37,406 INFO app.adapters.executor using current terminal account
2026-03-21 10:37:37,406 INFO app.adapters.executor using symbol template lookup
2026-03-21 10:37:40,505 INFO app.adapters.executor optional anchor skipped
2026-03-21 10:37:43,705 INFO app.adapters.executor mt5 window activated
2026-03-21 10:37:43,930 INFO app.orchestrator.pipeline task transition
2026-03-21 10:37:43,930 INFO httpx HTTP Request: POST https://api.telegram.org/bot8790407909:AAGgUU-V77NroC4WdjDtYqB1fA8x-4yy0DA/getUpdates "HTTP/1.1 200 OK"
2026-03-21 10:37:54,280 INFO httpx HTTP Request: POST https://api.telegram.org/bot8790407909:AAGgUU-V77NroC4WdjDtYqB1fA8x-4yy0DA/getUpdates "HTTP/1.1 200 OK"
2026-03-21 10:38:04,620 INFO httpx HTTP Request: POST https://api.telegram.org/bot8790407909:AAGgUU-V77NroC4WdjDtYqB1fA8x-4yy0DA/getUpdates "HTTP/1.1 200 OK"
2026-03-21 10:38:14,230 INFO httpx HTTP Request: POST https://api.telegram.org/bot8790407909:AAGgUU-V77NroC4WdjDtYqB1fA8x-4yy0DA/getUpdates "HTTP/1.1 200 OK"
2026-03-21 10:38:14,232 INFO app.adapters.capture telegram photo accepted
2026-03-21 10:38:15,964 INFO httpx HTTP Request: POST https://api.telegram.org/bot8790407909:AAGgUU-V77NroC4WdjDtYqB1fA8x-4yy0DA/getFile "HTTP/1.1 200 OK"
2026-03-21 10:38:16,520 INFO httpx HTTP Request: GET https://api.telegram.org/file/bot8790407909%3AAAGgUU-V77NroC4WdjDtYqB1fA8x-4yy0DA/photos/file_1.jpg "HTTP/1.1 200 OK"
2026-03-21 10:38:16,811 INFO app.orchestrator.pipeline task transition
2026-03-21 10:38:16,823 INFO app.orchestrator.pipeline task transition
2026-03-21 10:38:16,829 INFO app.orchestrator.pipeline task transition
2026-03-21 10:38:17,200 INFO app.orchestrator.pipeline task transition
2026-03-21 10:38:17,211 INFO app.orchestrator.pipeline task transition
2026-03-21 10:38:17,227 INFO app.orchestrator.pipeline task transition
2026-03-21 10:38:17,235 INFO app.orchestrator.pipeline task transition
2026-03-21 10:38:20,062 INFO app.adapters.executor mt5 window activated
2026-03-21 10:38:20,180 INFO app.adapters.executor using current terminal account
2026-03-21 10:38:20,180 INFO app.adapters.executor using symbol template lookup
2026-03-21 10:38:23,265 INFO app.adapters.executor optional anchor skipped
2026-03-21 10:38:26,451 INFO app.adapters.executor mt5 window activated
2026-03-21 10:38:26,731 INFO app.orchestrator.pipeline task transition
2026-03-21 10:38:26,738 INFO httpx HTTP Request: POST https://api.telegram.org/bot8790407909:AAGgUU-V77NroC4WdjDtYqB1fA8x-4yy0DA/getUpdates "HTTP/1.1 200 OK"
2026-03-21 10:38:37,163 INFO httpx HTTP Request: POST https://api.telegram.org/bot8790407909:AAGgUU-V77NroC4WdjDtYqB1fA8x-4yy0DA/getUpdates "HTTP/1.1 200 OK"
2026-03-21 10:38:43,325 INFO httpx HTTP Request: POST https://api.telegram.org/bot8790407909:AAGgUU-V77NroC4WdjDtYqB1fA8x-4yy0DA/getUpdates "HTTP/1.1 200 OK"
2026-03-21 10:38:43,326 INFO app.adapters.capture telegram photo accepted
2026-03-21 10:38:45,152 INFO httpx HTTP Request: POST https://api.telegram.org/bot8790407909:AAGgUU-V77NroC4WdjDtYqB1fA8x-4yy0DA/getFile "HTTP/1.1 200 OK"
2026-03-21 10:38:45,508 INFO httpx HTTP Request: GET https://api.telegram.org/file/bot8790407909%3AAAGgUU-V77NroC4WdjDtYqB1fA8x-4yy0DA/photos/file_0.jpg "HTTP/1.1 200 OK"
2026-03-21 10:38:45,748 INFO app.orchestrator.pipeline task transition
2026-03-21 10:38:45,756 INFO app.orchestrator.pipeline task transition
2026-03-21 10:38:45,764 INFO app.orchestrator.pipeline task transition
2026-03-21 10:38:46,090 INFO app.orchestrator.pipeline task transition
2026-03-21 10:38:46,099 INFO app.orchestrator.pipeline task transition
2026-03-21 10:38:46,113 INFO app.orchestrator.pipeline task transition
2026-03-21 10:38:46,118 INFO app.orchestrator.pipeline task transition
2026-03-21 10:38:48,993 INFO app.adapters.executor mt5 window activated
2026-03-21 10:38:52,027 INFO app.adapters.executor mt5 window activated
2026-03-21 10:38:52,253 INFO app.orchestrator.pipeline task transition
2026-03-21 10:38:53,672 INFO httpx HTTP Request: POST https://api.telegram.org/bot8790407909:AAGgUU-V77NroC4WdjDtYqB1fA8x-4yy0DA/getUpdates "HTTP/1.1 200 OK"
2026-03-21 10:38:59,550 INFO httpx HTTP Request: POST https://api.telegram.org/bot8790407909:AAGgUU-V77NroC4WdjDtYqB1fA8x-4yy0DA/getUpdates "HTTP/1.1 200 OK"
2026-03-21 10:38:59,552 INFO app.adapters.capture telegram photo accepted
2026-03-21 10:39:02,016 INFO httpx HTTP Request: POST https://api.telegram.org/bot8790407909:AAGgUU-V77NroC4WdjDtYqB1fA8x-4yy0DA/getFile "HTTP/1.1 200 OK"
2026-03-21 10:39:02,600 INFO httpx HTTP Request: GET https://api.telegram.org/file/bot8790407909%3AAAGgUU-V77NroC4WdjDtYqB1fA8x-4yy0DA/photos/file_1.jpg "HTTP/1.1 200 OK"
2026-03-21 10:39:02,846 INFO app.orchestrator.pipeline task transition
2026-03-21 10:39:02,851 INFO app.orchestrator.pipeline task transition
2026-03-21 10:39:02,858 INFO app.orchestrator.pipeline task transition
2026-03-21 10:39:03,231 INFO app.orchestrator.pipeline task transition
2026-03-21 10:39:03,238 INFO app.orchestrator.pipeline task transition
2026-03-21 10:39:03,250 INFO app.orchestrator.pipeline task transition
2026-03-21 10:39:03,258 INFO app.orchestrator.pipeline task transition
2026-03-21 10:39:06,084 INFO app.adapters.executor mt5 window activated
2026-03-21 10:39:06,189 INFO app.adapters.executor using current terminal account
2026-03-21 10:39:06,189 INFO app.adapters.executor using symbol template lookup
2026-03-21 10:39:09,241 INFO app.adapters.executor mt5 window activated
2026-03-21 10:39:09,501 INFO app.orchestrator.pipeline task transition
2026-03-21 10:39:09,931 INFO httpx HTTP Request: POST https://api.telegram.org/bot8790407909:AAGgUU-V77NroC4WdjDtYqB1fA8x-4yy0DA/getUpdates "HTTP/1.1 200 OK"
2026-03-21 10:39:20,283 INFO httpx HTTP Request: POST https://api.telegram.org/bot8790407909:AAGgUU-V77NroC4WdjDtYqB1fA8x-4yy0DA/getUpdates "HTTP/1.1 200 OK"
2026-03-21 10:39:25,392 INFO httpx HTTP Request: POST https://api.telegram.org/bot8790407909:AAGgUU-V77NroC4WdjDtYqB1fA8x-4yy0DA/getUpdates "HTTP/1.1 200 OK"
2026-03-21 10:39:25,394 INFO app.adapters.capture telegram photo accepted
2026-03-21 10:39:27,100 INFO httpx HTTP Request: POST https://api.telegram.org/bot8790407909:AAGgUU-V77NroC4WdjDtYqB1fA8x-4yy0DA/getFile "HTTP/1.1 200 OK"
2026-03-21 10:39:27,654 INFO httpx HTTP Request: GET https://api.telegram.org/file/bot8790407909%3AAAGgUU-V77NroC4WdjDtYqB1fA8x-4yy0DA/photos/file_1.jpg "HTTP/1.1 200 OK"
2026-03-21 10:39:27,904 INFO app.orchestrator.pipeline task transition
2026-03-21 10:39:27,911 INFO app.orchestrator.pipeline task transition
2026-03-21 10:39:27,917 INFO app.orchestrator.pipeline task transition
2026-03-21 10:39:28,258 INFO app.orchestrator.pipeline task transition
2026-03-21 10:39:28,264 INFO app.orchestrator.pipeline task transition
2026-03-21 10:39:28,313 INFO app.orchestrator.pipeline task transition
2026-03-21 10:39:28,320 INFO app.orchestrator.pipeline task transition
2026-03-21 10:39:31,149 INFO app.adapters.executor mt5 window activated
2026-03-21 10:39:31,224 INFO app.adapters.executor using current terminal account
2026-03-21 10:39:31,224 INFO app.adapters.executor using symbol template lookup
2026-03-21 10:39:34,274 INFO app.adapters.executor optional anchor skipped
2026-03-21 10:39:37,475 INFO app.adapters.executor mt5 window activated
2026-03-21 10:39:37,716 INFO app.orchestrator.pipeline task transition
2026-03-21 10:39:37,716 INFO httpx HTTP Request: POST https://api.telegram.org/bot8790407909:AAGgUU-V77NroC4WdjDtYqB1fA8x-4yy0DA/getUpdates "HTTP/1.1 200 OK"
2026-03-21 10:44:19,841 INFO app.adapters.capture telegram polling started
2026-03-21 10:44:21,641 INFO httpx HTTP Request: POST https://api.telegram.org/bot8790407909:AAGgUU-V77NroC4WdjDtYqB1fA8x-4yy0DA/getMe "HTTP/1.1 200 OK"
2026-03-21 10:44:21,642 INFO telegram.ext.Application Application started
2026-03-21 10:44:21,966 INFO httpx HTTP Request: POST https://api.telegram.org/bot8790407909:AAGgUU-V77NroC4WdjDtYqB1fA8x-4yy0DA/deleteWebhook "HTTP/1.1 200 OK"
2026-03-21 10:44:24,326 INFO httpx HTTP Request: POST https://api.telegram.org/bot8790407909:AAGgUU-V77NroC4WdjDtYqB1fA8x-4yy0DA/getUpdates "HTTP/1.1 200 OK"
2026-03-21 10:44:24,330 INFO app.adapters.capture telegram photo accepted
2026-03-21 10:44:24,672 INFO httpx HTTP Request: POST https://api.telegram.org/bot8790407909:AAGgUU-V77NroC4WdjDtYqB1fA8x-4yy0DA/getFile "HTTP/1.1 200 OK"
2026-03-21 10:44:25,229 INFO httpx HTTP Request: GET https://api.telegram.org/file/bot8790407909%3AAAGgUU-V77NroC4WdjDtYqB1fA8x-4yy0DA/photos/file_1.jpg "HTTP/1.1 200 OK"
2026-03-21 10:44:25,575 INFO app.orchestrator.pipeline task transition
2026-03-21 10:44:25,584 INFO app.orchestrator.pipeline task transition
2026-03-21 10:44:25,587 INFO app.orchestrator.pipeline task transition
2026-03-21 10:44:26,923 INFO app.orchestrator.pipeline task transition
2026-03-21 10:44:26,931 INFO app.orchestrator.pipeline task transition
2026-03-21 10:44:26,953 INFO app.orchestrator.pipeline task transition
2026-03-21 10:44:26,961 INFO app.orchestrator.pipeline task transition
2026-03-21 10:44:29,858 INFO app.adapters.executor mt5 window activated
2026-03-21 10:44:33,193 INFO app.adapters.executor mt5 window activated
2026-03-21 10:44:33,438 INFO app.orchestrator.pipeline task transition
2026-03-21 10:44:34,661 INFO httpx HTTP Request: POST https://api.telegram.org/bot8790407909:AAGgUU-V77NroC4WdjDtYqB1fA8x-4yy0DA/getUpdates "HTTP/1.1 200 OK"
2026-03-21 10:44:44,989 INFO httpx HTTP Request: POST https://api.telegram.org/bot8790407909:AAGgUU-V77NroC4WdjDtYqB1fA8x-4yy0DA/getUpdates "HTTP/1.1 200 OK"
2026-03-21 10:44:55,321 INFO httpx HTTP Request: POST https://api.telegram.org/bot8790407909:AAGgUU-V77NroC4WdjDtYqB1fA8x-4yy0DA/getUpdates "HTTP/1.1 200 OK"
2026-03-21 10:44:57,129 INFO httpx HTTP Request: POST https://api.telegram.org/bot8790407909:AAGgUU-V77NroC4WdjDtYqB1fA8x-4yy0DA/getUpdates "HTTP/1.1 200 OK"
2026-03-21 10:44:57,131 INFO app.adapters.capture telegram photo accepted
2026-03-21 10:44:58,917 INFO httpx HTTP Request: POST https://api.telegram.org/bot8790407909:AAGgUU-V77NroC4WdjDtYqB1fA8x-4yy0DA/getFile "HTTP/1.1 200 OK"
2026-03-21 10:44:59,476 INFO httpx HTTP Request: GET https://api.telegram.org/file/bot8790407909%3AAAGgUU-V77NroC4WdjDtYqB1fA8x-4yy0DA/photos/file_1.jpg "HTTP/1.1 200 OK"
2026-03-21 10:44:59,764 INFO app.orchestrator.pipeline task transition
2026-03-21 10:44:59,771 INFO app.orchestrator.pipeline task transition
2026-03-21 10:44:59,778 INFO app.orchestrator.pipeline task transition
2026-03-21 10:45:00,122 INFO app.orchestrator.pipeline task transition
2026-03-21 10:45:00,129 INFO app.orchestrator.pipeline task transition
2026-03-21 10:45:00,142 INFO app.orchestrator.pipeline task transition
2026-03-21 10:45:00,148 INFO app.orchestrator.pipeline task transition
2026-03-21 10:45:02,988 INFO app.adapters.executor mt5 window activated
2026-03-21 10:45:06,057 INFO app.adapters.executor mt5 window activated
2026-03-21 10:45:06,341 INFO app.orchestrator.pipeline task transition
2026-03-21 10:45:07,526 INFO httpx HTTP Request: POST https://api.telegram.org/bot8790407909:AAGgUU-V77NroC4WdjDtYqB1fA8x-4yy0DA/getUpdates "HTTP/1.1 200 OK"
2026-03-21 10:45:35,456 INFO app.adapters.capture telegram polling started
2026-03-21 10:45:37,267 INFO httpx HTTP Request: POST https://api.telegram.org/bot8790407909:AAGgUU-V77NroC4WdjDtYqB1fA8x-4yy0DA/getMe "HTTP/1.1 200 OK"
2026-03-21 10:45:37,268 INFO telegram.ext.Application Application started
2026-03-21 10:45:37,606 INFO httpx HTTP Request: POST https://api.telegram.org/bot8790407909:AAGgUU-V77NroC4WdjDtYqB1fA8x-4yy0DA/deleteWebhook "HTTP/1.1 200 OK"
2026-03-21 10:45:40,685 INFO httpx HTTP Request: POST https://api.telegram.org/bot8790407909:AAGgUU-V77NroC4WdjDtYqB1fA8x-4yy0DA/getUpdates "HTTP/1.1 200 OK"
2026-03-21 10:45:40,686 INFO app.adapters.capture telegram photo accepted
2026-03-21 10:45:41,030 INFO httpx HTTP Request: POST https://api.telegram.org/bot8790407909:AAGgUU-V77NroC4WdjDtYqB1fA8x-4yy0DA/getFile "HTTP/1.1 200 OK"
2026-03-21 10:45:41,598 INFO httpx HTTP Request: GET https://api.telegram.org/file/bot8790407909%3AAAGgUU-V77NroC4WdjDtYqB1fA8x-4yy0DA/photos/file_1.jpg "HTTP/1.1 200 OK"
2026-03-21 10:45:41,844 INFO app.orchestrator.pipeline task transition
2026-03-21 10:45:41,853 INFO app.orchestrator.pipeline task transition
2026-03-21 10:45:41,862 INFO app.orchestrator.pipeline task transition
2026-03-21 10:45:42,931 INFO app.orchestrator.pipeline task transition
2026-03-21 10:45:42,942 INFO app.orchestrator.pipeline task transition
2026-03-21 10:45:42,955 INFO app.orchestrator.pipeline task transition
2026-03-21 10:45:42,965 INFO app.orchestrator.pipeline task transition
2026-03-21 10:45:45,916 INFO app.adapters.executor mt5 window activated
2026-03-21 10:45:46,138 INFO app.adapters.executor using current terminal account
2026-03-21 10:45:46,138 INFO app.adapters.executor using symbol template lookup
2026-03-21 10:45:49,274 INFO app.adapters.executor optional anchor skipped
2026-03-21 10:45:52,460 INFO app.adapters.executor mt5 window activated
2026-03-21 10:45:52,718 INFO app.orchestrator.pipeline task transition
2026-03-21 10:45:52,732 INFO httpx HTTP Request: POST https://api.telegram.org/bot8790407909:AAGgUU-V77NroC4WdjDtYqB1fA8x-4yy0DA/getUpdates "HTTP/1.1 200 OK"
2026-03-21 10:46:01,839 INFO httpx HTTP Request: POST https://api.telegram.org/bot8790407909:AAGgUU-V77NroC4WdjDtYqB1fA8x-4yy0DA/getUpdates "HTTP/1.1 200 OK"
2026-03-21 10:46:01,841 INFO app.adapters.capture telegram photo accepted
2026-03-21 10:46:03,454 INFO httpx HTTP Request: POST https://api.telegram.org/bot8790407909:AAGgUU-V77NroC4WdjDtYqB1fA8x-4yy0DA/getFile "HTTP/1.1 200 OK"
2026-03-21 10:46:04,067 INFO httpx HTTP Request: GET https://api.telegram.org/file/bot8790407909%3AAAGgUU-V77NroC4WdjDtYqB1fA8x-4yy0DA/photos/file_1.jpg "HTTP/1.1 200 OK"
2026-03-21 10:46:04,372 INFO app.orchestrator.pipeline task transition
2026-03-21 10:46:04,380 INFO app.orchestrator.pipeline task transition
2026-03-21 10:46:04,388 INFO app.orchestrator.pipeline task transition
2026-03-21 10:46:04,759 INFO app.orchestrator.pipeline task transition
2026-03-21 10:46:04,768 INFO app.orchestrator.pipeline task transition
2026-03-21 10:46:04,782 INFO app.orchestrator.pipeline task transition
2026-03-21 10:46:04,789 INFO app.orchestrator.pipeline task transition
2026-03-21 10:46:07,624 INFO app.adapters.executor mt5 window activated
2026-03-21 10:46:07,754 INFO app.adapters.executor using current terminal account
2026-03-21 10:46:07,754 INFO app.adapters.executor using symbol template lookup
2026-03-21 10:46:10,812 INFO app.adapters.executor mt5 window activated
2026-03-21 10:46:11,058 INFO app.orchestrator.pipeline task transition
2026-03-21 10:46:12,183 INFO httpx HTTP Request: POST https://api.telegram.org/bot8790407909:AAGgUU-V77NroC4WdjDtYqB1fA8x-4yy0DA/getUpdates "HTTP/1.1 200 OK"
2026-03-21 10:46:22,587 INFO httpx HTTP Request: POST https://api.telegram.org/bot8790407909:AAGgUU-V77NroC4WdjDtYqB1fA8x-4yy0DA/getUpdates "HTTP/1.1 200 OK"
2026-03-21 10:46:32,930 INFO httpx HTTP Request: POST https://api.telegram.org/bot8790407909:AAGgUU-V77NroC4WdjDtYqB1fA8x-4yy0DA/getUpdates "HTTP/1.1 200 OK"
2026-03-21 10:46:43,278 INFO httpx HTTP Request: POST https://api.telegram.org/bot8790407909:AAGgUU-V77NroC4WdjDtYqB1fA8x-4yy0DA/getUpdates "HTTP/1.1 200 OK"
2026-03-21 10:49:44,010 INFO app.adapters.capture telegram polling started
2026-03-21 10:49:45,813 INFO httpx HTTP Request: POST https://api.telegram.org/bot8790407909:AAGgUU-V77NroC4WdjDtYqB1fA8x-4yy0DA/getMe "HTTP/1.1 200 OK"
2026-03-21 10:49:45,814 INFO telegram.ext.Application Application started
2026-03-21 10:49:46,151 INFO httpx HTTP Request: POST https://api.telegram.org/bot8790407909:AAGgUU-V77NroC4WdjDtYqB1fA8x-4yy0DA/deleteWebhook "HTTP/1.1 200 OK"
2026-03-21 10:49:49,561 INFO httpx HTTP Request: POST https://api.telegram.org/bot8790407909:AAGgUU-V77NroC4WdjDtYqB1fA8x-4yy0DA/getUpdates "HTTP/1.1 200 OK"
2026-03-21 10:49:49,563 INFO app.adapters.capture telegram photo accepted
2026-03-21 10:49:49,897 INFO httpx HTTP Request: POST https://api.telegram.org/bot8790407909:AAGgUU-V77NroC4WdjDtYqB1fA8x-4yy0DA/getFile "HTTP/1.1 200 OK"
2026-03-21 10:49:50,556 INFO httpx HTTP Request: GET https://api.telegram.org/file/bot8790407909%3AAAGgUU-V77NroC4WdjDtYqB1fA8x-4yy0DA/photos/file_1.jpg "HTTP/1.1 200 OK"
2026-03-21 10:49:50,882 INFO app.orchestrator.pipeline task transition
2026-03-21 10:49:50,892 INFO app.orchestrator.pipeline task transition
2026-03-21 10:49:50,900 INFO app.orchestrator.pipeline task transition
2026-03-21 10:49:51,853 INFO app.orchestrator.pipeline task transition
2026-03-21 10:49:51,860 INFO app.orchestrator.pipeline task transition
2026-03-21 10:49:51,875 INFO app.orchestrator.pipeline task transition
2026-03-21 10:49:51,882 INFO app.orchestrator.pipeline task transition
2026-03-21 10:49:57,288 INFO app.adapters.executor mt5 window activated
2026-03-21 10:50:00,533 INFO app.adapters.executor mt5 window activated
2026-03-21 10:50:00,772 INFO app.orchestrator.pipeline task transition
2026-03-21 10:50:00,774 INFO httpx HTTP Request: POST https://api.telegram.org/bot8790407909:AAGgUU-V77NroC4WdjDtYqB1fA8x-4yy0DA/getUpdates "HTTP/1.1 200 OK"
2026-03-21 10:50:11,117 INFO httpx HTTP Request: POST https://api.telegram.org/bot8790407909:AAGgUU-V77NroC4WdjDtYqB1fA8x-4yy0DA/getUpdates "HTTP/1.1 200 OK"
2026-03-21 10:50:13,184 INFO httpx HTTP Request: POST https://api.telegram.org/bot8790407909:AAGgUU-V77NroC4WdjDtYqB1fA8x-4yy0DA/getUpdates "HTTP/1.1 200 OK"
2026-03-21 10:50:13,186 INFO app.adapters.capture telegram photo accepted
2026-03-21 10:50:14,982 INFO httpx HTTP Request: POST https://api.telegram.org/bot8790407909:AAGgUU-V77NroC4WdjDtYqB1fA8x-4yy0DA/getFile "HTTP/1.1 200 OK"
2026-03-21 10:50:15,645 INFO httpx HTTP Request: GET https://api.telegram.org/file/bot8790407909%3AAAGgUU-V77NroC4WdjDtYqB1fA8x-4yy0DA/photos/file_1.jpg "HTTP/1.1 200 OK"
2026-03-21 10:50:15,880 INFO app.orchestrator.pipeline task transition
2026-03-21 10:50:15,889 INFO app.orchestrator.pipeline task transition
2026-03-21 10:50:15,901 INFO app.orchestrator.pipeline task transition
2026-03-21 10:50:16,285 INFO app.orchestrator.pipeline task transition
2026-03-21 10:50:16,290 INFO app.orchestrator.pipeline task transition
2026-03-21 10:50:16,305 INFO app.orchestrator.pipeline task transition
2026-03-21 10:50:16,313 INFO app.orchestrator.pipeline task transition
2026-03-21 10:50:19,141 INFO app.adapters.executor mt5 window activated
2026-03-21 10:50:22,197 INFO app.adapters.executor mt5 window activated
2026-03-21 10:50:22,451 INFO app.orchestrator.pipeline task transition
2026-03-21 10:50:23,557 INFO httpx HTTP Request: POST https://api.telegram.org/bot8790407909:AAGgUU-V77NroC4WdjDtYqB1fA8x-4yy0DA/getUpdates "HTTP/1.1 200 OK"
2026-03-21 10:50:34,138 INFO httpx HTTP Request: POST https://api.telegram.org/bot8790407909:AAGgUU-V77NroC4WdjDtYqB1fA8x-4yy0DA/getUpdates "HTTP/1.1 200 OK"
2026-03-21 10:51:26,156 INFO app.adapters.capture telegram polling started
2026-03-21 10:51:27,902 INFO httpx HTTP Request: POST https://api.telegram.org/bot8790407909:AAGgUU-V77NroC4WdjDtYqB1fA8x-4yy0DA/getMe "HTTP/1.1 200 OK"
2026-03-21 10:51:27,903 INFO telegram.ext.Application Application started
2026-03-21 10:51:28,246 INFO httpx HTTP Request: POST https://api.telegram.org/bot8790407909:AAGgUU-V77NroC4WdjDtYqB1fA8x-4yy0DA/deleteWebhook "HTTP/1.1 200 OK"
2026-03-21 10:51:33,550 INFO httpx HTTP Request: POST https://api.telegram.org/bot8790407909:AAGgUU-V77NroC4WdjDtYqB1fA8x-4yy0DA/getUpdates "HTTP/1.1 200 OK"
2026-03-21 10:51:33,555 INFO app.adapters.capture telegram photo accepted
2026-03-21 10:51:35,343 INFO httpx HTTP Request: POST https://api.telegram.org/bot8790407909:AAGgUU-V77NroC4WdjDtYqB1fA8x-4yy0DA/getFile "HTTP/1.1 200 OK"
2026-03-21 10:51:35,900 INFO httpx HTTP Request: GET https://api.telegram.org/file/bot8790407909%3AAAGgUU-V77NroC4WdjDtYqB1fA8x-4yy0DA/photos/file_1.jpg "HTTP/1.1 200 OK"
2026-03-21 10:51:36,153 INFO app.orchestrator.pipeline task transition
2026-03-21 10:51:36,170 INFO app.orchestrator.pipeline task transition
2026-03-21 10:51:36,180 INFO app.orchestrator.pipeline task transition
2026-03-21 10:51:37,528 INFO app.orchestrator.pipeline task transition
2026-03-21 10:51:37,528 INFO app.orchestrator.pipeline task transition
2026-03-21 10:51:37,550 INFO app.orchestrator.pipeline task transition
2026-03-21 10:51:37,559 INFO app.orchestrator.pipeline task transition
2026-03-21 10:51:40,475 INFO app.adapters.executor mt5 window activated
2026-03-21 10:51:40,844 INFO app.adapters.executor using current terminal account
2026-03-21 10:51:40,845 INFO app.adapters.executor using symbol template lookup
2026-03-21 10:51:44,016 INFO app.adapters.executor optional anchor skipped
2026-03-21 10:51:47,219 INFO app.adapters.executor mt5 window activated
2026-03-21 10:51:47,482 INFO app.orchestrator.pipeline task transition
2026-03-21 10:51:47,486 INFO httpx HTTP Request: POST https://api.telegram.org/bot8790407909:AAGgUU-V77NroC4WdjDtYqB1fA8x-4yy0DA/getUpdates "HTTP/1.1 200 OK"
2026-03-21 10:51:57,820 INFO httpx HTTP Request: POST https://api.telegram.org/bot8790407909:AAGgUU-V77NroC4WdjDtYqB1fA8x-4yy0DA/getUpdates "HTTP/1.1 200 OK"
2026-03-21 10:52:08,156 INFO httpx HTTP Request: POST https://api.telegram.org/bot8790407909:AAGgUU-V77NroC4WdjDtYqB1fA8x-4yy0DA/getUpdates "HTTP/1.1 200 OK"
2026-03-21 10:52:18,596 INFO httpx HTTP Request: POST https://api.telegram.org/bot8790407909:AAGgUU-V77NroC4WdjDtYqB1fA8x-4yy0DA/getUpdates "HTTP/1.1 200 OK"
2026-03-21 10:52:28,968 INFO httpx HTTP Request: POST https://api.telegram.org/bot8790407909:AAGgUU-V77NroC4WdjDtYqB1fA8x-4yy0DA/getUpdates "HTTP/1.1 200 OK"
2026-03-21 10:52:30,045 INFO httpx HTTP Request: POST https://api.telegram.org/bot8790407909:AAGgUU-V77NroC4WdjDtYqB1fA8x-4yy0DA/getUpdates "HTTP/1.1 200 OK"
2026-03-21 10:52:30,047 INFO app.adapters.capture telegram photo accepted
2026-03-21 10:52:31,870 INFO httpx HTTP Request: POST https://api.telegram.org/bot8790407909:AAGgUU-V77NroC4WdjDtYqB1fA8x-4yy0DA/getFile "HTTP/1.1 200 OK"
2026-03-21 10:52:32,449 INFO httpx HTTP Request: GET https://api.telegram.org/file/bot8790407909%3AAAGgUU-V77NroC4WdjDtYqB1fA8x-4yy0DA/photos/file_1.jpg "HTTP/1.1 200 OK"
2026-03-21 10:52:32,724 INFO app.orchestrator.pipeline task transition
2026-03-21 10:52:32,731 INFO app.orchestrator.pipeline task transition
2026-03-21 10:52:32,740 INFO app.orchestrator.pipeline task transition
2026-03-21 10:52:33,163 INFO app.orchestrator.pipeline task transition
2026-03-21 10:52:33,169 INFO app.orchestrator.pipeline task transition
2026-03-21 10:52:33,183 INFO app.orchestrator.pipeline task transition
2026-03-21 10:52:33,189 INFO app.orchestrator.pipeline task transition
2026-03-21 10:52:36,013 INFO app.adapters.executor mt5 window activated
2026-03-21 10:52:36,110 INFO app.adapters.executor using current terminal account
2026-03-21 10:52:36,112 INFO app.adapters.executor using symbol template lookup
2026-03-21 10:52:39,189 INFO app.adapters.executor optional anchor skipped
2026-03-21 10:52:42,395 INFO app.adapters.executor mt5 window activated
2026-03-21 10:52:42,617 INFO app.orchestrator.pipeline task transition
2026-03-21 10:52:42,617 INFO httpx HTTP Request: POST https://api.telegram.org/bot8790407909:AAGgUU-V77NroC4WdjDtYqB1fA8x-4yy0DA/getUpdates "HTTP/1.1 200 OK"
2026-03-21 10:52:52,954 INFO httpx HTTP Request: POST https://api.telegram.org/bot8790407909:AAGgUU-V77NroC4WdjDtYqB1fA8x-4yy0DA/getUpdates "HTTP/1.1 200 OK"
2026-03-21 10:53:03,376 INFO httpx HTTP Request: POST https://api.telegram.org/bot8790407909:AAGgUU-V77NroC4WdjDtYqB1fA8x-4yy0DA/getUpdates "HTTP/1.1 200 OK"
2026-03-21 10:53:13,973 INFO httpx HTTP Request: POST https://api.telegram.org/bot8790407909:AAGgUU-V77NroC4WdjDtYqB1fA8x-4yy0DA/getUpdates "HTTP/1.1 200 OK"
2026-03-21 11:05:04,678 INFO app.adapters.capture telegram polling started
2026-03-21 11:05:06,662 INFO httpx HTTP Request: POST https://api.telegram.org/bot8790407909:AAGgUU-V77NroC4WdjDtYqB1fA8x-4yy0DA/getMe "HTTP/1.1 200 OK"
2026-03-21 11:05:06,664 INFO telegram.ext.Application Application started
2026-03-21 11:05:06,990 INFO httpx HTTP Request: POST https://api.telegram.org/bot8790407909:AAGgUU-V77NroC4WdjDtYqB1fA8x-4yy0DA/deleteWebhook "HTTP/1.1 200 OK"
2026-03-21 11:05:11,961 INFO httpx HTTP Request: POST https://api.telegram.org/bot8790407909:AAGgUU-V77NroC4WdjDtYqB1fA8x-4yy0DA/getUpdates "HTTP/1.1 200 OK"
2026-03-21 11:05:11,963 INFO app.adapters.capture telegram photo accepted
2026-03-21 11:05:12,301 INFO httpx HTTP Request: POST https://api.telegram.org/bot8790407909:AAGgUU-V77NroC4WdjDtYqB1fA8x-4yy0DA/getFile "HTTP/1.1 200 OK"
2026-03-21 11:05:12,893 INFO httpx HTTP Request: GET https://api.telegram.org/file/bot8790407909%3AAAGgUU-V77NroC4WdjDtYqB1fA8x-4yy0DA/photos/file_1.jpg "HTTP/1.1 200 OK"
2026-03-21 11:05:13,344 INFO app.orchestrator.pipeline task transition
2026-03-21 11:05:13,382 INFO app.orchestrator.pipeline task transition
2026-03-21 11:05:13,382 INFO app.orchestrator.pipeline task transition
2026-03-21 11:05:15,728 INFO app.orchestrator.pipeline task transition
2026-03-21 11:05:15,739 INFO app.orchestrator.pipeline task transition
2026-03-21 11:05:15,748 INFO app.orchestrator.pipeline task transition
2026-03-21 11:05:15,762 INFO app.orchestrator.pipeline task transition
2026-03-21 11:05:18,917 INFO app.adapters.executor mt5 window activated
2026-03-21 11:05:21,191 INFO app.adapters.executor using current terminal account
2026-03-21 11:05:21,191 INFO app.adapters.executor using symbol template lookup
2026-03-21 11:05:24,307 INFO app.adapters.executor mt5 window activated
2026-03-21 11:05:24,609 INFO app.orchestrator.pipeline task transition
2026-03-21 11:05:24,609 INFO httpx HTTP Request: POST https://api.telegram.org/bot8790407909:AAGgUU-V77NroC4WdjDtYqB1fA8x-4yy0DA/getUpdates "HTTP/1.1 200 OK"
2026-03-21 11:05:35,001 INFO httpx HTTP Request: POST https://api.telegram.org/bot8790407909:AAGgUU-V77NroC4WdjDtYqB1fA8x-4yy0DA/getUpdates "HTTP/1.1 200 OK"
2026-03-21 11:05:45,350 INFO httpx HTTP Request: POST https://api.telegram.org/bot8790407909:AAGgUU-V77NroC4WdjDtYqB1fA8x-4yy0DA/getUpdates "HTTP/1.1 200 OK"
2026-03-21 11:06:06,441 INFO app.adapters.capture telegram polling started
2026-03-21 11:06:08,338 INFO httpx HTTP Request: POST https://api.telegram.org/bot8790407909:AAGgUU-V77NroC4WdjDtYqB1fA8x-4yy0DA/getMe "HTTP/1.1 200 OK"
2026-03-21 11:06:08,339 INFO telegram.ext.Application Application started
2026-03-21 11:06:08,678 INFO httpx HTTP Request: POST https://api.telegram.org/bot8790407909:AAGgUU-V77NroC4WdjDtYqB1fA8x-4yy0DA/deleteWebhook "HTTP/1.1 200 OK"
2026-03-21 11:06:13,942 INFO httpx HTTP Request: POST https://api.telegram.org/bot8790407909:AAGgUU-V77NroC4WdjDtYqB1fA8x-4yy0DA/getUpdates "HTTP/1.1 200 OK"
2026-03-21 11:06:13,944 INFO app.adapters.capture telegram photo accepted
2026-03-21 11:06:15,690 INFO httpx HTTP Request: POST https://api.telegram.org/bot8790407909:AAGgUU-V77NroC4WdjDtYqB1fA8x-4yy0DA/getFile "HTTP/1.1 200 OK"
2026-03-21 11:06:16,031 INFO httpx HTTP Request: GET https://api.telegram.org/file/bot8790407909%3AAAGgUU-V77NroC4WdjDtYqB1fA8x-4yy0DA/photos/file_1.jpg "HTTP/1.1 200 OK"
2026-03-21 11:06:16,385 INFO app.orchestrator.pipeline task transition
2026-03-21 11:06:16,385 INFO app.orchestrator.pipeline task transition
2026-03-21 11:06:16,404 INFO app.orchestrator.pipeline task transition
2026-03-21 11:06:17,568 INFO app.orchestrator.pipeline task transition
2026-03-21 11:06:17,568 INFO app.orchestrator.pipeline task transition
2026-03-21 11:06:17,596 INFO app.orchestrator.pipeline task transition
2026-03-21 11:06:17,604 INFO app.orchestrator.pipeline task transition
2026-03-21 11:06:20,496 INFO app.adapters.executor mt5 window activated
2026-03-21 11:06:20,709 INFO app.adapters.executor using current terminal account
2026-03-21 11:06:20,711 INFO app.adapters.executor using symbol template lookup
2026-03-21 11:06:23,743 INFO app.adapters.executor mt5 window activated
2026-03-21 11:06:24,004 INFO app.orchestrator.pipeline task transition
2026-03-21 11:06:24,338 INFO httpx HTTP Request: POST https://api.telegram.org/bot8790407909:AAGgUU-V77NroC4WdjDtYqB1fA8x-4yy0DA/getUpdates "HTTP/1.1 200 OK"
2026-03-21 11:06:34,667 INFO httpx HTTP Request: POST https://api.telegram.org/bot8790407909:AAGgUU-V77NroC4WdjDtYqB1fA8x-4yy0DA/getUpdates "HTTP/1.1 200 OK"
2026-03-21 11:06:44,997 INFO httpx HTTP Request: POST https://api.telegram.org/bot8790407909:AAGgUU-V77NroC4WdjDtYqB1fA8x-4yy0DA/getUpdates "HTTP/1.1 200 OK"
2026-03-21 11:06:53,024 INFO app.adapters.capture telegram polling started
2026-03-21 11:06:55,019 INFO httpx HTTP Request: POST https://api.telegram.org/bot8790407909:AAGgUU-V77NroC4WdjDtYqB1fA8x-4yy0DA/getMe "HTTP/1.1 200 OK"
2026-03-21 11:06:55,021 INFO telegram.ext.Application Application started
2026-03-21 11:06:55,366 INFO httpx HTTP Request: POST https://api.telegram.org/bot8790407909:AAGgUU-V77NroC4WdjDtYqB1fA8x-4yy0DA/deleteWebhook "HTTP/1.1 200 OK"
2026-03-21 11:06:58,258 INFO httpx HTTP Request: POST https://api.telegram.org/bot8790407909:AAGgUU-V77NroC4WdjDtYqB1fA8x-4yy0DA/getUpdates "HTTP/1.1 200 OK"
2026-03-21 11:06:58,259 INFO app.adapters.capture telegram photo accepted
2026-03-21 11:06:58,605 INFO httpx HTTP Request: POST https://api.telegram.org/bot8790407909:AAGgUU-V77NroC4WdjDtYqB1fA8x-4yy0DA/getFile "HTTP/1.1 200 OK"
2026-03-21 11:06:59,279 INFO httpx HTTP Request: GET https://api.telegram.org/file/bot8790407909%3AAAGgUU-V77NroC4WdjDtYqB1fA8x-4yy0DA/photos/file_1.jpg "HTTP/1.1 200 OK"
2026-03-21 11:06:59,614 INFO app.orchestrator.pipeline task transition
2026-03-21 11:06:59,614 INFO app.orchestrator.pipeline task transition
2026-03-21 11:06:59,632 INFO app.orchestrator.pipeline task transition
2026-03-21 11:07:00,568 INFO app.orchestrator.pipeline task transition
2026-03-21 11:07:00,577 INFO app.orchestrator.pipeline task transition
2026-03-21 11:07:00,595 INFO app.orchestrator.pipeline task transition
2026-03-21 11:07:00,602 INFO app.orchestrator.pipeline task transition
2026-03-21 11:07:03,484 INFO app.adapters.executor mt5 window activated
2026-03-21 11:07:03,655 INFO app.adapters.executor using current terminal account
2026-03-21 11:07:03,655 INFO app.adapters.executor using symbol template lookup
2026-03-21 11:07:06,748 INFO app.adapters.executor optional anchor skipped
2026-03-21 11:07:09,935 INFO app.adapters.executor mt5 window activated
2026-03-21 11:07:10,190 INFO app.orchestrator.pipeline task transition
2026-03-21 11:07:10,190 INFO httpx HTTP Request: POST https://api.telegram.org/bot8790407909:AAGgUU-V77NroC4WdjDtYqB1fA8x-4yy0DA/getUpdates "HTTP/1.1 200 OK"
2026-03-21 11:07:20,577 INFO httpx HTTP Request: POST https://api.telegram.org/bot8790407909:AAGgUU-V77NroC4WdjDtYqB1fA8x-4yy0DA/getUpdates "HTTP/1.1 200 OK"
2026-03-21 11:07:31,022 INFO httpx HTTP Request: POST https://api.telegram.org/bot8790407909:AAGgUU-V77NroC4WdjDtYqB1fA8x-4yy0DA/getUpdates "HTTP/1.1 200 OK"
2026-03-21 11:07:41,368 INFO httpx HTTP Request: POST https://api.telegram.org/bot8790407909:AAGgUU-V77NroC4WdjDtYqB1fA8x-4yy0DA/getUpdates "HTTP/1.1 200 OK"
2026-03-21 11:07:51,713 INFO httpx HTTP Request: POST https://api.telegram.org/bot8790407909:AAGgUU-V77NroC4WdjDtYqB1fA8x-4yy0DA/getUpdates "HTTP/1.1 200 OK"
2026-03-21 11:08:21,713 INFO app.adapters.capture telegram polling started
2026-03-21 11:08:23,435 INFO httpx HTTP Request: POST https://api.telegram.org/bot8790407909:AAGgUU-V77NroC4WdjDtYqB1fA8x-4yy0DA/getMe "HTTP/1.1 200 OK"
2026-03-21 11:08:23,436 INFO telegram.ext.Application Application started
2026-03-21 11:08:23,771 INFO httpx HTTP Request: POST https://api.telegram.org/bot8790407909:AAGgUU-V77NroC4WdjDtYqB1fA8x-4yy0DA/deleteWebhook "HTTP/1.1 200 OK"
2026-03-21 11:08:27,529 INFO httpx HTTP Request: POST https://api.telegram.org/bot8790407909:AAGgUU-V77NroC4WdjDtYqB1fA8x-4yy0DA/getUpdates "HTTP/1.1 200 OK"
2026-03-21 11:08:27,531 INFO app.adapters.capture telegram photo accepted
2026-03-21 11:08:27,865 INFO httpx HTTP Request: POST https://api.telegram.org/bot8790407909:AAGgUU-V77NroC4WdjDtYqB1fA8x-4yy0DA/getFile "HTTP/1.1 200 OK"
2026-03-21 11:08:28,470 INFO httpx HTTP Request: GET https://api.telegram.org/file/bot8790407909%3AAAGgUU-V77NroC4WdjDtYqB1fA8x-4yy0DA/photos/file_1.jpg "HTTP/1.1 200 OK"
2026-03-21 11:08:28,796 INFO app.orchestrator.pipeline task transition
2026-03-21 11:08:28,796 INFO app.orchestrator.pipeline task transition
2026-03-21 11:08:28,817 INFO app.orchestrator.pipeline task transition
2026-03-21 11:08:29,733 INFO app.orchestrator.pipeline task transition
2026-03-21 11:08:29,745 INFO app.orchestrator.pipeline task transition
2026-03-21 11:08:29,759 INFO app.orchestrator.pipeline task transition
2026-03-21 11:08:29,767 INFO app.orchestrator.pipeline task transition
2026-03-21 11:08:32,653 INFO app.adapters.executor mt5 window activated
2026-03-21 11:08:32,826 INFO app.adapters.executor using current terminal account
2026-03-21 11:08:32,826 INFO app.adapters.executor using symbol template lookup
2026-03-21 11:08:35,871 INFO app.adapters.executor optional anchor skipped
2026-03-21 11:08:39,073 INFO app.adapters.executor mt5 window activated
2026-03-21 11:08:39,343 INFO app.orchestrator.pipeline task transition
2026-03-21 11:08:39,343 INFO httpx HTTP Request: POST https://api.telegram.org/bot8790407909:AAGgUU-V77NroC4WdjDtYqB1fA8x-4yy0DA/getUpdates "HTTP/1.1 200 OK"
2026-03-21 11:08:49,694 INFO httpx HTTP Request: POST https://api.telegram.org/bot8790407909:AAGgUU-V77NroC4WdjDtYqB1fA8x-4yy0DA/getUpdates "HTTP/1.1 200 OK"
2026-03-21 11:09:00,111 INFO httpx HTTP Request: POST https://api.telegram.org/bot8790407909:AAGgUU-V77NroC4WdjDtYqB1fA8x-4yy0DA/getUpdates "HTTP/1.1 200 OK"
2026-03-21 11:09:10,479 INFO httpx HTTP Request: POST https://api.telegram.org/bot8790407909:AAGgUU-V77NroC4WdjDtYqB1fA8x-4yy0DA/getUpdates "HTTP/1.1 200 OK"
2026-03-21 11:09:12,592 INFO httpx HTTP Request: POST https://api.telegram.org/bot8790407909:AAGgUU-V77NroC4WdjDtYqB1fA8x-4yy0DA/getUpdates "HTTP/1.1 200 OK"
2026-03-21 11:09:12,594 INFO app.adapters.capture telegram photo accepted
2026-03-21 11:09:14,344 INFO httpx HTTP Request: POST https://api.telegram.org/bot8790407909:AAGgUU-V77NroC4WdjDtYqB1fA8x-4yy0DA/getFile "HTTP/1.1 200 OK"
2026-03-21 11:09:14,910 INFO httpx HTTP Request: GET https://api.telegram.org/file/bot8790407909%3AAAGgUU-V77NroC4WdjDtYqB1fA8x-4yy0DA/photos/file_1.jpg "HTTP/1.1 200 OK"
2026-03-21 11:09:15,167 INFO app.orchestrator.pipeline task transition
2026-03-21 11:09:15,176 INFO app.orchestrator.pipeline task transition
2026-03-21 11:09:15,185 INFO app.orchestrator.pipeline task transition
2026-03-21 11:09:15,524 INFO app.orchestrator.pipeline task transition
2026-03-21 11:09:15,533 INFO app.orchestrator.pipeline task transition
2026-03-21 11:09:15,545 INFO app.orchestrator.pipeline task transition
2026-03-21 11:09:15,562 INFO app.orchestrator.pipeline task transition
2026-03-21 11:09:18,399 INFO app.adapters.executor mt5 window activated
2026-03-21 11:09:21,463 INFO app.adapters.executor mt5 window activated
2026-03-21 11:09:21,747 INFO app.orchestrator.pipeline task transition
2026-03-21 11:09:22,930 INFO httpx HTTP Request: POST https://api.telegram.org/bot8790407909:AAGgUU-V77NroC4WdjDtYqB1fA8x-4yy0DA/getUpdates "HTTP/1.1 200 OK"
2026-03-21 11:09:33,277 INFO httpx HTTP Request: POST https://api.telegram.org/bot8790407909:AAGgUU-V77NroC4WdjDtYqB1fA8x-4yy0DA/getUpdates "HTTP/1.1 200 OK"
2026-03-21 11:09:43,635 INFO httpx HTTP Request: POST https://api.telegram.org/bot8790407909:AAGgUU-V77NroC4WdjDtYqB1fA8x-4yy0DA/getUpdates "HTTP/1.1 200 OK"
2026-03-21 11:09:53,993 INFO httpx HTTP Request: POST https://api.telegram.org/bot8790407909:AAGgUU-V77NroC4WdjDtYqB1fA8x-4yy0DA/getUpdates "HTTP/1.1 200 OK"
2026-03-21 11:10:04,332 INFO httpx HTTP Request: POST https://api.telegram.org/bot8790407909:AAGgUU-V77NroC4WdjDtYqB1fA8x-4yy0DA/getUpdates "HTTP/1.1 200 OK"
2026-03-21 11:10:14,672 INFO httpx HTTP Request: POST https://api.telegram.org/bot8790407909:AAGgUU-V77NroC4WdjDtYqB1fA8x-4yy0DA/getUpdates "HTTP/1.1 200 OK"
2026-03-21 11:10:25,014 INFO httpx HTTP Request: POST https://api.telegram.org/bot8790407909:AAGgUU-V77NroC4WdjDtYqB1fA8x-4yy0DA/getUpdates "HTTP/1.1 200 OK"
2026-03-21 11:10:35,360 INFO httpx HTTP Request: POST https://api.telegram.org/bot8790407909:AAGgUU-V77NroC4WdjDtYqB1fA8x-4yy0DA/getUpdates "HTTP/1.1 200 OK"
2026-03-21 11:10:45,696 INFO httpx HTTP Request: POST https://api.telegram.org/bot8790407909:AAGgUU-V77NroC4WdjDtYqB1fA8x-4yy0DA/getUpdates "HTTP/1.1 200 OK"
2026-03-21 11:10:56,131 INFO httpx HTTP Request: POST https://api.telegram.org/bot8790407909:AAGgUU-V77NroC4WdjDtYqB1fA8x-4yy0DA/getUpdates "HTTP/1.1 200 OK"
2026-03-21 11:11:06,576 INFO httpx HTTP Request: POST https://api.telegram.org/bot8790407909:AAGgUU-V77NroC4WdjDtYqB1fA8x-4yy0DA/getUpdates "HTTP/1.1 200 OK"
2026-03-21 11:11:16,916 INFO httpx HTTP Request: POST https://api.telegram.org/bot8790407909:AAGgUU-V77NroC4WdjDtYqB1fA8x-4yy0DA/getUpdates "HTTP/1.1 200 OK"
2026-03-21 11:11:27,261 INFO httpx HTTP Request: POST https://api.telegram.org/bot8790407909:AAGgUU-V77NroC4WdjDtYqB1fA8x-4yy0DA/getUpdates "HTTP/1.1 200 OK"
2026-03-21 11:11:37,708 INFO httpx HTTP Request: POST https://api.telegram.org/bot8790407909:AAGgUU-V77NroC4WdjDtYqB1fA8x-4yy0DA/getUpdates "HTTP/1.1 200 OK"
2026-03-21 11:11:48,151 INFO httpx HTTP Request: POST https://api.telegram.org/bot8790407909:AAGgUU-V77NroC4WdjDtYqB1fA8x-4yy0DA/getUpdates "HTTP/1.1 200 OK"
2026-03-21 11:11:58,494 INFO httpx HTTP Request: POST https://api.telegram.org/bot8790407909:AAGgUU-V77NroC4WdjDtYqB1fA8x-4yy0DA/getUpdates "HTTP/1.1 200 OK"
2026-03-21 11:12:08,838 INFO httpx HTTP Request: POST https://api.telegram.org/bot8790407909:AAGgUU-V77NroC4WdjDtYqB1fA8x-4yy0DA/getUpdates "HTTP/1.1 200 OK"
2026-03-21 11:12:19,301 INFO httpx HTTP Request: POST https://api.telegram.org/bot8790407909:AAGgUU-V77NroC4WdjDtYqB1fA8x-4yy0DA/getUpdates "HTTP/1.1 200 OK"
2026-03-21 11:12:29,936 INFO httpx HTTP Request: POST https://api.telegram.org/bot8790407909:AAGgUU-V77NroC4WdjDtYqB1fA8x-4yy0DA/getUpdates "HTTP/1.1 200 OK"
2026-03-21 11:12:40,375 INFO httpx HTTP Request: POST https://api.telegram.org/bot8790407909:AAGgUU-V77NroC4WdjDtYqB1fA8x-4yy0DA/getUpdates "HTTP/1.1 200 OK"
2026-03-21 11:12:50,821 INFO httpx HTTP Request: POST https://api.telegram.org/bot8790407909:AAGgUU-V77NroC4WdjDtYqB1fA8x-4yy0DA/getUpdates "HTTP/1.1 200 OK"
2026-03-21 11:13:01,157 INFO httpx HTTP Request: POST https://api.telegram.org/bot8790407909:AAGgUU-V77NroC4WdjDtYqB1fA8x-4yy0DA/getUpdates "HTTP/1.1 200 OK"
2026-03-21 11:13:11,493 INFO httpx HTTP Request: POST https://api.telegram.org/bot8790407909:AAGgUU-V77NroC4WdjDtYqB1fA8x-4yy0DA/getUpdates "HTTP/1.1 200 OK"
2026-03-21 11:13:21,848 INFO httpx HTTP Request: POST https://api.telegram.org/bot8790407909:AAGgUU-V77NroC4WdjDtYqB1fA8x-4yy0DA/getUpdates "HTTP/1.1 200 OK"
2026-03-21 11:13:32,296 INFO httpx HTTP Request: POST https://api.telegram.org/bot8790407909:AAGgUU-V77NroC4WdjDtYqB1fA8x-4yy0DA/getUpdates "HTTP/1.1 200 OK"
2026-03-21 11:13:42,739 INFO httpx HTTP Request: POST https://api.telegram.org/bot8790407909:AAGgUU-V77NroC4WdjDtYqB1fA8x-4yy0DA/getUpdates "HTTP/1.1 200 OK"
2026-03-21 11:13:53,198 INFO httpx HTTP Request: POST https://api.telegram.org/bot8790407909:AAGgUU-V77NroC4WdjDtYqB1fA8x-4yy0DA/getUpdates "HTTP/1.1 200 OK"
2026-03-21 11:14:03,606 INFO httpx HTTP Request: POST https://api.telegram.org/bot8790407909:AAGgUU-V77NroC4WdjDtYqB1fA8x-4yy0DA/getUpdates "HTTP/1.1 200 OK"
2026-03-21 11:14:14,073 INFO httpx HTTP Request: POST https://api.telegram.org/bot8790407909:AAGgUU-V77NroC4WdjDtYqB1fA8x-4yy0DA/getUpdates "HTTP/1.1 200 OK"
2026-03-21 11:14:24,525 INFO httpx HTTP Request: POST https://api.telegram.org/bot8790407909:AAGgUU-V77NroC4WdjDtYqB1fA8x-4yy0DA/getUpdates "HTTP/1.1 200 OK"
2026-03-21 11:14:34,962 INFO httpx HTTP Request: POST https://api.telegram.org/bot8790407909:AAGgUU-V77NroC4WdjDtYqB1fA8x-4yy0DA/getUpdates "HTTP/1.1 200 OK"
2026-03-21 11:14:45,306 INFO httpx HTTP Request: POST https://api.telegram.org/bot8790407909:AAGgUU-V77NroC4WdjDtYqB1fA8x-4yy0DA/getUpdates "HTTP/1.1 200 OK"
2026-03-21 11:14:55,750 INFO httpx HTTP Request: POST https://api.telegram.org/bot8790407909:AAGgUU-V77NroC4WdjDtYqB1fA8x-4yy0DA/getUpdates "HTTP/1.1 200 OK"
2026-03-21 11:15:06,094 INFO httpx HTTP Request: POST https://api.telegram.org/bot8790407909:AAGgUU-V77NroC4WdjDtYqB1fA8x-4yy0DA/getUpdates "HTTP/1.1 200 OK"
2026-03-21 11:15:16,437 INFO httpx HTTP Request: POST https://api.telegram.org/bot8790407909:AAGgUU-V77NroC4WdjDtYqB1fA8x-4yy0DA/getUpdates "HTTP/1.1 200 OK"
2026-03-21 11:15:26,779 INFO httpx HTTP Request: POST https://api.telegram.org/bot8790407909:AAGgUU-V77NroC4WdjDtYqB1fA8x-4yy0DA/getUpdates "HTTP/1.1 200 OK"
2026-03-21 11:15:37,325 INFO httpx HTTP Request: POST https://api.telegram.org/bot8790407909:AAGgUU-V77NroC4WdjDtYqB1fA8x-4yy0DA/getUpdates "HTTP/1.1 200 OK"
2026-03-21 11:15:47,841 INFO httpx HTTP Request: POST https://api.telegram.org/bot8790407909:AAGgUU-V77NroC4WdjDtYqB1fA8x-4yy0DA/getUpdates "HTTP/1.1 200 OK"
2026-03-21 11:15:58,216 INFO httpx HTTP Request: POST https://api.telegram.org/bot8790407909:AAGgUU-V77NroC4WdjDtYqB1fA8x-4yy0DA/getUpdates "HTTP/1.1 200 OK"
2026-03-21 11:16:08,557 INFO httpx HTTP Request: POST https://api.telegram.org/bot8790407909:AAGgUU-V77NroC4WdjDtYqB1fA8x-4yy0DA/getUpdates "HTTP/1.1 200 OK"
2026-03-21 11:16:18,954 INFO httpx HTTP Request: POST https://api.telegram.org/bot8790407909:AAGgUU-V77NroC4WdjDtYqB1fA8x-4yy0DA/getUpdates "HTTP/1.1 200 OK"
2026-03-21 11:16:29,347 INFO httpx HTTP Request: POST https://api.telegram.org/bot8790407909:AAGgUU-V77NroC4WdjDtYqB1fA8x-4yy0DA/getUpdates "HTTP/1.1 200 OK"
2026-03-21 11:16:39,699 INFO httpx HTTP Request: POST https://api.telegram.org/bot8790407909:AAGgUU-V77NroC4WdjDtYqB1fA8x-4yy0DA/getUpdates "HTTP/1.1 200 OK"
2026-03-21 11:16:50,133 INFO httpx HTTP Request: POST https://api.telegram.org/bot8790407909:AAGgUU-V77NroC4WdjDtYqB1fA8x-4yy0DA/getUpdates "HTTP/1.1 200 OK"
2026-03-21 11:17:00,468 INFO httpx HTTP Request: POST https://api.telegram.org/bot8790407909:AAGgUU-V77NroC4WdjDtYqB1fA8x-4yy0DA/getUpdates "HTTP/1.1 200 OK"
2026-03-21 11:17:10,828 INFO httpx HTTP Request: POST https://api.telegram.org/bot8790407909:AAGgUU-V77NroC4WdjDtYqB1fA8x-4yy0DA/getUpdates "HTTP/1.1 200 OK"
2026-03-21 11:17:21,168 INFO httpx HTTP Request: POST https://api.telegram.org/bot8790407909:AAGgUU-V77NroC4WdjDtYqB1fA8x-4yy0DA/getUpdates "HTTP/1.1 200 OK"
2026-03-21 11:17:31,508 INFO httpx HTTP Request: POST https://api.telegram.org/bot8790407909:AAGgUU-V77NroC4WdjDtYqB1fA8x-4yy0DA/getUpdates "HTTP/1.1 200 OK"
2026-03-21 11:17:41,854 INFO httpx HTTP Request: POST https://api.telegram.org/bot8790407909:AAGgUU-V77NroC4WdjDtYqB1fA8x-4yy0DA/getUpdates "HTTP/1.1 200 OK"
2026-03-21 11:17:52,201 INFO httpx HTTP Request: POST https://api.telegram.org/bot8790407909:AAGgUU-V77NroC4WdjDtYqB1fA8x-4yy0DA/getUpdates "HTTP/1.1 200 OK"
2026-03-21 11:18:02,636 INFO httpx HTTP Request: POST https://api.telegram.org/bot8790407909:AAGgUU-V77NroC4WdjDtYqB1fA8x-4yy0DA/getUpdates "HTTP/1.1 200 OK"
2026-03-21 11:18:12,977 INFO httpx HTTP Request: POST https://api.telegram.org/bot8790407909:AAGgUU-V77NroC4WdjDtYqB1fA8x-4yy0DA/getUpdates "HTTP/1.1 200 OK"
2026-03-21 11:18:23,324 INFO httpx HTTP Request: POST https://api.telegram.org/bot8790407909:AAGgUU-V77NroC4WdjDtYqB1fA8x-4yy0DA/getUpdates "HTTP/1.1 200 OK"
2026-03-21 11:18:33,667 INFO httpx HTTP Request: POST https://api.telegram.org/bot8790407909:AAGgUU-V77NroC4WdjDtYqB1fA8x-4yy0DA/getUpdates "HTTP/1.1 200 OK"
2026-03-21 11:18:44,003 INFO httpx HTTP Request: POST https://api.telegram.org/bot8790407909:AAGgUU-V77NroC4WdjDtYqB1fA8x-4yy0DA/getUpdates "HTTP/1.1 200 OK"
2026-03-21 11:18:54,340 INFO httpx HTTP Request: POST https://api.telegram.org/bot8790407909:AAGgUU-V77NroC4WdjDtYqB1fA8x-4yy0DA/getUpdates "HTTP/1.1 200 OK"
2026-03-21 11:19:04,688 INFO httpx HTTP Request: POST https://api.telegram.org/bot8790407909:AAGgUU-V77NroC4WdjDtYqB1fA8x-4yy0DA/getUpdates "HTTP/1.1 200 OK"
2026-03-21 11:19:15,133 INFO httpx HTTP Request: POST https://api.telegram.org/bot8790407909:AAGgUU-V77NroC4WdjDtYqB1fA8x-4yy0DA/getUpdates "HTTP/1.1 200 OK"
2026-03-21 11:19:25,577 INFO httpx HTTP Request: POST https://api.telegram.org/bot8790407909:AAGgUU-V77NroC4WdjDtYqB1fA8x-4yy0DA/getUpdates "HTTP/1.1 200 OK"
2026-03-21 11:19:35,919 INFO httpx HTTP Request: POST https://api.telegram.org/bot8790407909:AAGgUU-V77NroC4WdjDtYqB1fA8x-4yy0DA/getUpdates "HTTP/1.1 200 OK"
2026-03-21 11:19:46,268 INFO httpx HTTP Request: POST https://api.telegram.org/bot8790407909:AAGgUU-V77NroC4WdjDtYqB1fA8x-4yy0DA/getUpdates "HTTP/1.1 200 OK"
2026-03-21 11:19:56,913 INFO httpx HTTP Request: POST https://api.telegram.org/bot8790407909:AAGgUU-V77NroC4WdjDtYqB1fA8x-4yy0DA/getUpdates "HTTP/1.1 200 OK"
2026-03-21 11:20:07,359 INFO httpx HTTP Request: POST https://api.telegram.org/bot8790407909:AAGgUU-V77NroC4WdjDtYqB1fA8x-4yy0DA/getUpdates "HTTP/1.1 200 OK"
2026-03-21 11:20:17,701 INFO httpx HTTP Request: POST https://api.telegram.org/bot8790407909:AAGgUU-V77NroC4WdjDtYqB1fA8x-4yy0DA/getUpdates "HTTP/1.1 200 OK"
2026-03-21 11:20:28,043 INFO httpx HTTP Request: POST https://api.telegram.org/bot8790407909:AAGgUU-V77NroC4WdjDtYqB1fA8x-4yy0DA/getUpdates "HTTP/1.1 200 OK"
2026-03-21 11:20:38,477 INFO httpx HTTP Request: POST https://api.telegram.org/bot8790407909:AAGgUU-V77NroC4WdjDtYqB1fA8x-4yy0DA/getUpdates "HTTP/1.1 200 OK"
2026-03-21 11:20:49,138 INFO httpx HTTP Request: POST https://api.telegram.org/bot8790407909:AAGgUU-V77NroC4WdjDtYqB1fA8x-4yy0DA/getUpdates "HTTP/1.1 200 OK"
2026-03-21 11:20:59,479 INFO httpx HTTP Request: POST https://api.telegram.org/bot8790407909:AAGgUU-V77NroC4WdjDtYqB1fA8x-4yy0DA/getUpdates "HTTP/1.1 200 OK"
2026-03-21 11:21:09,830 INFO httpx HTTP Request: POST https://api.telegram.org/bot8790407909:AAGgUU-V77NroC4WdjDtYqB1fA8x-4yy0DA/getUpdates "HTTP/1.1 200 OK"
2026-03-21 11:21:20,187 INFO httpx HTTP Request: POST https://api.telegram.org/bot8790407909:AAGgUU-V77NroC4WdjDtYqB1fA8x-4yy0DA/getUpdates "HTTP/1.1 200 OK"
2026-03-21 11:21:30,521 INFO httpx HTTP Request: POST https://api.telegram.org/bot8790407909:AAGgUU-V77NroC4WdjDtYqB1fA8x-4yy0DA/getUpdates "HTTP/1.1 200 OK"
2026-03-21 11:21:40,952 INFO httpx HTTP Request: POST https://api.telegram.org/bot8790407909:AAGgUU-V77NroC4WdjDtYqB1fA8x-4yy0DA/getUpdates "HTTP/1.1 200 OK"
2026-03-21 11:21:51,294 INFO httpx HTTP Request: POST https://api.telegram.org/bot8790407909:AAGgUU-V77NroC4WdjDtYqB1fA8x-4yy0DA/getUpdates "HTTP/1.1 200 OK"
2026-03-21 11:22:01,949 INFO httpx HTTP Request: POST https://api.telegram.org/bot8790407909:AAGgUU-V77NroC4WdjDtYqB1fA8x-4yy0DA/getUpdates "HTTP/1.1 200 OK"
2026-03-21 11:22:12,390 INFO httpx HTTP Request: POST https://api.telegram.org/bot8790407909:AAGgUU-V77NroC4WdjDtYqB1fA8x-4yy0DA/getUpdates "HTTP/1.1 200 OK"
2026-03-21 11:22:22,834 INFO httpx HTTP Request: POST https://api.telegram.org/bot8790407909:AAGgUU-V77NroC4WdjDtYqB1fA8x-4yy0DA/getUpdates "HTTP/1.1 200 OK"
2026-03-21 11:22:33,382 INFO httpx HTTP Request: POST https://api.telegram.org/bot8790407909:AAGgUU-V77NroC4WdjDtYqB1fA8x-4yy0DA/getUpdates "HTTP/1.1 200 OK"
2026-03-21 11:22:43,729 INFO httpx HTTP Request: POST https://api.telegram.org/bot8790407909:AAGgUU-V77NroC4WdjDtYqB1fA8x-4yy0DA/getUpdates "HTTP/1.1 200 OK"
2026-03-21 11:22:54,170 INFO httpx HTTP Request: POST https://api.telegram.org/bot8790407909:AAGgUU-V77NroC4WdjDtYqB1fA8x-4yy0DA/getUpdates "HTTP/1.1 200 OK"
2026-03-21 11:23:04,510 INFO httpx HTTP Request: POST https://api.telegram.org/bot8790407909:AAGgUU-V77NroC4WdjDtYqB1fA8x-4yy0DA/getUpdates "HTTP/1.1 200 OK"
2026-03-21 11:23:14,848 INFO httpx HTTP Request: POST https://api.telegram.org/bot8790407909:AAGgUU-V77NroC4WdjDtYqB1fA8x-4yy0DA/getUpdates "HTTP/1.1 200 OK"
2026-03-21 11:23:25,186 INFO httpx HTTP Request: POST https://api.telegram.org/bot8790407909:AAGgUU-V77NroC4WdjDtYqB1fA8x-4yy0DA/getUpdates "HTTP/1.1 200 OK"
2026-03-21 11:23:35,642 INFO httpx HTTP Request: POST https://api.telegram.org/bot8790407909:AAGgUU-V77NroC4WdjDtYqB1fA8x-4yy0DA/getUpdates "HTTP/1.1 200 OK"
2026-03-21 11:23:45,982 INFO httpx HTTP Request: POST https://api.telegram.org/bot8790407909:AAGgUU-V77NroC4WdjDtYqB1fA8x-4yy0DA/getUpdates "HTTP/1.1 200 OK"
2026-03-21 11:23:56,942 INFO httpx HTTP Request: POST https://api.telegram.org/bot8790407909:AAGgUU-V77NroC4WdjDtYqB1fA8x-4yy0DA/getUpdates "HTTP/1.1 200 OK"
2026-03-21 11:24:07,387 INFO httpx HTTP Request: POST https://api.telegram.org/bot8790407909:AAGgUU-V77NroC4WdjDtYqB1fA8x-4yy0DA/getUpdates "HTTP/1.1 200 OK"
2026-03-21 11:24:18,041 INFO httpx HTTP Request: POST https://api.telegram.org/bot8790407909:AAGgUU-V77NroC4WdjDtYqB1fA8x-4yy0DA/getUpdates "HTTP/1.1 200 OK"
2026-03-21 11:24:28,482 INFO httpx HTTP Request: POST https://api.telegram.org/bot8790407909:AAGgUU-V77NroC4WdjDtYqB1fA8x-4yy0DA/getUpdates "HTTP/1.1 200 OK"
2026-03-21 11:24:38,926 INFO httpx HTTP Request: POST https://api.telegram.org/bot8790407909:AAGgUU-V77NroC4WdjDtYqB1fA8x-4yy0DA/getUpdates "HTTP/1.1 200 OK"
2026-03-21 11:24:49,372 INFO httpx HTTP Request: POST https://api.telegram.org/bot8790407909:AAGgUU-V77NroC4WdjDtYqB1fA8x-4yy0DA/getUpdates "HTTP/1.1 200 OK"
2026-03-21 11:24:59,816 INFO httpx HTTP Request: POST https://api.telegram.org/bot8790407909:AAGgUU-V77NroC4WdjDtYqB1fA8x-4yy0DA/getUpdates "HTTP/1.1 200 OK"
2026-03-21 11:25:10,149 INFO httpx HTTP Request: POST https://api.telegram.org/bot8790407909:AAGgUU-V77NroC4WdjDtYqB1fA8x-4yy0DA/getUpdates "HTTP/1.1 200 OK"
2026-03-21 11:25:20,500 INFO httpx HTTP Request: POST https://api.telegram.org/bot8790407909:AAGgUU-V77NroC4WdjDtYqB1fA8x-4yy0DA/getUpdates "HTTP/1.1 200 OK"
2026-03-21 11:25:30,844 INFO httpx HTTP Request: POST https://api.telegram.org/bot8790407909:AAGgUU-V77NroC4WdjDtYqB1fA8x-4yy0DA/getUpdates "HTTP/1.1 200 OK"
2026-03-21 11:25:42,634 INFO httpx HTTP Request: POST https://api.telegram.org/bot8790407909:AAGgUU-V77NroC4WdjDtYqB1fA8x-4yy0DA/getUpdates "HTTP/1.1 200 OK"
2026-03-21 11:25:53,063 INFO httpx HTTP Request: POST https://api.telegram.org/bot8790407909:AAGgUU-V77NroC4WdjDtYqB1fA8x-4yy0DA/getUpdates "HTTP/1.1 200 OK"
2026-03-21 11:26:03,407 INFO httpx HTTP Request: POST https://api.telegram.org/bot8790407909:AAGgUU-V77NroC4WdjDtYqB1fA8x-4yy0DA/getUpdates "HTTP/1.1 200 OK"
2026-03-21 11:26:13,736 INFO httpx HTTP Request: POST https://api.telegram.org/bot8790407909:AAGgUU-V77NroC4WdjDtYqB1fA8x-4yy0DA/getUpdates "HTTP/1.1 200 OK"
2026-03-21 11:26:24,092 INFO httpx HTTP Request: POST https://api.telegram.org/bot8790407909:AAGgUU-V77NroC4WdjDtYqB1fA8x-4yy0DA/getUpdates "HTTP/1.1 200 OK"
2026-03-21 11:26:34,423 INFO httpx HTTP Request: POST https://api.telegram.org/bot8790407909:AAGgUU-V77NroC4WdjDtYqB1fA8x-4yy0DA/getUpdates "HTTP/1.1 200 OK"
2026-03-21 11:26:44,776 INFO httpx HTTP Request: POST https://api.telegram.org/bot8790407909:AAGgUU-V77NroC4WdjDtYqB1fA8x-4yy0DA/getUpdates "HTTP/1.1 200 OK"
2026-03-21 11:26:55,114 INFO httpx HTTP Request: POST https://api.telegram.org/bot8790407909:AAGgUU-V77NroC4WdjDtYqB1fA8x-4yy0DA/getUpdates "HTTP/1.1 200 OK"
2026-03-21 11:27:05,463 INFO httpx HTTP Request: POST https://api.telegram.org/bot8790407909:AAGgUU-V77NroC4WdjDtYqB1fA8x-4yy0DA/getUpdates "HTTP/1.1 200 OK"
2026-03-21 11:27:15,825 INFO httpx HTTP Request: POST https://api.telegram.org/bot8790407909:AAGgUU-V77NroC4WdjDtYqB1fA8x-4yy0DA/getUpdates "HTTP/1.1 200 OK"
2026-03-21 11:27:26,175 INFO httpx HTTP Request: POST https://api.telegram.org/bot8790407909:AAGgUU-V77NroC4WdjDtYqB1fA8x-4yy0DA/getUpdates "HTTP/1.1 200 OK"
2026-03-21 11:27:36,798 INFO httpx HTTP Request: POST https://api.telegram.org/bot8790407909:AAGgUU-V77NroC4WdjDtYqB1fA8x-4yy0DA/getUpdates "HTTP/1.1 200 OK"
2026-03-21 11:27:47,140 INFO httpx HTTP Request: POST https://api.telegram.org/bot8790407909:AAGgUU-V77NroC4WdjDtYqB1fA8x-4yy0DA/getUpdates "HTTP/1.1 200 OK"
2026-03-21 11:27:57,687 INFO httpx HTTP Request: POST https://api.telegram.org/bot8790407909:AAGgUU-V77NroC4WdjDtYqB1fA8x-4yy0DA/getUpdates "HTTP/1.1 200 OK"
2026-03-21 11:28:08,138 INFO httpx HTTP Request: POST https://api.telegram.org/bot8790407909:AAGgUU-V77NroC4WdjDtYqB1fA8x-4yy0DA/getUpdates "HTTP/1.1 200 OK"
2026-03-21 11:28:18,578 INFO httpx HTTP Request: POST https://api.telegram.org/bot8790407909:AAGgUU-V77NroC4WdjDtYqB1fA8x-4yy0DA/getUpdates "HTTP/1.1 200 OK"
2026-03-21 11:28:28,919 INFO httpx HTTP Request: POST https://api.telegram.org/bot8790407909:AAGgUU-V77NroC4WdjDtYqB1fA8x-4yy0DA/getUpdates "HTTP/1.1 200 OK"
2026-03-21 11:28:39,262 INFO httpx HTTP Request: POST https://api.telegram.org/bot8790407909:AAGgUU-V77NroC4WdjDtYqB1fA8x-4yy0DA/getUpdates "HTTP/1.1 200 OK"
2026-03-21 11:28:49,706 INFO httpx HTTP Request: POST https://api.telegram.org/bot8790407909:AAGgUU-V77NroC4WdjDtYqB1fA8x-4yy0DA/getUpdates "HTTP/1.1 200 OK"
2026-03-21 11:29:00,049 INFO httpx HTTP Request: POST https://api.telegram.org/bot8790407909:AAGgUU-V77NroC4WdjDtYqB1fA8x-4yy0DA/getUpdates "HTTP/1.1 200 OK"
2026-03-21 11:29:10,394 INFO httpx HTTP Request: POST https://api.telegram.org/bot8790407909:AAGgUU-V77NroC4WdjDtYqB1fA8x-4yy0DA/getUpdates "HTTP/1.1 200 OK"
2026-03-21 11:29:20,940 INFO httpx HTTP Request: POST https://api.telegram.org/bot8790407909:AAGgUU-V77NroC4WdjDtYqB1fA8x-4yy0DA/getUpdates "HTTP/1.1 200 OK"
2026-03-21 11:29:31,386 INFO httpx HTTP Request: POST https://api.telegram.org/bot8790407909:AAGgUU-V77NroC4WdjDtYqB1fA8x-4yy0DA/getUpdates "HTTP/1.1 200 OK"
2026-03-21 11:29:41,718 INFO httpx HTTP Request: POST https://api.telegram.org/bot8790407909:AAGgUU-V77NroC4WdjDtYqB1fA8x-4yy0DA/getUpdates "HTTP/1.1 200 OK"
2026-03-21 11:29:52,046 INFO httpx HTTP Request: POST https://api.telegram.org/bot8790407909:AAGgUU-V77NroC4WdjDtYqB1fA8x-4yy0DA/getUpdates "HTTP/1.1 200 OK"
2026-03-21 11:30:02,411 INFO httpx HTTP Request: POST https://api.telegram.org/bot8790407909:AAGgUU-V77NroC4WdjDtYqB1fA8x-4yy0DA/getUpdates "HTTP/1.1 200 OK"
2026-03-21 11:30:12,858 INFO httpx HTTP Request: POST https://api.telegram.org/bot8790407909:AAGgUU-V77NroC4WdjDtYqB1fA8x-4yy0DA/getUpdates "HTTP/1.1 200 OK"
2026-03-21 11:30:23,302 INFO httpx HTTP Request: POST https://api.telegram.org/bot8790407909:AAGgUU-V77NroC4WdjDtYqB1fA8x-4yy0DA/getUpdates "HTTP/1.1 200 OK"
2026-03-21 11:30:33,644 INFO httpx HTTP Request: POST https://api.telegram.org/bot8790407909:AAGgUU-V77NroC4WdjDtYqB1fA8x-4yy0DA/getUpdates "HTTP/1.1 200 OK"
2026-03-21 11:30:44,191 INFO httpx HTTP Request: POST https://api.telegram.org/bot8790407909:AAGgUU-V77NroC4WdjDtYqB1fA8x-4yy0DA/getUpdates "HTTP/1.1 200 OK"
2026-03-21 11:30:54,535 INFO httpx HTTP Request: POST https://api.telegram.org/bot8790407909:AAGgUU-V77NroC4WdjDtYqB1fA8x-4yy0DA/getUpdates "HTTP/1.1 200 OK"
2026-03-21 11:31:04,866 INFO httpx HTTP Request: POST https://api.telegram.org/bot8790407909:AAGgUU-V77NroC4WdjDtYqB1fA8x-4yy0DA/getUpdates "HTTP/1.1 200 OK"
2026-03-21 11:31:15,194 INFO httpx HTTP Request: POST https://api.telegram.org/bot8790407909:AAGgUU-V77NroC4WdjDtYqB1fA8x-4yy0DA/getUpdates "HTTP/1.1 200 OK"
2026-03-21 11:31:25,530 INFO httpx HTTP Request: POST https://api.telegram.org/bot8790407909:AAGgUU-V77NroC4WdjDtYqB1fA8x-4yy0DA/getUpdates "HTTP/1.1 200 OK"
2026-03-21 11:31:35,904 INFO httpx HTTP Request: POST https://api.telegram.org/bot8790407909:AAGgUU-V77NroC4WdjDtYqB1fA8x-4yy0DA/getUpdates "HTTP/1.1 200 OK"
2026-03-21 11:31:46,241 INFO httpx HTTP Request: POST https://api.telegram.org/bot8790407909:AAGgUU-V77NroC4WdjDtYqB1fA8x-4yy0DA/getUpdates "HTTP/1.1 200 OK"
2026-03-21 11:31:56,574 INFO httpx HTTP Request: POST https://api.telegram.org/bot8790407909:AAGgUU-V77NroC4WdjDtYqB1fA8x-4yy0DA/getUpdates "HTTP/1.1 200 OK"
2026-03-21 11:32:07,137 INFO httpx HTTP Request: POST https://api.telegram.org/bot8790407909:AAGgUU-V77NroC4WdjDtYqB1fA8x-4yy0DA/getUpdates "HTTP/1.1 200 OK"
2026-03-21 11:32:17,478 INFO httpx HTTP Request: POST https://api.telegram.org/bot8790407909:AAGgUU-V77NroC4WdjDtYqB1fA8x-4yy0DA/getUpdates "HTTP/1.1 200 OK"
2026-03-21 11:32:27,812 INFO httpx HTTP Request: POST https://api.telegram.org/bot8790407909:AAGgUU-V77NroC4WdjDtYqB1fA8x-4yy0DA/getUpdates "HTTP/1.1 200 OK"
2026-03-21 11:32:38,164 INFO httpx HTTP Request: POST https://api.telegram.org/bot8790407909:AAGgUU-V77NroC4WdjDtYqB1fA8x-4yy0DA/getUpdates "HTTP/1.1 200 OK"
2026-03-21 11:32:48,507 INFO httpx HTTP Request: POST https://api.telegram.org/bot8790407909:AAGgUU-V77NroC4WdjDtYqB1fA8x-4yy0DA/getUpdates "HTTP/1.1 200 OK"
2026-03-21 11:32:58,856 INFO httpx HTTP Request: POST https://api.telegram.org/bot8790407909:AAGgUU-V77NroC4WdjDtYqB1fA8x-4yy0DA/getUpdates "HTTP/1.1 200 OK"
2026-03-21 11:33:09,192 INFO httpx HTTP Request: POST https://api.telegram.org/bot8790407909:AAGgUU-V77NroC4WdjDtYqB1fA8x-4yy0DA/getUpdates "HTTP/1.1 200 OK"
2026-03-21 11:33:19,527 INFO httpx HTTP Request: POST https://api.telegram.org/bot8790407909:AAGgUU-V77NroC4WdjDtYqB1fA8x-4yy0DA/getUpdates "HTTP/1.1 200 OK"
2026-03-21 11:33:29,860 INFO httpx HTTP Request: POST https://api.telegram.org/bot8790407909:AAGgUU-V77NroC4WdjDtYqB1fA8x-4yy0DA/getUpdates "HTTP/1.1 200 OK"
2026-03-21 11:33:40,229 INFO httpx HTTP Request: POST https://api.telegram.org/bot8790407909:AAGgUU-V77NroC4WdjDtYqB1fA8x-4yy0DA/getUpdates "HTTP/1.1 200 OK"
2026-03-21 11:33:50,567 INFO httpx HTTP Request: POST https://api.telegram.org/bot8790407909:AAGgUU-V77NroC4WdjDtYqB1fA8x-4yy0DA/getUpdates "HTTP/1.1 200 OK"
2026-03-21 11:34:01,008 INFO httpx HTTP Request: POST https://api.telegram.org/bot8790407909:AAGgUU-V77NroC4WdjDtYqB1fA8x-4yy0DA/getUpdates "HTTP/1.1 200 OK"
2026-03-21 11:34:11,356 INFO httpx HTTP Request: POST https://api.telegram.org/bot8790407909:AAGgUU-V77NroC4WdjDtYqB1fA8x-4yy0DA/getUpdates "HTTP/1.1 200 OK"
2026-03-21 11:34:21,998 INFO httpx HTTP Request: POST https://api.telegram.org/bot8790407909:AAGgUU-V77NroC4WdjDtYqB1fA8x-4yy0DA/getUpdates "HTTP/1.1 200 OK"
2026-03-21 11:34:32,445 INFO httpx HTTP Request: POST https://api.telegram.org/bot8790407909:AAGgUU-V77NroC4WdjDtYqB1fA8x-4yy0DA/getUpdates "HTTP/1.1 200 OK"
2026-03-21 11:34:42,888 INFO httpx HTTP Request: POST https://api.telegram.org/bot8790407909:AAGgUU-V77NroC4WdjDtYqB1fA8x-4yy0DA/getUpdates "HTTP/1.1 200 OK"
2026-03-21 11:34:53,231 INFO httpx HTTP Request: POST https://api.telegram.org/bot8790407909:AAGgUU-V77NroC4WdjDtYqB1fA8x-4yy0DA/getUpdates "HTTP/1.1 200 OK"
2026-03-21 11:35:03,562 INFO httpx HTTP Request: POST https://api.telegram.org/bot8790407909:AAGgUU-V77NroC4WdjDtYqB1fA8x-4yy0DA/getUpdates "HTTP/1.1 200 OK"
2026-03-21 11:35:13,917 INFO httpx HTTP Request: POST https://api.telegram.org/bot8790407909:AAGgUU-V77NroC4WdjDtYqB1fA8x-4yy0DA/getUpdates "HTTP/1.1 200 OK"
2026-03-21 11:35:24,259 INFO httpx HTTP Request: POST https://api.telegram.org/bot8790407909:AAGgUU-V77NroC4WdjDtYqB1fA8x-4yy0DA/getUpdates "HTTP/1.1 200 OK"
2026-03-21 11:35:34,591 INFO httpx HTTP Request: POST https://api.telegram.org/bot8790407909:AAGgUU-V77NroC4WdjDtYqB1fA8x-4yy0DA/getUpdates "HTTP/1.1 200 OK"
2026-03-21 11:35:44,945 INFO httpx HTTP Request: POST https://api.telegram.org/bot8790407909:AAGgUU-V77NroC4WdjDtYqB1fA8x-4yy0DA/getUpdates "HTTP/1.1 200 OK"
2026-03-21 11:35:55,276 INFO httpx HTTP Request: POST https://api.telegram.org/bot8790407909:AAGgUU-V77NroC4WdjDtYqB1fA8x-4yy0DA/getUpdates "HTTP/1.1 200 OK"
2026-03-21 11:36:05,639 INFO httpx HTTP Request: POST https://api.telegram.org/bot8790407909:AAGgUU-V77NroC4WdjDtYqB1fA8x-4yy0DA/getUpdates "HTTP/1.1 200 OK"
2026-03-21 11:36:16,075 INFO httpx HTTP Request: POST https://api.telegram.org/bot8790407909:AAGgUU-V77NroC4WdjDtYqB1fA8x-4yy0DA/getUpdates "HTTP/1.1 200 OK"
2026-03-21 11:36:26,417 INFO httpx HTTP Request: POST https://api.telegram.org/bot8790407909:AAGgUU-V77NroC4WdjDtYqB1fA8x-4yy0DA/getUpdates "HTTP/1.1 200 OK"
2026-03-21 11:36:36,862 INFO httpx HTTP Request: POST https://api.telegram.org/bot8790407909:AAGgUU-V77NroC4WdjDtYqB1fA8x-4yy0DA/getUpdates "HTTP/1.1 200 OK"
2026-03-21 11:36:47,203 INFO httpx HTTP Request: POST https://api.telegram.org/bot8790407909:AAGgUU-V77NroC4WdjDtYqB1fA8x-4yy0DA/getUpdates "HTTP/1.1 200 OK"
2026-03-21 11:36:57,649 INFO httpx HTTP Request: POST https://api.telegram.org/bot8790407909:AAGgUU-V77NroC4WdjDtYqB1fA8x-4yy0DA/getUpdates "HTTP/1.1 200 OK"
2026-03-21 11:37:08,202 INFO httpx HTTP Request: POST https://api.telegram.org/bot8790407909:AAGgUU-V77NroC4WdjDtYqB1fA8x-4yy0DA/getUpdates "HTTP/1.1 200 OK"
2026-03-21 11:37:18,643 INFO httpx HTTP Request: POST https://api.telegram.org/bot8790407909:AAGgUU-V77NroC4WdjDtYqB1fA8x-4yy0DA/getUpdates "HTTP/1.1 200 OK"
2026-03-21 11:37:28,983 INFO httpx HTTP Request: POST https://api.telegram.org/bot8790407909:AAGgUU-V77NroC4WdjDtYqB1fA8x-4yy0DA/getUpdates "HTTP/1.1 200 OK"
2026-03-21 11:37:39,532 INFO httpx HTTP Request: POST https://api.telegram.org/bot8790407909:AAGgUU-V77NroC4WdjDtYqB1fA8x-4yy0DA/getUpdates "HTTP/1.1 200 OK"
2026-03-21 11:37:49,978 INFO httpx HTTP Request: POST https://api.telegram.org/bot8790407909:AAGgUU-V77NroC4WdjDtYqB1fA8x-4yy0DA/getUpdates "HTTP/1.1 200 OK"
2026-03-21 11:38:00,523 INFO httpx HTTP Request: POST https://api.telegram.org/bot8790407909:AAGgUU-V77NroC4WdjDtYqB1fA8x-4yy0DA/getUpdates "HTTP/1.1 200 OK"
2026-03-21 11:38:10,852 INFO httpx HTTP Request: POST https://api.telegram.org/bot8790407909:AAGgUU-V77NroC4WdjDtYqB1fA8x-4yy0DA/getUpdates "HTTP/1.1 200 OK"
2026-03-21 11:38:21,311 INFO httpx HTTP Request: POST https://api.telegram.org/bot8790407909:AAGgUU-V77NroC4WdjDtYqB1fA8x-4yy0DA/getUpdates "HTTP/1.1 200 OK"
2026-03-21 11:38:31,755 INFO httpx HTTP Request: POST https://api.telegram.org/bot8790407909:AAGgUU-V77NroC4WdjDtYqB1fA8x-4yy0DA/getUpdates "HTTP/1.1 200 OK"
2026-03-21 11:38:42,201 INFO httpx HTTP Request: POST https://api.telegram.org/bot8790407909:AAGgUU-V77NroC4WdjDtYqB1fA8x-4yy0DA/getUpdates "HTTP/1.1 200 OK"
2026-03-21 11:38:52,646 INFO httpx HTTP Request: POST https://api.telegram.org/bot8790407909:AAGgUU-V77NroC4WdjDtYqB1fA8x-4yy0DA/getUpdates "HTTP/1.1 200 OK"
2026-03-21 11:39:03,090 INFO httpx HTTP Request: POST https://api.telegram.org/bot8790407909:AAGgUU-V77NroC4WdjDtYqB1fA8x-4yy0DA/getUpdates "HTTP/1.1 200 OK"
2026-03-21 11:39:13,433 INFO httpx HTTP Request: POST https://api.telegram.org/bot8790407909:AAGgUU-V77NroC4WdjDtYqB1fA8x-4yy0DA/getUpdates "HTTP/1.1 200 OK"
2026-03-21 11:39:23,960 INFO httpx HTTP Request: POST https://api.telegram.org/bot8790407909:AAGgUU-V77NroC4WdjDtYqB1fA8x-4yy0DA/getUpdates "HTTP/1.1 200 OK"
2026-03-21 11:39:34,426 INFO httpx HTTP Request: POST https://api.telegram.org/bot8790407909:AAGgUU-V77NroC4WdjDtYqB1fA8x-4yy0DA/getUpdates "HTTP/1.1 200 OK"
2026-03-21 11:39:44,768 INFO httpx HTTP Request: POST https://api.telegram.org/bot8790407909:AAGgUU-V77NroC4WdjDtYqB1fA8x-4yy0DA/getUpdates "HTTP/1.1 200 OK"
2026-03-21 11:39:55,316 INFO httpx HTTP Request: POST https://api.telegram.org/bot8790407909:AAGgUU-V77NroC4WdjDtYqB1fA8x-4yy0DA/getUpdates "HTTP/1.1 200 OK"
2026-03-21 11:40:05,758 INFO httpx HTTP Request: POST https://api.telegram.org/bot8790407909:AAGgUU-V77NroC4WdjDtYqB1fA8x-4yy0DA/getUpdates "HTTP/1.1 200 OK"
2026-03-21 11:40:16,103 INFO httpx HTTP Request: POST https://api.telegram.org/bot8790407909:AAGgUU-V77NroC4WdjDtYqB1fA8x-4yy0DA/getUpdates "HTTP/1.1 200 OK"
2026-03-21 11:40:26,445 INFO httpx HTTP Request: POST https://api.telegram.org/bot8790407909:AAGgUU-V77NroC4WdjDtYqB1fA8x-4yy0DA/getUpdates "HTTP/1.1 200 OK"
2026-03-21 11:40:36,794 INFO httpx HTTP Request: POST https://api.telegram.org/bot8790407909:AAGgUU-V77NroC4WdjDtYqB1fA8x-4yy0DA/getUpdates "HTTP/1.1 200 OK"
2026-03-21 11:40:47,234 INFO httpx HTTP Request: POST https://api.telegram.org/bot8790407909:AAGgUU-V77NroC4WdjDtYqB1fA8x-4yy0DA/getUpdates "HTTP/1.1 200 OK"
2026-03-21 11:40:57,577 INFO httpx HTTP Request: POST https://api.telegram.org/bot8790407909:AAGgUU-V77NroC4WdjDtYqB1fA8x-4yy0DA/getUpdates "HTTP/1.1 200 OK"
2026-03-21 11:41:08,131 INFO httpx HTTP Request: POST https://api.telegram.org/bot8790407909:AAGgUU-V77NroC4WdjDtYqB1fA8x-4yy0DA/getUpdates "HTTP/1.1 200 OK"
2026-03-21 11:41:18,567 INFO httpx HTTP Request: POST https://api.telegram.org/bot8790407909:AAGgUU-V77NroC4WdjDtYqB1fA8x-4yy0DA/getUpdates "HTTP/1.1 200 OK"
2026-03-21 11:41:28,910 INFO httpx HTTP Request: POST https://api.telegram.org/bot8790407909:AAGgUU-V77NroC4WdjDtYqB1fA8x-4yy0DA/getUpdates "HTTP/1.1 200 OK"
2026-03-21 11:41:39,241 INFO httpx HTTP Request: POST https://api.telegram.org/bot8790407909:AAGgUU-V77NroC4WdjDtYqB1fA8x-4yy0DA/getUpdates "HTTP/1.1 200 OK"
2026-03-21 11:41:49,571 INFO httpx HTTP Request: POST https://api.telegram.org/bot8790407909:AAGgUU-V77NroC4WdjDtYqB1fA8x-4yy0DA/getUpdates "HTTP/1.1 200 OK"
2026-03-21 11:41:59,937 INFO httpx HTTP Request: POST https://api.telegram.org/bot8790407909:AAGgUU-V77NroC4WdjDtYqB1fA8x-4yy0DA/getUpdates "HTTP/1.1 200 OK"
2026-03-21 11:42:10,279 INFO httpx HTTP Request: POST https://api.telegram.org/bot8790407909:AAGgUU-V77NroC4WdjDtYqB1fA8x-4yy0DA/getUpdates "HTTP/1.1 200 OK"
2026-03-21 11:42:20,624 INFO httpx HTTP Request: POST https://api.telegram.org/bot8790407909:AAGgUU-V77NroC4WdjDtYqB1fA8x-4yy0DA/getUpdates "HTTP/1.1 200 OK"
2026-03-21 11:42:30,954 INFO httpx HTTP Request: POST https://api.telegram.org/bot8790407909:AAGgUU-V77NroC4WdjDtYqB1fA8x-4yy0DA/getUpdates "HTTP/1.1 200 OK"
2026-03-21 11:42:41,309 INFO httpx HTTP Request: POST https://api.telegram.org/bot8790407909:AAGgUU-V77NroC4WdjDtYqB1fA8x-4yy0DA/getUpdates "HTTP/1.1 200 OK"
2026-03-21 11:42:51,653 INFO httpx HTTP Request: POST https://api.telegram.org/bot8790407909:AAGgUU-V77NroC4WdjDtYqB1fA8x-4yy0DA/getUpdates "HTTP/1.1 200 OK"
2026-03-21 11:43:03,631 INFO httpx HTTP Request: POST https://api.telegram.org/bot8790407909:AAGgUU-V77NroC4WdjDtYqB1fA8x-4yy0DA/getUpdates "HTTP/1.1 200 OK"
2026-03-21 11:43:14,078 INFO httpx HTTP Request: POST https://api.telegram.org/bot8790407909:AAGgUU-V77NroC4WdjDtYqB1fA8x-4yy0DA/getUpdates "HTTP/1.1 200 OK"
2026-03-21 11:43:24,521 INFO httpx HTTP Request: POST https://api.telegram.org/bot8790407909:AAGgUU-V77NroC4WdjDtYqB1fA8x-4yy0DA/getUpdates "HTTP/1.1 200 OK"
2026-03-21 11:43:34,869 INFO httpx HTTP Request: POST https://api.telegram.org/bot8790407909:AAGgUU-V77NroC4WdjDtYqB1fA8x-4yy0DA/getUpdates "HTTP/1.1 200 OK"
2026-03-21 11:43:45,263 INFO httpx HTTP Request: POST https://api.telegram.org/bot8790407909:AAGgUU-V77NroC4WdjDtYqB1fA8x-4yy0DA/getUpdates "HTTP/1.1 200 OK"
2026-03-21 11:43:55,651 INFO httpx HTTP Request: POST https://api.telegram.org/bot8790407909:AAGgUU-V77NroC4WdjDtYqB1fA8x-4yy0DA/getUpdates "HTTP/1.1 200 OK"
2026-03-21 11:44:06,301 INFO httpx HTTP Request: POST https://api.telegram.org/bot8790407909:AAGgUU-V77NroC4WdjDtYqB1fA8x-4yy0DA/getUpdates "HTTP/1.1 200 OK"
2026-03-21 11:44:16,748 INFO httpx HTTP Request: POST https://api.telegram.org/bot8790407909:AAGgUU-V77NroC4WdjDtYqB1fA8x-4yy0DA/getUpdates "HTTP/1.1 200 OK"
2026-03-21 11:44:27,192 INFO httpx HTTP Request: POST https://api.telegram.org/bot8790407909:AAGgUU-V77NroC4WdjDtYqB1fA8x-4yy0DA/getUpdates "HTTP/1.1 200 OK"
2026-03-21 11:44:37,636 INFO httpx HTTP Request: POST https://api.telegram.org/bot8790407909:AAGgUU-V77NroC4WdjDtYqB1fA8x-4yy0DA/getUpdates "HTTP/1.1 200 OK"
2026-03-21 11:44:47,979 INFO httpx HTTP Request: POST https://api.telegram.org/bot8790407909:AAGgUU-V77NroC4WdjDtYqB1fA8x-4yy0DA/getUpdates "HTTP/1.1 200 OK"
2026-03-21 11:44:58,423 INFO httpx HTTP Request: POST https://api.telegram.org/bot8790407909:AAGgUU-V77NroC4WdjDtYqB1fA8x-4yy0DA/getUpdates "HTTP/1.1 200 OK"
2026-03-21 11:45:08,762 INFO httpx HTTP Request: POST https://api.telegram.org/bot8790407909:AAGgUU-V77NroC4WdjDtYqB1fA8x-4yy0DA/getUpdates "HTTP/1.1 200 OK"
2026-03-21 11:45:19,416 INFO httpx HTTP Request: POST https://api.telegram.org/bot8790407909:AAGgUU-V77NroC4WdjDtYqB1fA8x-4yy0DA/getUpdates "HTTP/1.1 200 OK"
2026-03-21 11:45:29,860 INFO httpx HTTP Request: POST https://api.telegram.org/bot8790407909:AAGgUU-V77NroC4WdjDtYqB1fA8x-4yy0DA/getUpdates "HTTP/1.1 200 OK"
2026-03-21 11:45:40,306 INFO httpx HTTP Request: POST https://api.telegram.org/bot8790407909:AAGgUU-V77NroC4WdjDtYqB1fA8x-4yy0DA/getUpdates "HTTP/1.1 200 OK"
2026-03-21 11:45:50,650 INFO httpx HTTP Request: POST https://api.telegram.org/bot8790407909:AAGgUU-V77NroC4WdjDtYqB1fA8x-4yy0DA/getUpdates "HTTP/1.1 200 OK"
2026-03-21 11:46:01,197 INFO httpx HTTP Request: POST https://api.telegram.org/bot8790407909:AAGgUU-V77NroC4WdjDtYqB1fA8x-4yy0DA/getUpdates "HTTP/1.1 200 OK"
2026-03-21 11:46:11,544 INFO httpx HTTP Request: POST https://api.telegram.org/bot8790407909:AAGgUU-V77NroC4WdjDtYqB1fA8x-4yy0DA/getUpdates "HTTP/1.1 200 OK"
2026-03-21 11:46:22,086 INFO httpx HTTP Request: POST https://api.telegram.org/bot8790407909:AAGgUU-V77NroC4WdjDtYqB1fA8x-4yy0DA/getUpdates "HTTP/1.1 200 OK"
2026-03-21 11:46:32,467 INFO httpx HTTP Request: POST https://api.telegram.org/bot8790407909:AAGgUU-V77NroC4WdjDtYqB1fA8x-4yy0DA/getUpdates "HTTP/1.1 200 OK"
2026-03-21 11:46:42,872 INFO httpx HTTP Request: POST https://api.telegram.org/bot8790407909:AAGgUU-V77NroC4WdjDtYqB1fA8x-4yy0DA/getUpdates "HTTP/1.1 200 OK"
2026-03-21 11:46:53,214 INFO httpx HTTP Request: POST https://api.telegram.org/bot8790407909:AAGgUU-V77NroC4WdjDtYqB1fA8x-4yy0DA/getUpdates "HTTP/1.1 200 OK"
2026-03-21 11:47:03,660 INFO httpx HTTP Request: POST https://api.telegram.org/bot8790407909:AAGgUU-V77NroC4WdjDtYqB1fA8x-4yy0DA/getUpdates "HTTP/1.1 200 OK"
2026-03-21 11:47:14,004 INFO httpx HTTP Request: POST https://api.telegram.org/bot8790407909:AAGgUU-V77NroC4WdjDtYqB1fA8x-4yy0DA/getUpdates "HTTP/1.1 200 OK"
2026-03-21 11:47:24,447 INFO httpx HTTP Request: POST https://api.telegram.org/bot8790407909:AAGgUU-V77NroC4WdjDtYqB1fA8x-4yy0DA/getUpdates "HTTP/1.1 200 OK"
2026-03-21 11:47:34,790 INFO httpx HTTP Request: POST https://api.telegram.org/bot8790407909:AAGgUU-V77NroC4WdjDtYqB1fA8x-4yy0DA/getUpdates "HTTP/1.1 200 OK"
2026-03-21 11:47:45,337 INFO httpx HTTP Request: POST https://api.telegram.org/bot8790407909:AAGgUU-V77NroC4WdjDtYqB1fA8x-4yy0DA/getUpdates "HTTP/1.1 200 OK"
2026-03-21 11:47:55,686 INFO httpx HTTP Request: POST https://api.telegram.org/bot8790407909:AAGgUU-V77NroC4WdjDtYqB1fA8x-4yy0DA/getUpdates "HTTP/1.1 200 OK"
2026-03-21 11:48:06,227 INFO httpx HTTP Request: POST https://api.telegram.org/bot8790407909:AAGgUU-V77NroC4WdjDtYqB1fA8x-4yy0DA/getUpdates "HTTP/1.1 200 OK"
2026-03-21 11:48:16,673 INFO httpx HTTP Request: POST https://api.telegram.org/bot8790407909:AAGgUU-V77NroC4WdjDtYqB1fA8x-4yy0DA/getUpdates "HTTP/1.1 200 OK"
2026-03-21 11:48:27,118 INFO httpx HTTP Request: POST https://api.telegram.org/bot8790407909:AAGgUU-V77NroC4WdjDtYqB1fA8x-4yy0DA/getUpdates "HTTP/1.1 200 OK"
2026-03-21 11:48:37,471 INFO httpx HTTP Request: POST https://api.telegram.org/bot8790407909:AAGgUU-V77NroC4WdjDtYqB1fA8x-4yy0DA/getUpdates "HTTP/1.1 200 OK"
2026-03-21 11:48:47,905 INFO httpx HTTP Request: POST https://api.telegram.org/bot8790407909:AAGgUU-V77NroC4WdjDtYqB1fA8x-4yy0DA/getUpdates "HTTP/1.1 200 OK"
2026-03-21 11:48:58,280 INFO httpx HTTP Request: POST https://api.telegram.org/bot8790407909:AAGgUU-V77NroC4WdjDtYqB1fA8x-4yy0DA/getUpdates "HTTP/1.1 200 OK"
2026-03-21 11:49:08,912 INFO httpx HTTP Request: POST https://api.telegram.org/bot8790407909:AAGgUU-V77NroC4WdjDtYqB1fA8x-4yy0DA/getUpdates "HTTP/1.1 200 OK"
2026-03-21 11:49:19,342 INFO httpx HTTP Request: POST https://api.telegram.org/bot8790407909:AAGgUU-V77NroC4WdjDtYqB1fA8x-4yy0DA/getUpdates "HTTP/1.1 200 OK"
2026-03-21 11:49:29,788 INFO httpx HTTP Request: POST https://api.telegram.org/bot8790407909:AAGgUU-V77NroC4WdjDtYqB1fA8x-4yy0DA/getUpdates "HTTP/1.1 200 OK"
2026-03-21 11:49:40,131 INFO httpx HTTP Request: POST https://api.telegram.org/bot8790407909:AAGgUU-V77NroC4WdjDtYqB1fA8x-4yy0DA/getUpdates "HTTP/1.1 200 OK"
2026-03-21 11:49:50,685 INFO httpx HTTP Request: POST https://api.telegram.org/bot8790407909:AAGgUU-V77NroC4WdjDtYqB1fA8x-4yy0DA/getUpdates "HTTP/1.1 200 OK"
2026-03-21 11:50:01,135 INFO httpx HTTP Request: POST https://api.telegram.org/bot8790407909:AAGgUU-V77NroC4WdjDtYqB1fA8x-4yy0DA/getUpdates "HTTP/1.1 200 OK"
2026-03-21 11:50:11,489 INFO httpx HTTP Request: POST https://api.telegram.org/bot8790407909:AAGgUU-V77NroC4WdjDtYqB1fA8x-4yy0DA/getUpdates "HTTP/1.1 200 OK"
2026-03-21 11:50:21,909 INFO httpx HTTP Request: POST https://api.telegram.org/bot8790407909:AAGgUU-V77NroC4WdjDtYqB1fA8x-4yy0DA/getUpdates "HTTP/1.1 200 OK"
2026-03-21 11:50:32,765 INFO httpx HTTP Request: POST https://api.telegram.org/bot8790407909:AAGgUU-V77NroC4WdjDtYqB1fA8x-4yy0DA/getUpdates "HTTP/1.1 200 OK"
2026-03-21 11:50:43,209 INFO httpx HTTP Request: POST https://api.telegram.org/bot8790407909:AAGgUU-V77NroC4WdjDtYqB1fA8x-4yy0DA/getUpdates "HTTP/1.1 200 OK"
2026-03-21 11:50:53,653 INFO httpx HTTP Request: POST https://api.telegram.org/bot8790407909:AAGgUU-V77NroC4WdjDtYqB1fA8x-4yy0DA/getUpdates "HTTP/1.1 200 OK"
2026-03-21 11:51:04,101 INFO httpx HTTP Request: POST https://api.telegram.org/bot8790407909:AAGgUU-V77NroC4WdjDtYqB1fA8x-4yy0DA/getUpdates "HTTP/1.1 200 OK"
2026-03-21 11:51:14,543 INFO httpx HTTP Request: POST https://api.telegram.org/bot8790407909:AAGgUU-V77NroC4WdjDtYqB1fA8x-4yy0DA/getUpdates "HTTP/1.1 200 OK"
2026-03-21 11:51:24,988 INFO httpx HTTP Request: POST https://api.telegram.org/bot8790407909:AAGgUU-V77NroC4WdjDtYqB1fA8x-4yy0DA/getUpdates "HTTP/1.1 200 OK"
2026-03-21 11:51:35,433 INFO httpx HTTP Request: POST https://api.telegram.org/bot8790407909:AAGgUU-V77NroC4WdjDtYqB1fA8x-4yy0DA/getUpdates "HTTP/1.1 200 OK"
2026-03-21 11:51:45,886 INFO httpx HTTP Request: POST https://api.telegram.org/bot8790407909:AAGgUU-V77NroC4WdjDtYqB1fA8x-4yy0DA/getUpdates "HTTP/1.1 200 OK"
2026-03-21 11:51:56,323 INFO httpx HTTP Request: POST https://api.telegram.org/bot8790407909:AAGgUU-V77NroC4WdjDtYqB1fA8x-4yy0DA/getUpdates "HTTP/1.1 200 OK"
2026-03-21 11:52:06,768 INFO httpx HTTP Request: POST https://api.telegram.org/bot8790407909:AAGgUU-V77NroC4WdjDtYqB1fA8x-4yy0DA/getUpdates "HTTP/1.1 200 OK"
2026-03-21 11:52:17,214 INFO httpx HTTP Request: POST https://api.telegram.org/bot8790407909:AAGgUU-V77NroC4WdjDtYqB1fA8x-4yy0DA/getUpdates "HTTP/1.1 200 OK"
2026-03-21 11:52:27,558 INFO httpx HTTP Request: POST https://api.telegram.org/bot8790407909:AAGgUU-V77NroC4WdjDtYqB1fA8x-4yy0DA/getUpdates "HTTP/1.1 200 OK"
2026-03-21 11:52:37,904 INFO httpx HTTP Request: POST https://api.telegram.org/bot8790407909:AAGgUU-V77NroC4WdjDtYqB1fA8x-4yy0DA/getUpdates "HTTP/1.1 200 OK"
2026-03-21 11:52:48,345 INFO httpx HTTP Request: POST https://api.telegram.org/bot8790407909:AAGgUU-V77NroC4WdjDtYqB1fA8x-4yy0DA/getUpdates "HTTP/1.1 200 OK"
2026-03-21 11:52:58,693 INFO httpx HTTP Request: POST https://api.telegram.org/bot8790407909:AAGgUU-V77NroC4WdjDtYqB1fA8x-4yy0DA/getUpdates "HTTP/1.1 200 OK"
2026-03-21 11:53:09,132 INFO httpx HTTP Request: POST https://api.telegram.org/bot8790407909:AAGgUU-V77NroC4WdjDtYqB1fA8x-4yy0DA/getUpdates "HTTP/1.1 200 OK"
2026-03-21 11:53:19,476 INFO httpx HTTP Request: POST https://api.telegram.org/bot8790407909:AAGgUU-V77NroC4WdjDtYqB1fA8x-4yy0DA/getUpdates "HTTP/1.1 200 OK"
2026-03-21 11:53:29,844 INFO httpx HTTP Request: POST https://api.telegram.org/bot8790407909:AAGgUU-V77NroC4WdjDtYqB1fA8x-4yy0DA/getUpdates "HTTP/1.1 200 OK"
2026-03-21 11:53:40,260 INFO httpx HTTP Request: POST https://api.telegram.org/bot8790407909:AAGgUU-V77NroC4WdjDtYqB1fA8x-4yy0DA/getUpdates "HTTP/1.1 200 OK"
2026-03-21 11:53:50,618 INFO httpx HTTP Request: POST https://api.telegram.org/bot8790407909:AAGgUU-V77NroC4WdjDtYqB1fA8x-4yy0DA/getUpdates "HTTP/1.1 200 OK"
2026-03-21 11:54:01,057 INFO httpx HTTP Request: POST https://api.telegram.org/bot8790407909:AAGgUU-V77NroC4WdjDtYqB1fA8x-4yy0DA/getUpdates "HTTP/1.1 200 OK"
2026-03-21 11:54:11,496 INFO httpx HTTP Request: POST https://api.telegram.org/bot8790407909:AAGgUU-V77NroC4WdjDtYqB1fA8x-4yy0DA/getUpdates "HTTP/1.1 200 OK"
2026-03-21 11:54:21,941 INFO httpx HTTP Request: POST https://api.telegram.org/bot8790407909:AAGgUU-V77NroC4WdjDtYqB1fA8x-4yy0DA/getUpdates "HTTP/1.1 200 OK"
2026-03-21 11:54:32,386 INFO httpx HTTP Request: POST https://api.telegram.org/bot8790407909:AAGgUU-V77NroC4WdjDtYqB1fA8x-4yy0DA/getUpdates "HTTP/1.1 200 OK"
2026-03-21 11:54:42,730 INFO httpx HTTP Request: POST https://api.telegram.org/bot8790407909:AAGgUU-V77NroC4WdjDtYqB1fA8x-4yy0DA/getUpdates "HTTP/1.1 200 OK"
2026-03-21 11:54:53,077 INFO httpx HTTP Request: POST https://api.telegram.org/bot8790407909:AAGgUU-V77NroC4WdjDtYqB1fA8x-4yy0DA/getUpdates "HTTP/1.1 200 OK"
2026-03-21 11:55:03,467 INFO httpx HTTP Request: POST https://api.telegram.org/bot8790407909:AAGgUU-V77NroC4WdjDtYqB1fA8x-4yy0DA/getUpdates "HTTP/1.1 200 OK"
2026-03-21 11:55:13,814 INFO httpx HTTP Request: POST https://api.telegram.org/bot8790407909:AAGgUU-V77NroC4WdjDtYqB1fA8x-4yy0DA/getUpdates "HTTP/1.1 200 OK"
2026-03-21 11:55:24,197 INFO httpx HTTP Request: POST https://api.telegram.org/bot8790407909:AAGgUU-V77NroC4WdjDtYqB1fA8x-4yy0DA/getUpdates "HTTP/1.1 200 OK"
2026-03-21 11:55:34,642 INFO httpx HTTP Request: POST https://api.telegram.org/bot8790407909:AAGgUU-V77NroC4WdjDtYqB1fA8x-4yy0DA/getUpdates "HTTP/1.1 200 OK"
2026-03-21 11:55:45,088 INFO httpx HTTP Request: POST https://api.telegram.org/bot8790407909:AAGgUU-V77NroC4WdjDtYqB1fA8x-4yy0DA/getUpdates "HTTP/1.1 200 OK"
2026-03-21 11:55:55,636 INFO httpx HTTP Request: POST https://api.telegram.org/bot8790407909:AAGgUU-V77NroC4WdjDtYqB1fA8x-4yy0DA/getUpdates "HTTP/1.1 200 OK"
2026-03-21 11:56:06,084 INFO httpx HTTP Request: POST https://api.telegram.org/bot8790407909:AAGgUU-V77NroC4WdjDtYqB1fA8x-4yy0DA/getUpdates "HTTP/1.1 200 OK"
2026-03-21 11:56:16,525 INFO httpx HTTP Request: POST https://api.telegram.org/bot8790407909:AAGgUU-V77NroC4WdjDtYqB1fA8x-4yy0DA/getUpdates "HTTP/1.1 200 OK"
2026-03-21 11:56:26,976 INFO httpx HTTP Request: POST https://api.telegram.org/bot8790407909:AAGgUU-V77NroC4WdjDtYqB1fA8x-4yy0DA/getUpdates "HTTP/1.1 200 OK"
2026-03-21 11:56:37,416 INFO httpx HTTP Request: POST https://api.telegram.org/bot8790407909:AAGgUU-V77NroC4WdjDtYqB1fA8x-4yy0DA/getUpdates "HTTP/1.1 200 OK"
2026-03-21 11:56:47,860 INFO httpx HTTP Request: POST https://api.telegram.org/bot8790407909:AAGgUU-V77NroC4WdjDtYqB1fA8x-4yy0DA/getUpdates "HTTP/1.1 200 OK"
2026-03-21 11:56:58,306 INFO httpx HTTP Request: POST https://api.telegram.org/bot8790407909:AAGgUU-V77NroC4WdjDtYqB1fA8x-4yy0DA/getUpdates "HTTP/1.1 200 OK"
2026-03-21 11:57:08,652 INFO httpx HTTP Request: POST https://api.telegram.org/bot8790407909:AAGgUU-V77NroC4WdjDtYqB1fA8x-4yy0DA/getUpdates "HTTP/1.1 200 OK"
2026-03-21 11:57:19,196 INFO httpx HTTP Request: POST https://api.telegram.org/bot8790407909:AAGgUU-V77NroC4WdjDtYqB1fA8x-4yy0DA/getUpdates "HTTP/1.1 200 OK"
2026-03-21 11:57:29,641 INFO httpx HTTP Request: POST https://api.telegram.org/bot8790407909:AAGgUU-V77NroC4WdjDtYqB1fA8x-4yy0DA/getUpdates "HTTP/1.1 200 OK"
2026-03-21 11:57:40,003 INFO httpx HTTP Request: POST https://api.telegram.org/bot8790407909:AAGgUU-V77NroC4WdjDtYqB1fA8x-4yy0DA/getUpdates "HTTP/1.1 200 OK"
2026-03-21 11:57:50,348 INFO httpx HTTP Request: POST https://api.telegram.org/bot8790407909:AAGgUU-V77NroC4WdjDtYqB1fA8x-4yy0DA/getUpdates "HTTP/1.1 200 OK"
2026-03-21 11:58:00,771 INFO httpx HTTP Request: POST https://api.telegram.org/bot8790407909:AAGgUU-V77NroC4WdjDtYqB1fA8x-4yy0DA/getUpdates "HTTP/1.1 200 OK"
2026-03-21 11:58:11,214 INFO httpx HTTP Request: POST https://api.telegram.org/bot8790407909:AAGgUU-V77NroC4WdjDtYqB1fA8x-4yy0DA/getUpdates "HTTP/1.1 200 OK"
2026-03-21 11:58:21,661 INFO httpx HTTP Request: POST https://api.telegram.org/bot8790407909:AAGgUU-V77NroC4WdjDtYqB1fA8x-4yy0DA/getUpdates "HTTP/1.1 200 OK"
2026-03-21 11:58:32,015 INFO httpx HTTP Request: POST https://api.telegram.org/bot8790407909:AAGgUU-V77NroC4WdjDtYqB1fA8x-4yy0DA/getUpdates "HTTP/1.1 200 OK"
2026-03-21 11:58:42,448 INFO httpx HTTP Request: POST https://api.telegram.org/bot8790407909:AAGgUU-V77NroC4WdjDtYqB1fA8x-4yy0DA/getUpdates "HTTP/1.1 200 OK"
2026-03-21 11:58:52,894 INFO httpx HTTP Request: POST https://api.telegram.org/bot8790407909:AAGgUU-V77NroC4WdjDtYqB1fA8x-4yy0DA/getUpdates "HTTP/1.1 200 OK"
2026-03-21 11:59:03,337 INFO httpx HTTP Request: POST https://api.telegram.org/bot8790407909:AAGgUU-V77NroC4WdjDtYqB1fA8x-4yy0DA/getUpdates "HTTP/1.1 200 OK"
2026-03-21 11:59:13,783 INFO httpx HTTP Request: POST https://api.telegram.org/bot8790407909:AAGgUU-V77NroC4WdjDtYqB1fA8x-4yy0DA/getUpdates "HTTP/1.1 200 OK"
2026-03-21 11:59:24,200 INFO httpx HTTP Request: POST https://api.telegram.org/bot8790407909:AAGgUU-V77NroC4WdjDtYqB1fA8x-4yy0DA/getUpdates "HTTP/1.1 200 OK"
2026-03-21 11:59:34,569 INFO httpx HTTP Request: POST https://api.telegram.org/bot8790407909:AAGgUU-V77NroC4WdjDtYqB1fA8x-4yy0DA/getUpdates "HTTP/1.1 200 OK"
2026-03-21 11:59:45,118 INFO httpx HTTP Request: POST https://api.telegram.org/bot8790407909:AAGgUU-V77NroC4WdjDtYqB1fA8x-4yy0DA/getUpdates "HTTP/1.1 200 OK"
2026-03-21 11:59:55,563 INFO httpx HTTP Request: POST https://api.telegram.org/bot8790407909:AAGgUU-V77NroC4WdjDtYqB1fA8x-4yy0DA/getUpdates "HTTP/1.1 200 OK"
2026-03-21 12:00:05,917 INFO httpx HTTP Request: POST https://api.telegram.org/bot8790407909:AAGgUU-V77NroC4WdjDtYqB1fA8x-4yy0DA/getUpdates "HTTP/1.1 200 OK"
2026-03-21 12:00:16,287 INFO httpx HTTP Request: POST https://api.telegram.org/bot8790407909:AAGgUU-V77NroC4WdjDtYqB1fA8x-4yy0DA/getUpdates "HTTP/1.1 200 OK"
2026-03-21 12:00:28,023 INFO httpx HTTP Request: POST https://api.telegram.org/bot8790407909:AAGgUU-V77NroC4WdjDtYqB1fA8x-4yy0DA/getUpdates "HTTP/1.1 200 OK"
2026-03-21 12:00:38,378 INFO httpx HTTP Request: POST https://api.telegram.org/bot8790407909:AAGgUU-V77NroC4WdjDtYqB1fA8x-4yy0DA/getUpdates "HTTP/1.1 200 OK"
2026-03-21 12:00:49,017 INFO httpx HTTP Request: POST https://api.telegram.org/bot8790407909:AAGgUU-V77NroC4WdjDtYqB1fA8x-4yy0DA/getUpdates "HTTP/1.1 200 OK"
2026-03-21 12:00:59,464 INFO httpx HTTP Request: POST https://api.telegram.org/bot8790407909:AAGgUU-V77NroC4WdjDtYqB1fA8x-4yy0DA/getUpdates "HTTP/1.1 200 OK"
2026-03-21 12:01:09,907 INFO httpx HTTP Request: POST https://api.telegram.org/bot8790407909:AAGgUU-V77NroC4WdjDtYqB1fA8x-4yy0DA/getUpdates "HTTP/1.1 200 OK"
2026-03-21 12:01:20,257 INFO httpx HTTP Request: POST https://api.telegram.org/bot8790407909:AAGgUU-V77NroC4WdjDtYqB1fA8x-4yy0DA/getUpdates "HTTP/1.1 200 OK"
2026-03-21 12:01:30,796 INFO httpx HTTP Request: POST https://api.telegram.org/bot8790407909:AAGgUU-V77NroC4WdjDtYqB1fA8x-4yy0DA/getUpdates "HTTP/1.1 200 OK"
2026-03-21 12:01:41,241 INFO httpx HTTP Request: POST https://api.telegram.org/bot8790407909:AAGgUU-V77NroC4WdjDtYqB1fA8x-4yy0DA/getUpdates "HTTP/1.1 200 OK"
2026-03-21 12:01:51,592 INFO httpx HTTP Request: POST https://api.telegram.org/bot8790407909:AAGgUU-V77NroC4WdjDtYqB1fA8x-4yy0DA/getUpdates "HTTP/1.1 200 OK"
2026-03-21 12:02:01,971 INFO httpx HTTP Request: POST https://api.telegram.org/bot8790407909:AAGgUU-V77NroC4WdjDtYqB1fA8x-4yy0DA/getUpdates "HTTP/1.1 200 OK"
2026-03-21 12:02:12,326 INFO httpx HTTP Request: POST https://api.telegram.org/bot8790407909:AAGgUU-V77NroC4WdjDtYqB1fA8x-4yy0DA/getUpdates "HTTP/1.1 200 OK"
2026-03-21 12:02:22,720 INFO httpx HTTP Request: POST https://api.telegram.org/bot8790407909:AAGgUU-V77NroC4WdjDtYqB1fA8x-4yy0DA/getUpdates "HTTP/1.1 200 OK"
2026-03-21 12:02:33,159 INFO httpx HTTP Request: POST https://api.telegram.org/bot8790407909:AAGgUU-V77NroC4WdjDtYqB1fA8x-4yy0DA/getUpdates "HTTP/1.1 200 OK"
2026-03-21 12:02:43,604 INFO httpx HTTP Request: POST https://api.telegram.org/bot8790407909:AAGgUU-V77NroC4WdjDtYqB1fA8x-4yy0DA/getUpdates "HTTP/1.1 200 OK"
2026-03-21 12:02:54,048 INFO httpx HTTP Request: POST https://api.telegram.org/bot8790407909:AAGgUU-V77NroC4WdjDtYqB1fA8x-4yy0DA/getUpdates "HTTP/1.1 200 OK"
2026-03-21 12:03:04,493 INFO httpx HTTP Request: POST https://api.telegram.org/bot8790407909:AAGgUU-V77NroC4WdjDtYqB1fA8x-4yy0DA/getUpdates "HTTP/1.1 200 OK"
2026-03-21 12:03:14,939 INFO httpx HTTP Request: POST https://api.telegram.org/bot8790407909:AAGgUU-V77NroC4WdjDtYqB1fA8x-4yy0DA/getUpdates "HTTP/1.1 200 OK"
2026-03-21 12:03:25,294 INFO httpx HTTP Request: POST https://api.telegram.org/bot8790407909:AAGgUU-V77NroC4WdjDtYqB1fA8x-4yy0DA/getUpdates "HTTP/1.1 200 OK"
2026-03-21 12:03:35,725 INFO httpx HTTP Request: POST https://api.telegram.org/bot8790407909:AAGgUU-V77NroC4WdjDtYqB1fA8x-4yy0DA/getUpdates "HTTP/1.1 200 OK"
2026-03-21 12:03:46,273 INFO httpx HTTP Request: POST https://api.telegram.org/bot8790407909:AAGgUU-V77NroC4WdjDtYqB1fA8x-4yy0DA/getUpdates "HTTP/1.1 200 OK"
2026-03-21 12:03:56,718 INFO httpx HTTP Request: POST https://api.telegram.org/bot8790407909:AAGgUU-V77NroC4WdjDtYqB1fA8x-4yy0DA/getUpdates "HTTP/1.1 200 OK"
2026-03-21 12:04:07,072 INFO httpx HTTP Request: POST https://api.telegram.org/bot8790407909:AAGgUU-V77NroC4WdjDtYqB1fA8x-4yy0DA/getUpdates "HTTP/1.1 200 OK"
2026-03-21 12:04:17,432 INFO httpx HTTP Request: POST https://api.telegram.org/bot8790407909:AAGgUU-V77NroC4WdjDtYqB1fA8x-4yy0DA/getUpdates "HTTP/1.1 200 OK"
2026-03-21 12:04:28,053 INFO httpx HTTP Request: POST https://api.telegram.org/bot8790407909:AAGgUU-V77NroC4WdjDtYqB1fA8x-4yy0DA/getUpdates "HTTP/1.1 200 OK"
2026-03-21 12:04:38,498 INFO httpx HTTP Request: POST https://api.telegram.org/bot8790407909:AAGgUU-V77NroC4WdjDtYqB1fA8x-4yy0DA/getUpdates "HTTP/1.1 200 OK"
2026-03-21 12:04:48,943 INFO httpx HTTP Request: POST https://api.telegram.org/bot8790407909:AAGgUU-V77NroC4WdjDtYqB1fA8x-4yy0DA/getUpdates "HTTP/1.1 200 OK"
2026-03-21 12:04:59,389 INFO httpx HTTP Request: POST https://api.telegram.org/bot8790407909:AAGgUU-V77NroC4WdjDtYqB1fA8x-4yy0DA/getUpdates "HTTP/1.1 200 OK"
2026-03-21 12:05:09,833 INFO httpx HTTP Request: POST https://api.telegram.org/bot8790407909:AAGgUU-V77NroC4WdjDtYqB1fA8x-4yy0DA/getUpdates "HTTP/1.1 200 OK"
2026-03-21 12:05:20,184 INFO httpx HTTP Request: POST https://api.telegram.org/bot8790407909:AAGgUU-V77NroC4WdjDtYqB1fA8x-4yy0DA/getUpdates "HTTP/1.1 200 OK"
2026-03-21 12:05:30,722 INFO httpx HTTP Request: POST https://api.telegram.org/bot8790407909:AAGgUU-V77NroC4WdjDtYqB1fA8x-4yy0DA/getUpdates "HTTP/1.1 200 OK"
2026-03-21 12:05:41,168 INFO httpx HTTP Request: POST https://api.telegram.org/bot8790407909:AAGgUU-V77NroC4WdjDtYqB1fA8x-4yy0DA/getUpdates "HTTP/1.1 200 OK"
2026-03-21 12:05:51,612 INFO httpx HTTP Request: POST https://api.telegram.org/bot8790407909:AAGgUU-V77NroC4WdjDtYqB1fA8x-4yy0DA/getUpdates "HTTP/1.1 200 OK"
2026-03-21 12:06:02,057 INFO httpx HTTP Request: POST https://api.telegram.org/bot8790407909:AAGgUU-V77NroC4WdjDtYqB1fA8x-4yy0DA/getUpdates "HTTP/1.1 200 OK"
2026-03-21 12:06:12,440 INFO httpx HTTP Request: POST https://api.telegram.org/bot8790407909:AAGgUU-V77NroC4WdjDtYqB1fA8x-4yy0DA/getUpdates "HTTP/1.1 200 OK"
2026-03-21 12:06:22,791 INFO httpx HTTP Request: POST https://api.telegram.org/bot8790407909:AAGgUU-V77NroC4WdjDtYqB1fA8x-4yy0DA/getUpdates "HTTP/1.1 200 OK"
2026-03-21 12:06:33,146 INFO httpx HTTP Request: POST https://api.telegram.org/bot8790407909:AAGgUU-V77NroC4WdjDtYqB1fA8x-4yy0DA/getUpdates "HTTP/1.1 200 OK"
2026-03-21 12:06:43,530 INFO httpx HTTP Request: POST https://api.telegram.org/bot8790407909:AAGgUU-V77NroC4WdjDtYqB1fA8x-4yy0DA/getUpdates "HTTP/1.1 200 OK"
2026-03-21 12:06:53,974 INFO httpx HTTP Request: POST https://api.telegram.org/bot8790407909:AAGgUU-V77NroC4WdjDtYqB1fA8x-4yy0DA/getUpdates "HTTP/1.1 200 OK"
2026-03-21 12:07:04,386 INFO httpx HTTP Request: POST https://api.telegram.org/bot8790407909:AAGgUU-V77NroC4WdjDtYqB1fA8x-4yy0DA/getUpdates "HTTP/1.1 200 OK"
2026-03-21 12:07:14,759 INFO httpx HTTP Request: POST https://api.telegram.org/bot8790407909:AAGgUU-V77NroC4WdjDtYqB1fA8x-4yy0DA/getUpdates "HTTP/1.1 200 OK"
2026-03-21 12:07:25,206 INFO httpx HTTP Request: POST https://api.telegram.org/bot8790407909:AAGgUU-V77NroC4WdjDtYqB1fA8x-4yy0DA/getUpdates "HTTP/1.1 200 OK"
2026-03-21 12:07:35,653 INFO httpx HTTP Request: POST https://api.telegram.org/bot8790407909:AAGgUU-V77NroC4WdjDtYqB1fA8x-4yy0DA/getUpdates "HTTP/1.1 200 OK"
2026-03-21 12:07:46,201 INFO httpx HTTP Request: POST https://api.telegram.org/bot8790407909:AAGgUU-V77NroC4WdjDtYqB1fA8x-4yy0DA/getUpdates "HTTP/1.1 200 OK"
2026-03-21 12:07:56,605 INFO httpx HTTP Request: POST https://api.telegram.org/bot8790407909:AAGgUU-V77NroC4WdjDtYqB1fA8x-4yy0DA/getUpdates "HTTP/1.1 200 OK"
2026-03-21 12:08:07,090 INFO httpx HTTP Request: POST https://api.telegram.org/bot8790407909:AAGgUU-V77NroC4WdjDtYqB1fA8x-4yy0DA/getUpdates "HTTP/1.1 200 OK"
2026-03-21 12:08:17,533 INFO httpx HTTP Request: POST https://api.telegram.org/bot8790407909:AAGgUU-V77NroC4WdjDtYqB1fA8x-4yy0DA/getUpdates "HTTP/1.1 200 OK"
2026-03-21 12:08:27,980 INFO httpx HTTP Request: POST https://api.telegram.org/bot8790407909:AAGgUU-V77NroC4WdjDtYqB1fA8x-4yy0DA/getUpdates "HTTP/1.1 200 OK"
2026-03-21 12:08:38,425 INFO httpx HTTP Request: POST https://api.telegram.org/bot8790407909:AAGgUU-V77NroC4WdjDtYqB1fA8x-4yy0DA/getUpdates "HTTP/1.1 200 OK"
2026-03-21 12:08:48,870 INFO httpx HTTP Request: POST https://api.telegram.org/bot8790407909:AAGgUU-V77NroC4WdjDtYqB1fA8x-4yy0DA/getUpdates "HTTP/1.1 200 OK"
2026-03-21 12:08:59,314 INFO httpx HTTP Request: POST https://api.telegram.org/bot8790407909:AAGgUU-V77NroC4WdjDtYqB1fA8x-4yy0DA/getUpdates "HTTP/1.1 200 OK"
2026-03-21 12:09:09,760 INFO httpx HTTP Request: POST https://api.telegram.org/bot8790407909:AAGgUU-V77NroC4WdjDtYqB1fA8x-4yy0DA/getUpdates "HTTP/1.1 200 OK"
2026-03-21 12:09:20,123 INFO httpx HTTP Request: POST https://api.telegram.org/bot8790407909:AAGgUU-V77NroC4WdjDtYqB1fA8x-4yy0DA/getUpdates "HTTP/1.1 200 OK"
2026-03-21 12:09:30,477 INFO httpx HTTP Request: POST https://api.telegram.org/bot8790407909:AAGgUU-V77NroC4WdjDtYqB1fA8x-4yy0DA/getUpdates "HTTP/1.1 200 OK"
2026-03-21 12:09:40,889 INFO httpx HTTP Request: POST https://api.telegram.org/bot8790407909:AAGgUU-V77NroC4WdjDtYqB1fA8x-4yy0DA/getUpdates "HTTP/1.1 200 OK"
2026-03-21 12:09:51,556 INFO httpx HTTP Request: POST https://api.telegram.org/bot8790407909:AAGgUU-V77NroC4WdjDtYqB1fA8x-4yy0DA/getUpdates "HTTP/1.1 200 OK"
2026-03-21 12:10:01,939 INFO httpx HTTP Request: POST https://api.telegram.org/bot8790407909:AAGgUU-V77NroC4WdjDtYqB1fA8x-4yy0DA/getUpdates "HTTP/1.1 200 OK"
2026-03-21 12:10:12,308 INFO httpx HTTP Request: POST https://api.telegram.org/bot8790407909:AAGgUU-V77NroC4WdjDtYqB1fA8x-4yy0DA/getUpdates "HTTP/1.1 200 OK"
2026-03-21 12:10:22,670 INFO httpx HTTP Request: POST https://api.telegram.org/bot8790407909:AAGgUU-V77NroC4WdjDtYqB1fA8x-4yy0DA/getUpdates "HTTP/1.1 200 OK"
2026-03-21 12:10:33,113 INFO httpx HTTP Request: POST https://api.telegram.org/bot8790407909:AAGgUU-V77NroC4WdjDtYqB1fA8x-4yy0DA/getUpdates "HTTP/1.1 200 OK"
2026-03-21 12:10:43,460 INFO httpx HTTP Request: POST https://api.telegram.org/bot8790407909:AAGgUU-V77NroC4WdjDtYqB1fA8x-4yy0DA/getUpdates "HTTP/1.1 200 OK"
2026-03-21 12:10:53,819 INFO httpx HTTP Request: POST https://api.telegram.org/bot8790407909:AAGgUU-V77NroC4WdjDtYqB1fA8x-4yy0DA/getUpdates "HTTP/1.1 200 OK"
2026-03-21 12:11:04,348 INFO httpx HTTP Request: POST https://api.telegram.org/bot8790407909:AAGgUU-V77NroC4WdjDtYqB1fA8x-4yy0DA/getUpdates "HTTP/1.1 200 OK"
2026-03-21 12:11:14,791 INFO httpx HTTP Request: POST https://api.telegram.org/bot8790407909:AAGgUU-V77NroC4WdjDtYqB1fA8x-4yy0DA/getUpdates "HTTP/1.1 200 OK"
2026-03-21 12:11:25,237 INFO httpx HTTP Request: POST https://api.telegram.org/bot8790407909:AAGgUU-V77NroC4WdjDtYqB1fA8x-4yy0DA/getUpdates "HTTP/1.1 200 OK"
2026-03-21 12:11:35,680 INFO httpx HTTP Request: POST https://api.telegram.org/bot8790407909:AAGgUU-V77NroC4WdjDtYqB1fA8x-4yy0DA/getUpdates "HTTP/1.1 200 OK"
2026-03-21 12:11:46,127 INFO httpx HTTP Request: POST https://api.telegram.org/bot8790407909:AAGgUU-V77NroC4WdjDtYqB1fA8x-4yy0DA/getUpdates "HTTP/1.1 200 OK"
2026-03-21 12:11:56,477 INFO httpx HTTP Request: POST https://api.telegram.org/bot8790407909:AAGgUU-V77NroC4WdjDtYqB1fA8x-4yy0DA/getUpdates "HTTP/1.1 200 OK"
2026-03-21 12:12:07,015 INFO httpx HTTP Request: POST https://api.telegram.org/bot8790407909:AAGgUU-V77NroC4WdjDtYqB1fA8x-4yy0DA/getUpdates "HTTP/1.1 200 OK"
2026-03-21 12:12:17,378 INFO httpx HTTP Request: POST https://api.telegram.org/bot8790407909:AAGgUU-V77NroC4WdjDtYqB1fA8x-4yy0DA/getUpdates "HTTP/1.1 200 OK"
2026-03-21 12:12:27,732 INFO httpx HTTP Request: POST https://api.telegram.org/bot8790407909:AAGgUU-V77NroC4WdjDtYqB1fA8x-4yy0DA/getUpdates "HTTP/1.1 200 OK"
2026-03-21 12:12:38,353 INFO httpx HTTP Request: POST https://api.telegram.org/bot8790407909:AAGgUU-V77NroC4WdjDtYqB1fA8x-4yy0DA/getUpdates "HTTP/1.1 200 OK"
2026-03-21 12:12:48,796 INFO httpx HTTP Request: POST https://api.telegram.org/bot8790407909:AAGgUU-V77NroC4WdjDtYqB1fA8x-4yy0DA/getUpdates "HTTP/1.1 200 OK"
2026-03-21 12:12:59,247 INFO httpx HTTP Request: POST https://api.telegram.org/bot8790407909:AAGgUU-V77NroC4WdjDtYqB1fA8x-4yy0DA/getUpdates "HTTP/1.1 200 OK"
2026-03-21 12:13:09,686 INFO httpx HTTP Request: POST https://api.telegram.org/bot8790407909:AAGgUU-V77NroC4WdjDtYqB1fA8x-4yy0DA/getUpdates "HTTP/1.1 200 OK"
2026-03-21 12:13:20,240 INFO httpx HTTP Request: POST https://api.telegram.org/bot8790407909:AAGgUU-V77NroC4WdjDtYqB1fA8x-4yy0DA/getUpdates "HTTP/1.1 200 OK"
2026-03-21 12:13:30,599 INFO httpx HTTP Request: POST https://api.telegram.org/bot8790407909:AAGgUU-V77NroC4WdjDtYqB1fA8x-4yy0DA/getUpdates "HTTP/1.1 200 OK"
2026-03-21 12:13:41,020 INFO httpx HTTP Request: POST https://api.telegram.org/bot8790407909:AAGgUU-V77NroC4WdjDtYqB1fA8x-4yy0DA/getUpdates "HTTP/1.1 200 OK"
2026-03-21 12:13:51,465 INFO httpx HTTP Request: POST https://api.telegram.org/bot8790407909:AAGgUU-V77NroC4WdjDtYqB1fA8x-4yy0DA/getUpdates "HTTP/1.1 200 OK"
2026-03-21 12:14:01,905 INFO httpx HTTP Request: POST https://api.telegram.org/bot8790407909:AAGgUU-V77NroC4WdjDtYqB1fA8x-4yy0DA/getUpdates "HTTP/1.1 200 OK"
2026-03-21 12:14:12,355 INFO httpx HTTP Request: POST https://api.telegram.org/bot8790407909:AAGgUU-V77NroC4WdjDtYqB1fA8x-4yy0DA/getUpdates "HTTP/1.1 200 OK"
2026-03-21 12:14:22,748 INFO httpx HTTP Request: POST https://api.telegram.org/bot8790407909:AAGgUU-V77NroC4WdjDtYqB1fA8x-4yy0DA/getUpdates "HTTP/1.1 200 OK"
2026-03-21 12:14:33,150 INFO httpx HTTP Request: POST https://api.telegram.org/bot8790407909:AAGgUU-V77NroC4WdjDtYqB1fA8x-4yy0DA/getUpdates "HTTP/1.1 200 OK"
2026-03-21 12:14:43,695 INFO httpx HTTP Request: POST https://api.telegram.org/bot8790407909:AAGgUU-V77NroC4WdjDtYqB1fA8x-4yy0DA/getUpdates "HTTP/1.1 200 OK"
2026-03-21 12:14:54,136 INFO httpx HTTP Request: POST https://api.telegram.org/bot8790407909:AAGgUU-V77NroC4WdjDtYqB1fA8x-4yy0DA/getUpdates "HTTP/1.1 200 OK"
2026-03-21 12:15:04,580 INFO httpx HTTP Request: POST https://api.telegram.org/bot8790407909:AAGgUU-V77NroC4WdjDtYqB1fA8x-4yy0DA/getUpdates "HTTP/1.1 200 OK"
2026-03-21 12:15:15,025 INFO httpx HTTP Request: POST https://api.telegram.org/bot8790407909:AAGgUU-V77NroC4WdjDtYqB1fA8x-4yy0DA/getUpdates "HTTP/1.1 200 OK"
2026-03-21 12:15:25,384 INFO httpx HTTP Request: POST https://api.telegram.org/bot8790407909:AAGgUU-V77NroC4WdjDtYqB1fA8x-4yy0DA/getUpdates "HTTP/1.1 200 OK"
2026-03-21 12:15:35,812 INFO httpx HTTP Request: POST https://api.telegram.org/bot8790407909:AAGgUU-V77NroC4WdjDtYqB1fA8x-4yy0DA/getUpdates "HTTP/1.1 200 OK"
2026-03-21 12:15:46,162 INFO httpx HTTP Request: POST https://api.telegram.org/bot8790407909:AAGgUU-V77NroC4WdjDtYqB1fA8x-4yy0DA/getUpdates "HTTP/1.1 200 OK"
2026-03-21 12:15:56,712 INFO httpx HTTP Request: POST https://api.telegram.org/bot8790407909:AAGgUU-V77NroC4WdjDtYqB1fA8x-4yy0DA/getUpdates "HTTP/1.1 200 OK"
2026-03-21 12:16:07,148 INFO httpx HTTP Request: POST https://api.telegram.org/bot8790407909:AAGgUU-V77NroC4WdjDtYqB1fA8x-4yy0DA/getUpdates "HTTP/1.1 200 OK"
2026-03-21 12:16:17,592 INFO httpx HTTP Request: POST https://api.telegram.org/bot8790407909:AAGgUU-V77NroC4WdjDtYqB1fA8x-4yy0DA/getUpdates "HTTP/1.1 200 OK"
2026-03-21 12:16:27,958 INFO httpx HTTP Request: POST https://api.telegram.org/bot8790407909:AAGgUU-V77NroC4WdjDtYqB1fA8x-4yy0DA/getUpdates "HTTP/1.1 200 OK"
2026-03-21 12:16:38,584 INFO httpx HTTP Request: POST https://api.telegram.org/bot8790407909:AAGgUU-V77NroC4WdjDtYqB1fA8x-4yy0DA/getUpdates "HTTP/1.1 200 OK"
2026-03-21 12:16:49,030 INFO httpx HTTP Request: POST https://api.telegram.org/bot8790407909:AAGgUU-V77NroC4WdjDtYqB1fA8x-4yy0DA/getUpdates "HTTP/1.1 200 OK"
2026-03-21 12:16:59,387 INFO httpx HTTP Request: POST https://api.telegram.org/bot8790407909:AAGgUU-V77NroC4WdjDtYqB1fA8x-4yy0DA/getUpdates "HTTP/1.1 200 OK"
2026-03-21 12:17:09,751 INFO httpx HTTP Request: POST https://api.telegram.org/bot8790407909:AAGgUU-V77NroC4WdjDtYqB1fA8x-4yy0DA/getUpdates "HTTP/1.1 200 OK"
2026-03-21 12:17:20,159 INFO httpx HTTP Request: POST https://api.telegram.org/bot8790407909:AAGgUU-V77NroC4WdjDtYqB1fA8x-4yy0DA/getUpdates "HTTP/1.1 200 OK"
2026-03-21 12:17:30,604 INFO httpx HTTP Request: POST https://api.telegram.org/bot8790407909:AAGgUU-V77NroC4WdjDtYqB1fA8x-4yy0DA/getUpdates "HTTP/1.1 200 OK"
2026-03-21 12:17:41,050 INFO httpx HTTP Request: POST https://api.telegram.org/bot8790407909:AAGgUU-V77NroC4WdjDtYqB1fA8x-4yy0DA/getUpdates "HTTP/1.1 200 OK"
2026-03-21 12:17:52,927 INFO httpx HTTP Request: POST https://api.telegram.org/bot8790407909:AAGgUU-V77NroC4WdjDtYqB1fA8x-4yy0DA/getUpdates "HTTP/1.1 200 OK"
2026-03-21 12:18:03,373 INFO httpx HTTP Request: POST https://api.telegram.org/bot8790407909:AAGgUU-V77NroC4WdjDtYqB1fA8x-4yy0DA/getUpdates "HTTP/1.1 200 OK"
2026-03-21 12:18:13,819 INFO httpx HTTP Request: POST https://api.telegram.org/bot8790407909:AAGgUU-V77NroC4WdjDtYqB1fA8x-4yy0DA/getUpdates "HTTP/1.1 200 OK"
2026-03-21 12:18:24,259 INFO httpx HTTP Request: POST https://api.telegram.org/bot8790407909:AAGgUU-V77NroC4WdjDtYqB1fA8x-4yy0DA/getUpdates "HTTP/1.1 200 OK"
2026-03-21 12:18:34,707 INFO httpx HTTP Request: POST https://api.telegram.org/bot8790407909:AAGgUU-V77NroC4WdjDtYqB1fA8x-4yy0DA/getUpdates "HTTP/1.1 200 OK"
2026-03-21 12:18:45,152 INFO httpx HTTP Request: POST https://api.telegram.org/bot8790407909:AAGgUU-V77NroC4WdjDtYqB1fA8x-4yy0DA/getUpdates "HTTP/1.1 200 OK"
2026-03-21 12:18:55,491 INFO httpx HTTP Request: POST https://api.telegram.org/bot8790407909:AAGgUU-V77NroC4WdjDtYqB1fA8x-4yy0DA/getUpdates "HTTP/1.1 200 OK"
2026-03-21 12:19:06,042 INFO httpx HTTP Request: POST https://api.telegram.org/bot8790407909:AAGgUU-V77NroC4WdjDtYqB1fA8x-4yy0DA/getUpdates "HTTP/1.1 200 OK"
2026-03-21 12:19:16,385 INFO httpx HTTP Request: POST https://api.telegram.org/bot8790407909:AAGgUU-V77NroC4WdjDtYqB1fA8x-4yy0DA/getUpdates "HTTP/1.1 200 OK"
2026-03-21 12:19:26,727 INFO httpx HTTP Request: POST https://api.telegram.org/bot8790407909:AAGgUU-V77NroC4WdjDtYqB1fA8x-4yy0DA/getUpdates "HTTP/1.1 200 OK"
2026-03-21 12:19:37,071 INFO httpx HTTP Request: POST https://api.telegram.org/bot8790407909:AAGgUU-V77NroC4WdjDtYqB1fA8x-4yy0DA/getUpdates "HTTP/1.1 200 OK"
2026-03-21 12:19:47,516 INFO httpx HTTP Request: POST https://api.telegram.org/bot8790407909:AAGgUU-V77NroC4WdjDtYqB1fA8x-4yy0DA/getUpdates "HTTP/1.1 200 OK"
2026-03-21 12:19:57,965 INFO httpx HTTP Request: POST https://api.telegram.org/bot8790407909:AAGgUU-V77NroC4WdjDtYqB1fA8x-4yy0DA/getUpdates "HTTP/1.1 200 OK"
2026-03-21 12:20:08,314 INFO httpx HTTP Request: POST https://api.telegram.org/bot8790407909:AAGgUU-V77NroC4WdjDtYqB1fA8x-4yy0DA/getUpdates "HTTP/1.1 200 OK"
2026-03-21 12:20:18,735 INFO httpx HTTP Request: POST https://api.telegram.org/bot8790407909:AAGgUU-V77NroC4WdjDtYqB1fA8x-4yy0DA/getUpdates "HTTP/1.1 200 OK"
2026-03-21 12:20:29,072 INFO httpx HTTP Request: POST https://api.telegram.org/bot8790407909:AAGgUU-V77NroC4WdjDtYqB1fA8x-4yy0DA/getUpdates "HTTP/1.1 200 OK"
2026-03-21 12:20:39,435 INFO httpx HTTP Request: POST https://api.telegram.org/bot8790407909:AAGgUU-V77NroC4WdjDtYqB1fA8x-4yy0DA/getUpdates "HTTP/1.1 200 OK"
2026-03-21 12:20:49,768 INFO httpx HTTP Request: POST https://api.telegram.org/bot8790407909:AAGgUU-V77NroC4WdjDtYqB1fA8x-4yy0DA/getUpdates "HTTP/1.1 200 OK"
2026-03-21 12:21:00,107 INFO httpx HTTP Request: POST https://api.telegram.org/bot8790407909:AAGgUU-V77NroC4WdjDtYqB1fA8x-4yy0DA/getUpdates "HTTP/1.1 200 OK"
2026-03-21 12:21:10,460 INFO httpx HTTP Request: POST https://api.telegram.org/bot8790407909:AAGgUU-V77NroC4WdjDtYqB1fA8x-4yy0DA/getUpdates "HTTP/1.1 200 OK"
2026-03-21 12:21:20,803 INFO httpx HTTP Request: POST https://api.telegram.org/bot8790407909:AAGgUU-V77NroC4WdjDtYqB1fA8x-4yy0DA/getUpdates "HTTP/1.1 200 OK"
2026-03-21 12:21:31,152 INFO httpx HTTP Request: POST https://api.telegram.org/bot8790407909:AAGgUU-V77NroC4WdjDtYqB1fA8x-4yy0DA/getUpdates "HTTP/1.1 200 OK"
2026-03-21 12:21:41,591 INFO httpx HTTP Request: POST https://api.telegram.org/bot8790407909:AAGgUU-V77NroC4WdjDtYqB1fA8x-4yy0DA/getUpdates "HTTP/1.1 200 OK"
2026-03-21 12:21:51,932 INFO httpx HTTP Request: POST https://api.telegram.org/bot8790407909:AAGgUU-V77NroC4WdjDtYqB1fA8x-4yy0DA/getUpdates "HTTP/1.1 200 OK"
2026-03-21 12:22:02,480 INFO httpx HTTP Request: POST https://api.telegram.org/bot8790407909:AAGgUU-V77NroC4WdjDtYqB1fA8x-4yy0DA/getUpdates "HTTP/1.1 200 OK"
2026-03-21 12:22:13,027 INFO httpx HTTP Request: POST https://api.telegram.org/bot8790407909:AAGgUU-V77NroC4WdjDtYqB1fA8x-4yy0DA/getUpdates "HTTP/1.1 200 OK"
2026-03-21 12:22:23,577 INFO httpx HTTP Request: POST https://api.telegram.org/bot8790407909:AAGgUU-V77NroC4WdjDtYqB1fA8x-4yy0DA/getUpdates "HTTP/1.1 200 OK"
2026-03-21 12:22:34,021 INFO httpx HTTP Request: POST https://api.telegram.org/bot8790407909:AAGgUU-V77NroC4WdjDtYqB1fA8x-4yy0DA/getUpdates "HTTP/1.1 200 OK"
2026-03-21 12:22:44,471 INFO httpx HTTP Request: POST https://api.telegram.org/bot8790407909:AAGgUU-V77NroC4WdjDtYqB1fA8x-4yy0DA/getUpdates "HTTP/1.1 200 OK"
2026-03-21 12:22:54,910 INFO httpx HTTP Request: POST https://api.telegram.org/bot8790407909:AAGgUU-V77NroC4WdjDtYqB1fA8x-4yy0DA/getUpdates "HTTP/1.1 200 OK"
2026-03-21 12:23:05,356 INFO httpx HTTP Request: POST https://api.telegram.org/bot8790407909:AAGgUU-V77NroC4WdjDtYqB1fA8x-4yy0DA/getUpdates "HTTP/1.1 200 OK"
2026-03-21 12:23:15,714 INFO httpx HTTP Request: POST https://api.telegram.org/bot8790407909:AAGgUU-V77NroC4WdjDtYqB1fA8x-4yy0DA/getUpdates "HTTP/1.1 200 OK"
2026-03-21 12:23:26,227 INFO httpx HTTP Request: POST https://api.telegram.org/bot8790407909:AAGgUU-V77NroC4WdjDtYqB1fA8x-4yy0DA/getUpdates "HTTP/1.1 200 OK"
2026-03-21 12:23:36,587 INFO httpx HTTP Request: POST https://api.telegram.org/bot8790407909:AAGgUU-V77NroC4WdjDtYqB1fA8x-4yy0DA/getUpdates "HTTP/1.1 200 OK"
2026-03-21 12:23:47,024 INFO httpx HTTP Request: POST https://api.telegram.org/bot8790407909:AAGgUU-V77NroC4WdjDtYqB1fA8x-4yy0DA/getUpdates "HTTP/1.1 200 OK"
2026-03-21 12:23:57,478 INFO httpx HTTP Request: POST https://api.telegram.org/bot8790407909:AAGgUU-V77NroC4WdjDtYqB1fA8x-4yy0DA/getUpdates "HTTP/1.1 200 OK"
2026-03-21 12:24:07,922 INFO httpx HTTP Request: POST https://api.telegram.org/bot8790407909:AAGgUU-V77NroC4WdjDtYqB1fA8x-4yy0DA/getUpdates "HTTP/1.1 200 OK"
2026-03-21 12:24:18,266 INFO httpx HTTP Request: POST https://api.telegram.org/bot8790407909:AAGgUU-V77NroC4WdjDtYqB1fA8x-4yy0DA/getUpdates "HTTP/1.1 200 OK"
2026-03-21 12:24:28,917 INFO httpx HTTP Request: POST https://api.telegram.org/bot8790407909:AAGgUU-V77NroC4WdjDtYqB1fA8x-4yy0DA/getUpdates "HTTP/1.1 200 OK"
2026-03-21 12:24:39,369 INFO httpx HTTP Request: POST https://api.telegram.org/bot8790407909:AAGgUU-V77NroC4WdjDtYqB1fA8x-4yy0DA/getUpdates "HTTP/1.1 200 OK"
2026-03-21 12:24:49,806 INFO httpx HTTP Request: POST https://api.telegram.org/bot8790407909:AAGgUU-V77NroC4WdjDtYqB1fA8x-4yy0DA/getUpdates "HTTP/1.1 200 OK"
2026-03-21 12:25:00,249 INFO httpx HTTP Request: POST https://api.telegram.org/bot8790407909:AAGgUU-V77NroC4WdjDtYqB1fA8x-4yy0DA/getUpdates "HTTP/1.1 200 OK"
2026-03-21 12:25:10,696 INFO httpx HTTP Request: POST https://api.telegram.org/bot8790407909:AAGgUU-V77NroC4WdjDtYqB1fA8x-4yy0DA/getUpdates "HTTP/1.1 200 OK"
2026-03-21 12:25:21,038 INFO httpx HTTP Request: POST https://api.telegram.org/bot8790407909:AAGgUU-V77NroC4WdjDtYqB1fA8x-4yy0DA/getUpdates "HTTP/1.1 200 OK"
2026-03-21 12:25:31,585 INFO httpx HTTP Request: POST https://api.telegram.org/bot8790407909:AAGgUU-V77NroC4WdjDtYqB1fA8x-4yy0DA/getUpdates "HTTP/1.1 200 OK"
2026-03-21 12:25:41,984 INFO httpx HTTP Request: POST https://api.telegram.org/bot8790407909:AAGgUU-V77NroC4WdjDtYqB1fA8x-4yy0DA/getUpdates "HTTP/1.1 200 OK"
2026-03-21 12:25:52,475 INFO httpx HTTP Request: POST https://api.telegram.org/bot8790407909:AAGgUU-V77NroC4WdjDtYqB1fA8x-4yy0DA/getUpdates "HTTP/1.1 200 OK"
2026-03-21 12:26:02,919 INFO httpx HTTP Request: POST https://api.telegram.org/bot8790407909:AAGgUU-V77NroC4WdjDtYqB1fA8x-4yy0DA/getUpdates "HTTP/1.1 200 OK"
2026-03-21 12:26:13,364 INFO httpx HTTP Request: POST https://api.telegram.org/bot8790407909:AAGgUU-V77NroC4WdjDtYqB1fA8x-4yy0DA/getUpdates "HTTP/1.1 200 OK"
2026-03-21 12:26:23,718 INFO httpx HTTP Request: POST https://api.telegram.org/bot8790407909:AAGgUU-V77NroC4WdjDtYqB1fA8x-4yy0DA/getUpdates "HTTP/1.1 200 OK"
2026-03-21 12:26:34,058 INFO httpx HTTP Request: POST https://api.telegram.org/bot8790407909:AAGgUU-V77NroC4WdjDtYqB1fA8x-4yy0DA/getUpdates "HTTP/1.1 200 OK"
2026-03-21 12:26:44,494 INFO httpx HTTP Request: POST https://api.telegram.org/bot8790407909:AAGgUU-V77NroC4WdjDtYqB1fA8x-4yy0DA/getUpdates "HTTP/1.1 200 OK"
2026-03-21 12:26:54,837 INFO httpx HTTP Request: POST https://api.telegram.org/bot8790407909:AAGgUU-V77NroC4WdjDtYqB1fA8x-4yy0DA/getUpdates "HTTP/1.1 200 OK"
2026-03-21 12:27:05,283 INFO httpx HTTP Request: POST https://api.telegram.org/bot8790407909:AAGgUU-V77NroC4WdjDtYqB1fA8x-4yy0DA/getUpdates "HTTP/1.1 200 OK"
2026-03-21 12:27:15,726 INFO httpx HTTP Request: POST https://api.telegram.org/bot8790407909:AAGgUU-V77NroC4WdjDtYqB1fA8x-4yy0DA/getUpdates "HTTP/1.1 200 OK"
2026-03-21 12:27:26,071 INFO httpx HTTP Request: POST https://api.telegram.org/bot8790407909:AAGgUU-V77NroC4WdjDtYqB1fA8x-4yy0DA/getUpdates "HTTP/1.1 200 OK"
2026-03-21 12:27:36,412 INFO httpx HTTP Request: POST https://api.telegram.org/bot8790407909:AAGgUU-V77NroC4WdjDtYqB1fA8x-4yy0DA/getUpdates "HTTP/1.1 200 OK"
2026-03-21 12:27:46,749 INFO httpx HTTP Request: POST https://api.telegram.org/bot8790407909:AAGgUU-V77NroC4WdjDtYqB1fA8x-4yy0DA/getUpdates "HTTP/1.1 200 OK"
2026-03-21 12:27:57,200 INFO httpx HTTP Request: POST https://api.telegram.org/bot8790407909:AAGgUU-V77NroC4WdjDtYqB1fA8x-4yy0DA/getUpdates "HTTP/1.1 200 OK"
2026-03-21 12:28:07,539 INFO httpx HTTP Request: POST https://api.telegram.org/bot8790407909:AAGgUU-V77NroC4WdjDtYqB1fA8x-4yy0DA/getUpdates "HTTP/1.1 200 OK"
2026-03-21 12:28:18,089 INFO httpx HTTP Request: POST https://api.telegram.org/bot8790407909:AAGgUU-V77NroC4WdjDtYqB1fA8x-4yy0DA/getUpdates "HTTP/1.1 200 OK"
2026-03-21 12:28:28,429 INFO httpx HTTP Request: POST https://api.telegram.org/bot8790407909:AAGgUU-V77NroC4WdjDtYqB1fA8x-4yy0DA/getUpdates "HTTP/1.1 200 OK"
2026-03-21 12:28:38,776 INFO httpx HTTP Request: POST https://api.telegram.org/bot8790407909:AAGgUU-V77NroC4WdjDtYqB1fA8x-4yy0DA/getUpdates "HTTP/1.1 200 OK"
2026-03-21 12:28:49,424 INFO httpx HTTP Request: POST https://api.telegram.org/bot8790407909:AAGgUU-V77NroC4WdjDtYqB1fA8x-4yy0DA/getUpdates "HTTP/1.1 200 OK"
2026-03-21 12:28:59,874 INFO httpx HTTP Request: POST https://api.telegram.org/bot8790407909:AAGgUU-V77NroC4WdjDtYqB1fA8x-4yy0DA/getUpdates "HTTP/1.1 200 OK"
2026-03-21 12:29:10,315 INFO httpx HTTP Request: POST https://api.telegram.org/bot8790407909:AAGgUU-V77NroC4WdjDtYqB1fA8x-4yy0DA/getUpdates "HTTP/1.1 200 OK"
2026-03-21 12:29:20,655 INFO httpx HTTP Request: POST https://api.telegram.org/bot8790407909:AAGgUU-V77NroC4WdjDtYqB1fA8x-4yy0DA/getUpdates "HTTP/1.1 200 OK"
2026-03-21 12:29:30,998 INFO httpx HTTP Request: POST https://api.telegram.org/bot8790407909:AAGgUU-V77NroC4WdjDtYqB1fA8x-4yy0DA/getUpdates "HTTP/1.1 200 OK"
2026-03-21 12:29:41,339 INFO httpx HTTP Request: POST https://api.telegram.org/bot8790407909:AAGgUU-V77NroC4WdjDtYqB1fA8x-4yy0DA/getUpdates "HTTP/1.1 200 OK"
2026-03-21 12:29:51,794 INFO httpx HTTP Request: POST https://api.telegram.org/bot8790407909:AAGgUU-V77NroC4WdjDtYqB1fA8x-4yy0DA/getUpdates "HTTP/1.1 200 OK"
2026-03-21 12:30:02,334 INFO httpx HTTP Request: POST https://api.telegram.org/bot8790407909:AAGgUU-V77NroC4WdjDtYqB1fA8x-4yy0DA/getUpdates "HTTP/1.1 200 OK"
2026-03-21 12:30:12,688 INFO httpx HTTP Request: POST https://api.telegram.org/bot8790407909:AAGgUU-V77NroC4WdjDtYqB1fA8x-4yy0DA/getUpdates "HTTP/1.1 200 OK"
2026-03-21 12:30:23,035 INFO httpx HTTP Request: POST https://api.telegram.org/bot8790407909:AAGgUU-V77NroC4WdjDtYqB1fA8x-4yy0DA/getUpdates "HTTP/1.1 200 OK"
2026-03-21 12:30:33,566 INFO httpx HTTP Request: POST https://api.telegram.org/bot8790407909:AAGgUU-V77NroC4WdjDtYqB1fA8x-4yy0DA/getUpdates "HTTP/1.1 200 OK"
2026-03-21 12:30:44,010 INFO httpx HTTP Request: POST https://api.telegram.org/bot8790407909:AAGgUU-V77NroC4WdjDtYqB1fA8x-4yy0DA/getUpdates "HTTP/1.1 200 OK"
2026-03-21 12:30:54,352 INFO httpx HTTP Request: POST https://api.telegram.org/bot8790407909:AAGgUU-V77NroC4WdjDtYqB1fA8x-4yy0DA/getUpdates "HTTP/1.1 200 OK"
2026-03-21 12:31:04,696 INFO httpx HTTP Request: POST https://api.telegram.org/bot8790407909:AAGgUU-V77NroC4WdjDtYqB1fA8x-4yy0DA/getUpdates "HTTP/1.1 200 OK"
2026-03-21 12:31:15,040 INFO httpx HTTP Request: POST https://api.telegram.org/bot8790407909:AAGgUU-V77NroC4WdjDtYqB1fA8x-4yy0DA/getUpdates "HTTP/1.1 200 OK"
2026-03-21 12:31:25,378 INFO httpx HTTP Request: POST https://api.telegram.org/bot8790407909:AAGgUU-V77NroC4WdjDtYqB1fA8x-4yy0DA/getUpdates "HTTP/1.1 200 OK"
2026-03-21 12:31:35,712 INFO httpx HTTP Request: POST https://api.telegram.org/bot8790407909:AAGgUU-V77NroC4WdjDtYqB1fA8x-4yy0DA/getUpdates "HTTP/1.1 200 OK"
2026-03-21 12:31:46,068 INFO httpx HTTP Request: POST https://api.telegram.org/bot8790407909:AAGgUU-V77NroC4WdjDtYqB1fA8x-4yy0DA/getUpdates "HTTP/1.1 200 OK"
2026-03-21 12:31:56,410 INFO httpx HTTP Request: POST https://api.telegram.org/bot8790407909:AAGgUU-V77NroC4WdjDtYqB1fA8x-4yy0DA/getUpdates "HTTP/1.1 200 OK"
2026-03-21 12:32:06,746 INFO httpx HTTP Request: POST https://api.telegram.org/bot8790407909:AAGgUU-V77NroC4WdjDtYqB1fA8x-4yy0DA/getUpdates "HTTP/1.1 200 OK"
2026-03-21 12:32:17,098 INFO httpx HTTP Request: POST https://api.telegram.org/bot8790407909:AAGgUU-V77NroC4WdjDtYqB1fA8x-4yy0DA/getUpdates "HTTP/1.1 200 OK"
2026-03-21 12:32:27,453 INFO httpx HTTP Request: POST https://api.telegram.org/bot8790407909:AAGgUU-V77NroC4WdjDtYqB1fA8x-4yy0DA/getUpdates "HTTP/1.1 200 OK"
2026-03-21 12:32:37,985 INFO httpx HTTP Request: POST https://api.telegram.org/bot8790407909:AAGgUU-V77NroC4WdjDtYqB1fA8x-4yy0DA/getUpdates "HTTP/1.1 200 OK"
2026-03-21 12:32:48,392 INFO httpx HTTP Request: POST https://api.telegram.org/bot8790407909:AAGgUU-V77NroC4WdjDtYqB1fA8x-4yy0DA/getUpdates "HTTP/1.1 200 OK"
2026-03-21 12:32:58,771 INFO httpx HTTP Request: POST https://api.telegram.org/bot8790407909:AAGgUU-V77NroC4WdjDtYqB1fA8x-4yy0DA/getUpdates "HTTP/1.1 200 OK"
2026-03-21 12:33:09,122 INFO httpx HTTP Request: POST https://api.telegram.org/bot8790407909:AAGgUU-V77NroC4WdjDtYqB1fA8x-4yy0DA/getUpdates "HTTP/1.1 200 OK"
2026-03-21 12:33:19,457 INFO httpx HTTP Request: POST https://api.telegram.org/bot8790407909:AAGgUU-V77NroC4WdjDtYqB1fA8x-4yy0DA/getUpdates "HTTP/1.1 200 OK"
2026-03-21 12:33:29,795 INFO httpx HTTP Request: POST https://api.telegram.org/bot8790407909:AAGgUU-V77NroC4WdjDtYqB1fA8x-4yy0DA/getUpdates "HTTP/1.1 200 OK"
2026-03-21 12:33:40,142 INFO httpx HTTP Request: POST https://api.telegram.org/bot8790407909:AAGgUU-V77NroC4WdjDtYqB1fA8x-4yy0DA/getUpdates "HTTP/1.1 200 OK"
2026-03-21 12:33:50,478 INFO httpx HTTP Request: POST https://api.telegram.org/bot8790407909:AAGgUU-V77NroC4WdjDtYqB1fA8x-4yy0DA/getUpdates "HTTP/1.1 200 OK"
2026-03-21 12:34:00,932 INFO httpx HTTP Request: POST https://api.telegram.org/bot8790407909:AAGgUU-V77NroC4WdjDtYqB1fA8x-4yy0DA/getUpdates "HTTP/1.1 200 OK"
2026-03-21 12:34:11,375 INFO httpx HTTP Request: POST https://api.telegram.org/bot8790407909:AAGgUU-V77NroC4WdjDtYqB1fA8x-4yy0DA/getUpdates "HTTP/1.1 200 OK"
2026-03-21 12:34:21,716 INFO httpx HTTP Request: POST https://api.telegram.org/bot8790407909:AAGgUU-V77NroC4WdjDtYqB1fA8x-4yy0DA/getUpdates "HTTP/1.1 200 OK"
2026-03-21 12:34:32,279 INFO httpx HTTP Request: POST https://api.telegram.org/bot8790407909:AAGgUU-V77NroC4WdjDtYqB1fA8x-4yy0DA/getUpdates "HTTP/1.1 200 OK"
2026-03-21 12:34:42,710 INFO httpx HTTP Request: POST https://api.telegram.org/bot8790407909:AAGgUU-V77NroC4WdjDtYqB1fA8x-4yy0DA/getUpdates "HTTP/1.1 200 OK"
2026-03-21 12:34:53,155 INFO httpx HTTP Request: POST https://api.telegram.org/bot8790407909:AAGgUU-V77NroC4WdjDtYqB1fA8x-4yy0DA/getUpdates "HTTP/1.1 200 OK"
2026-03-21 12:35:03,599 INFO httpx HTTP Request: POST https://api.telegram.org/bot8790407909:AAGgUU-V77NroC4WdjDtYqB1fA8x-4yy0DA/getUpdates "HTTP/1.1 200 OK"
2026-03-21 12:35:15,580 INFO httpx HTTP Request: POST https://api.telegram.org/bot8790407909:AAGgUU-V77NroC4WdjDtYqB1fA8x-4yy0DA/getUpdates "HTTP/1.1 200 OK"
2026-03-21 12:35:26,025 INFO httpx HTTP Request: POST https://api.telegram.org/bot8790407909:AAGgUU-V77NroC4WdjDtYqB1fA8x-4yy0DA/getUpdates "HTTP/1.1 200 OK"
2026-03-21 12:35:36,469 INFO httpx HTTP Request: POST https://api.telegram.org/bot8790407909:AAGgUU-V77NroC4WdjDtYqB1fA8x-4yy0DA/getUpdates "HTTP/1.1 200 OK"
2026-03-21 12:35:46,915 INFO httpx HTTP Request: POST https://api.telegram.org/bot8790407909:AAGgUU-V77NroC4WdjDtYqB1fA8x-4yy0DA/getUpdates "HTTP/1.1 200 OK"
2026-03-21 12:35:57,360 INFO httpx HTTP Request: POST https://api.telegram.org/bot8790407909:AAGgUU-V77NroC4WdjDtYqB1fA8x-4yy0DA/getUpdates "HTTP/1.1 200 OK"
2026-03-21 12:36:07,804 INFO httpx HTTP Request: POST https://api.telegram.org/bot8790407909:AAGgUU-V77NroC4WdjDtYqB1fA8x-4yy0DA/getUpdates "HTTP/1.1 200 OK"
2026-03-21 12:36:18,281 INFO httpx HTTP Request: POST https://api.telegram.org/bot8790407909:AAGgUU-V77NroC4WdjDtYqB1fA8x-4yy0DA/getUpdates "HTTP/1.1 200 OK"
2026-03-21 12:36:28,694 INFO httpx HTTP Request: POST https://api.telegram.org/bot8790407909:AAGgUU-V77NroC4WdjDtYqB1fA8x-4yy0DA/getUpdates "HTTP/1.1 200 OK"
2026-03-21 12:36:39,142 INFO httpx HTTP Request: POST https://api.telegram.org/bot8790407909:AAGgUU-V77NroC4WdjDtYqB1fA8x-4yy0DA/getUpdates "HTTP/1.1 200 OK"
2026-03-21 12:36:49,588 INFO httpx HTTP Request: POST https://api.telegram.org/bot8790407909:AAGgUU-V77NroC4WdjDtYqB1fA8x-4yy0DA/getUpdates "HTTP/1.1 200 OK"
2026-03-21 12:37:00,029 INFO httpx HTTP Request: POST https://api.telegram.org/bot8790407909:AAGgUU-V77NroC4WdjDtYqB1fA8x-4yy0DA/getUpdates "HTTP/1.1 200 OK"
2026-03-21 12:37:10,374 INFO httpx HTTP Request: POST https://api.telegram.org/bot8790407909:AAGgUU-V77NroC4WdjDtYqB1fA8x-4yy0DA/getUpdates "HTTP/1.1 200 OK"
2026-03-21 12:37:20,726 INFO httpx HTTP Request: POST https://api.telegram.org/bot8790407909:AAGgUU-V77NroC4WdjDtYqB1fA8x-4yy0DA/getUpdates "HTTP/1.1 200 OK"
2026-03-21 12:37:31,160 INFO httpx HTTP Request: POST https://api.telegram.org/bot8790407909:AAGgUU-V77NroC4WdjDtYqB1fA8x-4yy0DA/getUpdates "HTTP/1.1 200 OK"
2026-03-21 12:37:41,808 INFO httpx HTTP Request: POST https://api.telegram.org/bot8790407909:AAGgUU-V77NroC4WdjDtYqB1fA8x-4yy0DA/getUpdates "HTTP/1.1 200 OK"
2026-03-21 12:37:52,253 INFO httpx HTTP Request: POST https://api.telegram.org/bot8790407909:AAGgUU-V77NroC4WdjDtYqB1fA8x-4yy0DA/getUpdates "HTTP/1.1 200 OK"
2026-03-21 12:38:02,609 INFO httpx HTTP Request: POST https://api.telegram.org/bot8790407909:AAGgUU-V77NroC4WdjDtYqB1fA8x-4yy0DA/getUpdates "HTTP/1.1 200 OK"
2026-03-21 12:38:13,002 INFO httpx HTTP Request: POST https://api.telegram.org/bot8790407909:AAGgUU-V77NroC4WdjDtYqB1fA8x-4yy0DA/getUpdates "HTTP/1.1 200 OK"
2026-03-21 12:38:23,352 INFO httpx HTTP Request: POST https://api.telegram.org/bot8790407909:AAGgUU-V77NroC4WdjDtYqB1fA8x-4yy0DA/getUpdates "HTTP/1.1 200 OK"
2026-03-21 12:38:33,726 INFO httpx HTTP Request: POST https://api.telegram.org/bot8790407909:AAGgUU-V77NroC4WdjDtYqB1fA8x-4yy0DA/getUpdates "HTTP/1.1 200 OK"
2026-03-21 12:38:44,171 INFO httpx HTTP Request: POST https://api.telegram.org/bot8790407909:AAGgUU-V77NroC4WdjDtYqB1fA8x-4yy0DA/getUpdates "HTTP/1.1 200 OK"
2026-03-21 12:38:54,618 INFO httpx HTTP Request: POST https://api.telegram.org/bot8790407909:AAGgUU-V77NroC4WdjDtYqB1fA8x-4yy0DA/getUpdates "HTTP/1.1 200 OK"
2026-03-21 12:39:05,061 INFO httpx HTTP Request: POST https://api.telegram.org/bot8790407909:AAGgUU-V77NroC4WdjDtYqB1fA8x-4yy0DA/getUpdates "HTTP/1.1 200 OK"
2026-03-21 12:39:15,509 INFO httpx HTTP Request: POST https://api.telegram.org/bot8790407909:AAGgUU-V77NroC4WdjDtYqB1fA8x-4yy0DA/getUpdates "HTTP/1.1 200 OK"
2026-03-21 12:39:25,952 INFO httpx HTTP Request: POST https://api.telegram.org/bot8790407909:AAGgUU-V77NroC4WdjDtYqB1fA8x-4yy0DA/getUpdates "HTTP/1.1 200 OK"
2026-03-21 12:39:36,397 INFO httpx HTTP Request: POST https://api.telegram.org/bot8790407909:AAGgUU-V77NroC4WdjDtYqB1fA8x-4yy0DA/getUpdates "HTTP/1.1 200 OK"
2026-03-21 12:39:46,841 INFO httpx HTTP Request: POST https://api.telegram.org/bot8790407909:AAGgUU-V77NroC4WdjDtYqB1fA8x-4yy0DA/getUpdates "HTTP/1.1 200 OK"
2026-03-21 12:39:57,286 INFO httpx HTTP Request: POST https://api.telegram.org/bot8790407909:AAGgUU-V77NroC4WdjDtYqB1fA8x-4yy0DA/getUpdates "HTTP/1.1 200 OK"
2026-03-21 12:40:07,732 INFO httpx HTTP Request: POST https://api.telegram.org/bot8790407909:AAGgUU-V77NroC4WdjDtYqB1fA8x-4yy0DA/getUpdates "HTTP/1.1 200 OK"
2026-03-21 12:40:18,176 INFO httpx HTTP Request: POST https://api.telegram.org/bot8790407909:AAGgUU-V77NroC4WdjDtYqB1fA8x-4yy0DA/getUpdates "HTTP/1.1 200 OK"
2026-03-21 12:40:28,519 INFO httpx HTTP Request: POST https://api.telegram.org/bot8790407909:AAGgUU-V77NroC4WdjDtYqB1fA8x-4yy0DA/getUpdates "HTTP/1.1 200 OK"
2026-03-21 12:40:38,948 INFO httpx HTTP Request: POST https://api.telegram.org/bot8790407909:AAGgUU-V77NroC4WdjDtYqB1fA8x-4yy0DA/getUpdates "HTTP/1.1 200 OK"
2026-03-21 12:40:49,511 INFO httpx HTTP Request: POST https://api.telegram.org/bot8790407909:AAGgUU-V77NroC4WdjDtYqB1fA8x-4yy0DA/getUpdates "HTTP/1.1 200 OK"
2026-03-21 12:40:59,957 INFO httpx HTTP Request: POST https://api.telegram.org/bot8790407909:AAGgUU-V77NroC4WdjDtYqB1fA8x-4yy0DA/getUpdates "HTTP/1.1 200 OK"
2026-03-21 12:41:10,402 INFO httpx HTTP Request: POST https://api.telegram.org/bot8790407909:AAGgUU-V77NroC4WdjDtYqB1fA8x-4yy0DA/getUpdates "HTTP/1.1 200 OK"
2026-03-21 12:41:20,769 INFO httpx HTTP Request: POST https://api.telegram.org/bot8790407909:AAGgUU-V77NroC4WdjDtYqB1fA8x-4yy0DA/getUpdates "HTTP/1.1 200 OK"
2026-03-21 12:41:31,188 INFO httpx HTTP Request: POST https://api.telegram.org/bot8790407909:AAGgUU-V77NroC4WdjDtYqB1fA8x-4yy0DA/getUpdates "HTTP/1.1 200 OK"
2026-03-21 12:41:41,533 INFO httpx HTTP Request: POST https://api.telegram.org/bot8790407909:AAGgUU-V77NroC4WdjDtYqB1fA8x-4yy0DA/getUpdates "HTTP/1.1 200 OK"
2026-03-21 12:41:51,977 INFO httpx HTTP Request: POST https://api.telegram.org/bot8790407909:AAGgUU-V77NroC4WdjDtYqB1fA8x-4yy0DA/getUpdates "HTTP/1.1 200 OK"
2026-03-21 12:42:02,420 INFO httpx HTTP Request: POST https://api.telegram.org/bot8790407909:AAGgUU-V77NroC4WdjDtYqB1fA8x-4yy0DA/getUpdates "HTTP/1.1 200 OK"
2026-03-21 12:42:12,897 INFO httpx HTTP Request: POST https://api.telegram.org/bot8790407909:AAGgUU-V77NroC4WdjDtYqB1fA8x-4yy0DA/getUpdates "HTTP/1.1 200 OK"
2026-03-21 12:42:23,515 INFO httpx HTTP Request: POST https://api.telegram.org/bot8790407909:AAGgUU-V77NroC4WdjDtYqB1fA8x-4yy0DA/getUpdates "HTTP/1.1 200 OK"
2026-03-21 12:42:33,967 INFO httpx HTTP Request: POST https://api.telegram.org/bot8790407909:AAGgUU-V77NroC4WdjDtYqB1fA8x-4yy0DA/getUpdates "HTTP/1.1 200 OK"
2026-03-21 12:42:44,406 INFO httpx HTTP Request: POST https://api.telegram.org/bot8790407909:AAGgUU-V77NroC4WdjDtYqB1fA8x-4yy0DA/getUpdates "HTTP/1.1 200 OK"
2026-03-21 12:42:54,851 INFO httpx HTTP Request: POST https://api.telegram.org/bot8790407909:AAGgUU-V77NroC4WdjDtYqB1fA8x-4yy0DA/getUpdates "HTTP/1.1 200 OK"
2026-03-21 12:43:05,399 INFO httpx HTTP Request: POST https://api.telegram.org/bot8790407909:AAGgUU-V77NroC4WdjDtYqB1fA8x-4yy0DA/getUpdates "HTTP/1.1 200 OK"
2026-03-21 12:43:16,049 INFO httpx HTTP Request: POST https://api.telegram.org/bot8790407909:AAGgUU-V77NroC4WdjDtYqB1fA8x-4yy0DA/getUpdates "HTTP/1.1 200 OK"
2026-03-21 12:43:26,493 INFO httpx HTTP Request: POST https://api.telegram.org/bot8790407909:AAGgUU-V77NroC4WdjDtYqB1fA8x-4yy0DA/getUpdates "HTTP/1.1 200 OK"
2026-03-21 12:43:36,940 INFO httpx HTTP Request: POST https://api.telegram.org/bot8790407909:AAGgUU-V77NroC4WdjDtYqB1fA8x-4yy0DA/getUpdates "HTTP/1.1 200 OK"
2026-03-21 12:43:47,385 INFO httpx HTTP Request: POST https://api.telegram.org/bot8790407909:AAGgUU-V77NroC4WdjDtYqB1fA8x-4yy0DA/getUpdates "HTTP/1.1 200 OK"
2026-03-21 12:43:57,736 INFO httpx HTTP Request: POST https://api.telegram.org/bot8790407909:AAGgUU-V77NroC4WdjDtYqB1fA8x-4yy0DA/getUpdates "HTTP/1.1 200 OK"
2026-03-21 12:44:08,080 INFO httpx HTTP Request: POST https://api.telegram.org/bot8790407909:AAGgUU-V77NroC4WdjDtYqB1fA8x-4yy0DA/getUpdates "HTTP/1.1 200 OK"
2026-03-21 12:44:18,425 INFO httpx HTTP Request: POST https://api.telegram.org/bot8790407909:AAGgUU-V77NroC4WdjDtYqB1fA8x-4yy0DA/getUpdates "HTTP/1.1 200 OK"
2026-03-21 12:44:28,877 INFO httpx HTTP Request: POST https://api.telegram.org/bot8790407909:AAGgUU-V77NroC4WdjDtYqB1fA8x-4yy0DA/getUpdates "HTTP/1.1 200 OK"
2026-03-21 12:44:39,301 INFO httpx HTTP Request: POST https://api.telegram.org/bot8790407909:AAGgUU-V77NroC4WdjDtYqB1fA8x-4yy0DA/getUpdates "HTTP/1.1 200 OK"
2026-03-21 12:44:49,745 INFO httpx HTTP Request: POST https://api.telegram.org/bot8790407909:AAGgUU-V77NroC4WdjDtYqB1fA8x-4yy0DA/getUpdates "HTTP/1.1 200 OK"
2026-03-21 12:45:00,102 INFO httpx HTTP Request: POST https://api.telegram.org/bot8790407909:AAGgUU-V77NroC4WdjDtYqB1fA8x-4yy0DA/getUpdates "HTTP/1.1 200 OK"
2026-03-21 12:45:10,635 INFO httpx HTTP Request: POST https://api.telegram.org/bot8790407909:AAGgUU-V77NroC4WdjDtYqB1fA8x-4yy0DA/getUpdates "HTTP/1.1 200 OK"
2026-03-21 12:45:21,080 INFO httpx HTTP Request: POST https://api.telegram.org/bot8790407909:AAGgUU-V77NroC4WdjDtYqB1fA8x-4yy0DA/getUpdates "HTTP/1.1 200 OK"
2026-03-21 12:45:31,525 INFO httpx HTTP Request: POST https://api.telegram.org/bot8790407909:AAGgUU-V77NroC4WdjDtYqB1fA8x-4yy0DA/getUpdates "HTTP/1.1 200 OK"
2026-03-21 12:45:41,889 INFO httpx HTTP Request: POST https://api.telegram.org/bot8790407909:AAGgUU-V77NroC4WdjDtYqB1fA8x-4yy0DA/getUpdates "HTTP/1.1 200 OK"
2026-03-21 12:45:52,360 INFO httpx HTTP Request: POST https://api.telegram.org/bot8790407909:AAGgUU-V77NroC4WdjDtYqB1fA8x-4yy0DA/getUpdates "HTTP/1.1 200 OK"
2026-03-21 12:46:02,758 INFO httpx HTTP Request: POST https://api.telegram.org/bot8790407909:AAGgUU-V77NroC4WdjDtYqB1fA8x-4yy0DA/getUpdates "HTTP/1.1 200 OK"
2026-03-21 12:46:13,201 INFO httpx HTTP Request: POST https://api.telegram.org/bot8790407909:AAGgUU-V77NroC4WdjDtYqB1fA8x-4yy0DA/getUpdates "HTTP/1.1 200 OK"
2026-03-21 12:46:23,550 INFO httpx HTTP Request: POST https://api.telegram.org/bot8790407909:AAGgUU-V77NroC4WdjDtYqB1fA8x-4yy0DA/getUpdates "HTTP/1.1 200 OK"
2026-03-21 12:46:33,895 INFO httpx HTTP Request: POST https://api.telegram.org/bot8790407909:AAGgUU-V77NroC4WdjDtYqB1fA8x-4yy0DA/getUpdates "HTTP/1.1 200 OK"
2026-03-21 12:46:44,331 INFO httpx HTTP Request: POST https://api.telegram.org/bot8790407909:AAGgUU-V77NroC4WdjDtYqB1fA8x-4yy0DA/getUpdates "HTTP/1.1 200 OK"
2026-03-21 12:46:54,776 INFO httpx HTTP Request: POST https://api.telegram.org/bot8790407909:AAGgUU-V77NroC4WdjDtYqB1fA8x-4yy0DA/getUpdates "HTTP/1.1 200 OK"
2026-03-21 12:47:05,223 INFO httpx HTTP Request: POST https://api.telegram.org/bot8790407909:AAGgUU-V77NroC4WdjDtYqB1fA8x-4yy0DA/getUpdates "HTTP/1.1 200 OK"
2026-03-21 12:47:15,569 INFO httpx HTTP Request: POST https://api.telegram.org/bot8790407909:AAGgUU-V77NroC4WdjDtYqB1fA8x-4yy0DA/getUpdates "HTTP/1.1 200 OK"
2026-03-21 12:47:26,008 INFO httpx HTTP Request: POST https://api.telegram.org/bot8790407909:AAGgUU-V77NroC4WdjDtYqB1fA8x-4yy0DA/getUpdates "HTTP/1.1 200 OK"
2026-03-21 12:47:36,357 INFO httpx HTTP Request: POST https://api.telegram.org/bot8790407909:AAGgUU-V77NroC4WdjDtYqB1fA8x-4yy0DA/getUpdates "HTTP/1.1 200 OK"
2026-03-21 12:47:46,798 INFO httpx HTTP Request: POST https://api.telegram.org/bot8790407909:AAGgUU-V77NroC4WdjDtYqB1fA8x-4yy0DA/getUpdates "HTTP/1.1 200 OK"
2026-03-21 12:47:57,242 INFO httpx HTTP Request: POST https://api.telegram.org/bot8790407909:AAGgUU-V77NroC4WdjDtYqB1fA8x-4yy0DA/getUpdates "HTTP/1.1 200 OK"
2026-03-21 12:48:07,751 INFO httpx HTTP Request: POST https://api.telegram.org/bot8790407909:AAGgUU-V77NroC4WdjDtYqB1fA8x-4yy0DA/getUpdates "HTTP/1.1 200 OK"
2026-03-21 12:48:18,105 INFO httpx HTTP Request: POST https://api.telegram.org/bot8790407909:AAGgUU-V77NroC4WdjDtYqB1fA8x-4yy0DA/getUpdates "HTTP/1.1 200 OK"
2026-03-21 12:48:28,472 INFO httpx HTTP Request: POST https://api.telegram.org/bot8790407909:AAGgUU-V77NroC4WdjDtYqB1fA8x-4yy0DA/getUpdates "HTTP/1.1 200 OK"
2026-03-21 12:48:38,818 INFO httpx HTTP Request: POST https://api.telegram.org/bot8790407909:AAGgUU-V77NroC4WdjDtYqB1fA8x-4yy0DA/getUpdates "HTTP/1.1 200 OK"
2026-03-21 12:48:49,263 INFO httpx HTTP Request: POST https://api.telegram.org/bot8790407909:AAGgUU-V77NroC4WdjDtYqB1fA8x-4yy0DA/getUpdates "HTTP/1.1 200 OK"
2026-03-21 12:48:59,866 INFO httpx HTTP Request: POST https://api.telegram.org/bot8790407909:AAGgUU-V77NroC4WdjDtYqB1fA8x-4yy0DA/getUpdates "HTTP/1.1 200 OK"
2026-03-21 12:49:10,254 INFO httpx HTTP Request: POST https://api.telegram.org/bot8790407909:AAGgUU-V77NroC4WdjDtYqB1fA8x-4yy0DA/getUpdates "HTTP/1.1 200 OK"
2026-03-21 12:49:20,699 INFO httpx HTTP Request: POST https://api.telegram.org/bot8790407909:AAGgUU-V77NroC4WdjDtYqB1fA8x-4yy0DA/getUpdates "HTTP/1.1 200 OK"
2026-03-21 12:49:31,144 INFO httpx HTTP Request: POST https://api.telegram.org/bot8790407909:AAGgUU-V77NroC4WdjDtYqB1fA8x-4yy0DA/getUpdates "HTTP/1.1 200 OK"
2026-03-21 12:49:41,491 INFO httpx HTTP Request: POST https://api.telegram.org/bot8790407909:AAGgUU-V77NroC4WdjDtYqB1fA8x-4yy0DA/getUpdates "HTTP/1.1 200 OK"
2026-03-21 12:49:52,034 INFO httpx HTTP Request: POST https://api.telegram.org/bot8790407909:AAGgUU-V77NroC4WdjDtYqB1fA8x-4yy0DA/getUpdates "HTTP/1.1 200 OK"
2026-03-21 12:50:02,416 INFO httpx HTTP Request: POST https://api.telegram.org/bot8790407909:AAGgUU-V77NroC4WdjDtYqB1fA8x-4yy0DA/getUpdates "HTTP/1.1 200 OK"
2026-03-21 12:50:12,773 INFO httpx HTTP Request: POST https://api.telegram.org/bot8790407909:AAGgUU-V77NroC4WdjDtYqB1fA8x-4yy0DA/getUpdates "HTTP/1.1 200 OK"
2026-03-21 12:50:23,163 INFO httpx HTTP Request: POST https://api.telegram.org/bot8790407909:AAGgUU-V77NroC4WdjDtYqB1fA8x-4yy0DA/getUpdates "HTTP/1.1 200 OK"
2026-03-21 12:50:33,561 INFO httpx HTTP Request: POST https://api.telegram.org/bot8790407909:AAGgUU-V77NroC4WdjDtYqB1fA8x-4yy0DA/getUpdates "HTTP/1.1 200 OK"
2026-03-21 12:50:43,952 INFO httpx HTTP Request: POST https://api.telegram.org/bot8790407909:AAGgUU-V77NroC4WdjDtYqB1fA8x-4yy0DA/getUpdates "HTTP/1.1 200 OK"
2026-03-21 12:50:54,306 INFO httpx HTTP Request: POST https://api.telegram.org/bot8790407909:AAGgUU-V77NroC4WdjDtYqB1fA8x-4yy0DA/getUpdates "HTTP/1.1 200 OK"
2026-03-21 12:51:04,843 INFO httpx HTTP Request: POST https://api.telegram.org/bot8790407909:AAGgUU-V77NroC4WdjDtYqB1fA8x-4yy0DA/getUpdates "HTTP/1.1 200 OK"
2026-03-21 12:51:15,301 INFO httpx HTTP Request: POST https://api.telegram.org/bot8790407909:AAGgUU-V77NroC4WdjDtYqB1fA8x-4yy0DA/getUpdates "HTTP/1.1 200 OK"
2026-03-21 12:51:25,664 INFO httpx HTTP Request: POST https://api.telegram.org/bot8790407909:AAGgUU-V77NroC4WdjDtYqB1fA8x-4yy0DA/getUpdates "HTTP/1.1 200 OK"
2026-03-21 12:51:36,074 INFO httpx HTTP Request: POST https://api.telegram.org/bot8790407909:AAGgUU-V77NroC4WdjDtYqB1fA8x-4yy0DA/getUpdates "HTTP/1.1 200 OK"
2026-03-21 12:51:46,422 INFO httpx HTTP Request: POST https://api.telegram.org/bot8790407909:AAGgUU-V77NroC4WdjDtYqB1fA8x-4yy0DA/getUpdates "HTTP/1.1 200 OK"
2026-03-21 12:51:56,782 INFO httpx HTTP Request: POST https://api.telegram.org/bot8790407909:AAGgUU-V77NroC4WdjDtYqB1fA8x-4yy0DA/getUpdates "HTTP/1.1 200 OK"
2026-03-21 13:23:55,060 INFO app.adapters.executor mt5 window activated
2026-03-21 13:23:56,650 INFO app.adapters.executor mt5 window activated
2026-03-21 13:23:57,725 INFO app.adapters.executor mt5 window activated
2026-03-21 13:24:18,363 INFO app.adapters.executor mt5 window activated
2026-03-21 13:24:19,977 INFO app.adapters.executor mt5 window activated
2026-03-21 13:24:21,675 INFO app.adapters.executor mt5 window activated
2026-03-21 13:25:00,915 INFO app.adapters.executor mt5 window activated
2026-03-21 13:25:02,465 INFO app.adapters.executor mt5 window activated
2026-03-21 13:25:03,501 INFO app.adapters.executor mt5 window activated
2026-03-21 13:25:27,401 INFO app.adapters.capture telegram polling started
2026-03-21 13:25:31,338 INFO httpx HTTP Request: POST https://api.telegram.org/bot8790407909:AAGgUU-V77NroC4WdjDtYqB1fA8x-4yy0DA/getMe "HTTP/1.1 200 OK"
2026-03-21 13:25:31,339 INFO telegram.ext.Application Application started
2026-03-21 13:25:31,690 INFO httpx HTTP Request: POST https://api.telegram.org/bot8790407909:AAGgUU-V77NroC4WdjDtYqB1fA8x-4yy0DA/deleteWebhook "HTTP/1.1 200 OK"
2026-03-21 13:25:37,448 INFO httpx HTTP Request: POST https://api.telegram.org/bot8790407909:AAGgUU-V77NroC4WdjDtYqB1fA8x-4yy0DA/getUpdates "HTTP/1.1 200 OK"
2026-03-21 13:25:37,460 INFO telegram.ext.Application Application is stopping. This might take a moment.
2026-03-21 13:25:37,461 INFO telegram.ext.Application Application.stop() complete
2026-03-21 13:25:42,183 INFO app.adapters.capture telegram polling started
2026-03-21 13:25:43,962 INFO httpx HTTP Request: POST https://api.telegram.org/bot8790407909:AAGgUU-V77NroC4WdjDtYqB1fA8x-4yy0DA/getMe "HTTP/1.1 200 OK"
2026-03-21 13:25:43,964 INFO telegram.ext.Application Application started
2026-03-21 13:25:44,314 INFO httpx HTTP Request: POST https://api.telegram.org/bot8790407909:AAGgUU-V77NroC4WdjDtYqB1fA8x-4yy0DA/deleteWebhook "HTTP/1.1 200 OK"
2026-03-21 13:25:51,328 INFO httpx HTTP Request: POST https://api.telegram.org/bot8790407909:AAGgUU-V77NroC4WdjDtYqB1fA8x-4yy0DA/getUpdates "HTTP/1.1 200 OK"
2026-03-21 13:25:51,330 INFO app.adapters.capture telegram photo accepted
2026-03-21 13:26:01,715 INFO httpx HTTP Request: POST https://api.telegram.org/bot8790407909:AAGgUU-V77NroC4WdjDtYqB1fA8x-4yy0DA/getUpdates "HTTP/1.1 200 OK"
2026-03-21 13:26:11,347 WARNING app.adapters.capture telegram get_file retry
2026-03-21 13:26:12,058 INFO httpx HTTP Request: POST https://api.telegram.org/bot8790407909:AAGgUU-V77NroC4WdjDtYqB1fA8x-4yy0DA/getUpdates "HTTP/1.1 200 OK"
2026-03-21 13:26:15,027 INFO httpx HTTP Request: POST https://api.telegram.org/bot8790407909:AAGgUU-V77NroC4WdjDtYqB1fA8x-4yy0DA/getFile "HTTP/1.1 200 OK"
2026-03-21 13:26:15,588 INFO httpx HTTP Request: GET https://api.telegram.org/file/bot8790407909%3AAAGgUU-V77NroC4WdjDtYqB1fA8x-4yy0DA/photos/file_1.jpg "HTTP/1.1 200 OK"
2026-03-21 13:26:15,867 INFO app.orchestrator.pipeline task transition
2026-03-21 13:26:15,883 INFO app.orchestrator.pipeline task transition
2026-03-21 13:26:15,895 INFO app.orchestrator.pipeline task transition
2026-03-21 13:26:17,259 INFO app.orchestrator.pipeline task transition
2026-03-21 13:26:17,261 INFO app.orchestrator.pipeline task transition
2026-03-21 13:26:17,325 INFO app.orchestrator.pipeline task transition
2026-03-21 13:26:17,341 INFO app.orchestrator.pipeline task transition
2026-03-21 13:26:20,295 INFO app.adapters.executor mt5 window activated
2026-03-21 13:26:23,685 INFO app.adapters.executor mt5 window activated
2026-03-21 13:26:26,831 INFO app.adapters.executor mt5 window activated
2026-03-21 13:26:26,899 INFO app.orchestrator.pipeline task transition
2026-03-21 13:26:26,901 ERROR app.adapters.capture telegram update handler failed
Traceback (most recent call last):
  File "C:\Users\ivanu\OneDrive - ocsd5schools.org\Рабочий стол\BackUp\трейдинг\структуры\!полезное\mt5_god.exe\app\adapters\executor.py", line 774, in _execute_account
    self._prepare_account_context(
  File "C:\Users\ivanu\OneDrive - ocsd5schools.org\Рабочий стол\BackUp\трейдинг\структуры\!полезное\mt5_god.exe\app\adapters\executor.py", line 756, in _prepare_account_context
    self._verify_terminal_ready()
  File "C:\Users\ivanu\OneDrive - ocsd5schools.org\Рабочий стол\BackUp\трейдинг\структуры\!полезное\mt5_god.exe\app\adapters\executor.py", line 425, in _verify_terminal_ready
    self._locate_anchor("main_window")
  File "C:\Users\ivanu\OneDrive - ocsd5schools.org\Рабочий стол\BackUp\трейдинг\структуры\!полезное\mt5_god.exe\app\adapters\executor.py", line 313, in _locate_anchor
    location = pyautogui.locateOnScreen(str(template_path), confidence=self.ui_profile.confidence_threshold)
               ^^^^^^^^^^^^^^^^^^^^^^^^^^^^^^^^^^^^^^^^^^^^^^^^^^^^^^^^^^^^^^^^^^^^^^^^^^^^^^^^^^^^^^^^^^^^^
  File "C:\Users\ivanu\AppData\Local\Programs\Python\Python311\Lib\site-packages\pyautogui\__init__.py", line 172, in wrapper
    return wrappedFunction(*args, **kwargs)
           ^^^^^^^^^^^^^^^^^^^^^^^^^^^^^^^^
  File "C:\Users\ivanu\AppData\Local\Programs\Python\Python311\Lib\site-packages\pyautogui\__init__.py", line 210, in locateOnScreen
    return pyscreeze.locateOnScreen(*args, **kwargs)
           ^^^^^^^^^^^^^^^^^^^^^^^^^^^^^^^^^^^^^^^^^
  File "C:\Users\ivanu\AppData\Local\Programs\Python\Python311\Lib\site-packages\pyscreeze\__init__.py", line 404, in locateOnScreen
    screenshotIm = screenshot(region=None)
                   ^^^^^^^^^^^^^^^^^^^^^^^
  File "C:\Users\ivanu\AppData\Local\Programs\Python\Python311\Lib\site-packages\pyscreeze\__init__.py", line 538, in _screenshot_win32
    im = ImageGrab.grab(all_screens=allScreens)
         ^^^^^^^^^^^^^^^^^^^^^^^^^^^^^^^^^^^^^^
  File "C:\Users\ivanu\AppData\Local\Programs\Python\Python311\Lib\site-packages\PIL\ImageGrab.py", line 54, in grab
    offset, size, data = Image.core.grabscreen_win32(
                         ^^^^^^^^^^^^^^^^^^^^^^^^^^^^
OSError: screen grab failed

During handling of the above exception, another exception occurred:

Traceback (most recent call last):
  File "C:\Users\ivanu\OneDrive - ocsd5schools.org\Рабочий стол\BackUp\трейдинг\структуры\!полезное\mt5_god.exe\app\orchestrator\pipeline.py", line 117, in process_capture_event
    execution_result = self.executor.execute(trade_intent)
                       ^^^^^^^^^^^^^^^^^^^^^^^^^^^^^^^^^^^
  File "C:\Users\ivanu\OneDrive - ocsd5schools.org\Рабочий стол\BackUp\трейдинг\структуры\!полезное\mt5_god.exe\app\adapters\executor.py", line 903, in execute
    account_results = [
                      ^
  File "C:\Users\ivanu\OneDrive - ocsd5schools.org\Рабочий стол\BackUp\трейдинг\структуры\!полезное\mt5_god.exe\app\adapters\executor.py", line 904, in <listcomp>
    self._execute_account(
  File "C:\Users\ivanu\OneDrive - ocsd5schools.org\Рабочий стол\BackUp\трейдинг\структуры\!полезное\mt5_god.exe\app\adapters\executor.py", line 834, in _execute_account
    screenshot_path = screenshot_path or self._save_screenshot(trade_intent.trade_id, f"{account_alias}_error")
                                         ^^^^^^^^^^^^^^^^^^^^^^^^^^^^^^^^^^^^^^^^^^^^^^^^^^^^^^^^^^^^^^^^^^^^^^
  File "C:\Users\ivanu\OneDrive - ocsd5schools.org\Рабочий стол\BackUp\трейдинг\структуры\!полезное\mt5_god.exe\app\adapters\executor.py", line 259, in _save_screenshot
    pyautogui.screenshot(str(target))
  File "C:\Users\ivanu\AppData\Local\Programs\Python\Python311\Lib\site-packages\pyscreeze\__init__.py", line 538, in _screenshot_win32
    im = ImageGrab.grab(all_screens=allScreens)
         ^^^^^^^^^^^^^^^^^^^^^^^^^^^^^^^^^^^^^^
  File "C:\Users\ivanu\AppData\Local\Programs\Python\Python311\Lib\site-packages\PIL\ImageGrab.py", line 54, in grab
    offset, size, data = Image.core.grabscreen_win32(
                         ^^^^^^^^^^^^^^^^^^^^^^^^^^^^
OSError: screen grab failed

The above exception was the direct cause of the following exception:

Traceback (most recent call last):
  File "C:\Users\ivanu\AppData\Local\Programs\Python\Python311\Lib\site-packages\telegram\ext\_application.py", line 1325, in process_update
    await coroutine
  File "C:\Users\ivanu\AppData\Local\Programs\Python\Python311\Lib\site-packages\telegram\ext\_handlers\basehandler.py", line 158, in handle_update
    return await self.callback(update, context)
           ^^^^^^^^^^^^^^^^^^^^^^^^^^^^^^^^^^^^
  File "C:\Users\ivanu\OneDrive - ocsd5schools.org\Рабочий стол\BackUp\трейдинг\структуры\!полезное\mt5_god.exe\app\adapters\capture.py", line 264, in on_message
    result = handler(event)
             ^^^^^^^^^^^^^^
  File "C:\Users\ivanu\OneDrive - ocsd5schools.org\Рабочий стол\BackUp\трейдинг\структуры\!полезное\mt5_god.exe\app\orchestrator\pipeline.py", line 123, in process_capture_event
    raise ExecutionError(reason) from exc
app.domain.exceptions.ExecutionError: execution error: screen grab failed
2026-03-21 13:26:26,954 INFO httpx HTTP Request: POST https://api.telegram.org/bot8790407909:AAGgUU-V77NroC4WdjDtYqB1fA8x-4yy0DA/getUpdates "HTTP/1.1 200 OK"
2026-03-21 13:26:37,370 INFO httpx HTTP Request: POST https://api.telegram.org/bot8790407909:AAGgUU-V77NroC4WdjDtYqB1fA8x-4yy0DA/getUpdates "HTTP/1.1 200 OK"
2026-03-21 13:26:47,710 INFO httpx HTTP Request: POST https://api.telegram.org/bot8790407909:AAGgUU-V77NroC4WdjDtYqB1fA8x-4yy0DA/getUpdates "HTTP/1.1 200 OK"
2026-03-21 13:26:53,055 INFO httpx HTTP Request: POST https://api.telegram.org/bot8790407909:AAGgUU-V77NroC4WdjDtYqB1fA8x-4yy0DA/getUpdates "HTTP/1.1 200 OK"
2026-03-21 13:26:53,058 INFO app.adapters.capture telegram photo accepted
2026-03-21 13:26:54,730 INFO httpx HTTP Request: POST https://api.telegram.org/bot8790407909:AAGgUU-V77NroC4WdjDtYqB1fA8x-4yy0DA/getFile "HTTP/1.1 200 OK"
2026-03-21 13:26:55,374 INFO httpx HTTP Request: GET https://api.telegram.org/file/bot8790407909%3AAAGgUU-V77NroC4WdjDtYqB1fA8x-4yy0DA/photos/file_1.jpg "HTTP/1.1 200 OK"
2026-03-21 13:26:55,708 INFO app.orchestrator.pipeline task transition
2026-03-21 13:26:55,708 INFO app.orchestrator.pipeline task transition
2026-03-21 13:26:55,723 INFO app.orchestrator.pipeline task transition
2026-03-21 13:26:56,173 INFO app.orchestrator.pipeline task transition
2026-03-21 13:26:56,181 INFO app.orchestrator.pipeline task transition
2026-03-21 13:26:56,192 INFO app.orchestrator.pipeline task transition
2026-03-21 13:26:56,207 INFO app.orchestrator.pipeline task transition
2026-03-21 13:26:59,039 INFO app.adapters.executor mt5 window activated
2026-03-21 13:27:02,107 INFO app.adapters.executor mt5 window activated
2026-03-21 13:27:05,186 INFO app.adapters.executor mt5 window activated
2026-03-21 13:27:05,465 INFO app.orchestrator.pipeline task transition
2026-03-21 13:27:05,469 INFO httpx HTTP Request: POST https://api.telegram.org/bot8790407909:AAGgUU-V77NroC4WdjDtYqB1fA8x-4yy0DA/getUpdates "HTTP/1.1 200 OK"
2026-03-21 13:27:15,855 INFO httpx HTTP Request: POST https://api.telegram.org/bot8790407909:AAGgUU-V77NroC4WdjDtYqB1fA8x-4yy0DA/getUpdates "HTTP/1.1 200 OK"
2026-03-21 13:27:31,831 INFO app.adapters.capture telegram polling started
2026-03-21 13:27:33,493 INFO httpx HTTP Request: POST https://api.telegram.org/bot8790407909:AAGgUU-V77NroC4WdjDtYqB1fA8x-4yy0DA/getMe "HTTP/1.1 200 OK"
2026-03-21 13:27:33,494 INFO telegram.ext.Application Application started
2026-03-21 13:27:33,827 INFO httpx HTTP Request: POST https://api.telegram.org/bot8790407909:AAGgUU-V77NroC4WdjDtYqB1fA8x-4yy0DA/deleteWebhook "HTTP/1.1 200 OK"
2026-03-21 13:27:39,902 INFO httpx HTTP Request: POST https://api.telegram.org/bot8790407909:AAGgUU-V77NroC4WdjDtYqB1fA8x-4yy0DA/getUpdates "HTTP/1.1 200 OK"
2026-03-21 13:27:39,904 INFO app.adapters.capture telegram photo accepted
2026-03-21 13:27:41,494 INFO httpx HTTP Request: POST https://api.telegram.org/bot8790407909:AAGgUU-V77NroC4WdjDtYqB1fA8x-4yy0DA/getFile "HTTP/1.1 200 OK"
2026-03-21 13:27:42,175 INFO httpx HTTP Request: GET https://api.telegram.org/file/bot8790407909%3AAAGgUU-V77NroC4WdjDtYqB1fA8x-4yy0DA/photos/file_1.jpg "HTTP/1.1 200 OK"
2026-03-21 13:27:42,490 INFO app.orchestrator.pipeline task transition
2026-03-21 13:27:42,497 INFO app.orchestrator.pipeline task transition
2026-03-21 13:27:42,506 INFO app.orchestrator.pipeline task transition
2026-03-21 13:27:43,786 INFO app.orchestrator.pipeline task transition
2026-03-21 13:27:43,803 INFO app.orchestrator.pipeline task transition
2026-03-21 13:27:43,816 INFO app.orchestrator.pipeline task transition
2026-03-21 13:27:43,824 INFO app.orchestrator.pipeline task transition
2026-03-21 13:27:46,729 INFO app.adapters.executor mt5 window activated
2026-03-21 13:27:50,015 INFO app.adapters.executor mt5 window activated
2026-03-21 13:27:53,186 INFO app.adapters.executor mt5 window activated
2026-03-21 13:27:53,548 INFO app.orchestrator.pipeline task transition
2026-03-21 13:27:53,552 INFO httpx HTTP Request: POST https://api.telegram.org/bot8790407909:AAGgUU-V77NroC4WdjDtYqB1fA8x-4yy0DA/getUpdates "HTTP/1.1 200 OK"
2026-03-21 13:28:03,982 INFO httpx HTTP Request: POST https://api.telegram.org/bot8790407909:AAGgUU-V77NroC4WdjDtYqB1fA8x-4yy0DA/getUpdates "HTTP/1.1 200 OK"
2026-03-21 13:28:14,346 INFO httpx HTTP Request: POST https://api.telegram.org/bot8790407909:AAGgUU-V77NroC4WdjDtYqB1fA8x-4yy0DA/getUpdates "HTTP/1.1 200 OK"
2026-03-21 13:28:24,688 INFO httpx HTTP Request: POST https://api.telegram.org/bot8790407909:AAGgUU-V77NroC4WdjDtYqB1fA8x-4yy0DA/getUpdates "HTTP/1.1 200 OK"
2026-03-21 13:28:35,123 INFO httpx HTTP Request: POST https://api.telegram.org/bot8790407909:AAGgUU-V77NroC4WdjDtYqB1fA8x-4yy0DA/getUpdates "HTTP/1.1 200 OK"
2026-03-21 13:28:45,463 INFO httpx HTTP Request: POST https://api.telegram.org/bot8790407909:AAGgUU-V77NroC4WdjDtYqB1fA8x-4yy0DA/getUpdates "HTTP/1.1 200 OK"
2026-03-21 13:28:46,394 INFO httpx HTTP Request: POST https://api.telegram.org/bot8790407909:AAGgUU-V77NroC4WdjDtYqB1fA8x-4yy0DA/getUpdates "HTTP/1.1 200 OK"
2026-03-21 13:28:46,396 INFO app.adapters.capture telegram photo accepted
2026-03-21 13:28:48,015 INFO httpx HTTP Request: POST https://api.telegram.org/bot8790407909:AAGgUU-V77NroC4WdjDtYqB1fA8x-4yy0DA/getFile "HTTP/1.1 200 OK"
2026-03-21 13:28:48,645 INFO httpx HTTP Request: GET https://api.telegram.org/file/bot8790407909%3AAAGgUU-V77NroC4WdjDtYqB1fA8x-4yy0DA/photos/file_1.jpg "HTTP/1.1 200 OK"
2026-03-21 13:28:48,956 INFO app.orchestrator.pipeline task transition
2026-03-21 13:28:48,956 INFO app.orchestrator.pipeline task transition
2026-03-21 13:28:48,976 INFO app.orchestrator.pipeline task transition
2026-03-21 13:28:49,383 INFO app.orchestrator.pipeline task transition
2026-03-21 13:28:49,389 INFO app.orchestrator.pipeline task transition
2026-03-21 13:28:49,401 INFO app.orchestrator.pipeline task transition
2026-03-21 13:28:49,407 INFO app.orchestrator.pipeline task transition
2026-03-21 13:28:52,237 INFO app.adapters.executor mt5 window activated
2026-03-21 13:28:55,382 INFO app.adapters.executor mt5 window activated
2026-03-21 13:28:58,541 INFO app.adapters.executor mt5 window activated
2026-03-21 13:28:58,832 INFO app.orchestrator.pipeline task transition
2026-03-21 13:28:58,832 INFO httpx HTTP Request: POST https://api.telegram.org/bot8790407909:AAGgUU-V77NroC4WdjDtYqB1fA8x-4yy0DA/getUpdates "HTTP/1.1 200 OK"
2026-03-21 13:29:24,087 INFO app.adapters.executor mt5 window activated
2026-03-21 13:29:25,465 INFO app.adapters.executor mt5 window activated
2026-03-21 13:29:26,552 INFO app.adapters.executor mt5 window activated
2026-03-21 13:29:40,804 INFO app.adapters.executor mt5 window activated
2026-03-21 13:29:52,298 INFO app.adapters.executor mt5 window activated
2026-03-21 13:29:53,851 INFO app.adapters.executor mt5 window activated
2026-03-21 13:29:54,905 INFO app.adapters.executor mt5 window activated
2026-03-21 13:30:11,178 INFO app.adapters.executor mt5 window activated
2026-03-21 13:30:12,724 INFO app.adapters.executor mt5 window activated
2026-03-21 13:30:14,031 INFO app.adapters.executor mt5 window activated
2026-03-21 13:38:21,836 INFO app.adapters.executor mt5 window activated
2026-03-21 13:38:23,506 INFO app.adapters.executor mt5 window activated
2026-03-21 13:38:24,949 INFO app.adapters.executor mt5 window activated
2026-03-21 13:38:26,729 INFO app.adapters.executor mt5 window activated
2026-03-21 13:38:28,141 INFO app.adapters.executor mt5 window activated
2026-03-21 13:38:29,735 INFO app.adapters.executor mt5 window activated
2026-03-21 13:38:31,205 INFO app.adapters.executor mt5 window activated
2026-03-21 13:38:32,648 INFO app.adapters.executor mt5 window activated
2026-03-21 13:38:34,400 INFO app.adapters.executor mt5 window activated
2026-03-21 13:38:35,817 INFO app.adapters.executor mt5 window activated
2026-03-21 13:38:37,388 INFO app.adapters.executor mt5 window activated
2026-03-21 13:38:38,287 INFO app.adapters.executor mt5 window activated
2026-03-21 13:38:40,133 INFO app.adapters.executor mt5 window activated
2026-03-21 13:38:41,568 INFO app.adapters.executor mt5 window activated
2026-03-21 13:38:43,347 INFO app.adapters.executor mt5 window activated
2026-03-21 13:38:44,770 INFO app.adapters.executor mt5 window activated
2026-03-21 13:38:59,878 INFO app.adapters.executor mt5 window activated
2026-03-21 13:39:01,784 INFO app.adapters.executor mt5 window activated
2026-03-21 13:39:03,235 INFO app.adapters.executor mt5 window activated
2026-03-21 13:39:05,033 INFO app.adapters.executor mt5 window activated
2026-03-21 13:39:06,467 INFO app.adapters.executor mt5 window activated
2026-03-21 13:39:08,012 INFO app.adapters.executor mt5 window activated
2026-03-21 13:39:08,942 INFO app.adapters.executor mt5 window activated
2026-03-21 13:39:10,335 INFO app.adapters.executor mt5 window activated
2026-03-21 13:39:10,946 WARNING app.adapters.executor main window template not found after activation; proceeding with active MT5 window
2026-03-21 13:39:11,946 INFO app.adapters.executor mt5 window activated
2026-03-21 13:39:13,483 INFO app.adapters.executor mt5 window activated
2026-03-21 13:39:15,090 INFO app.adapters.executor mt5 window activated
2026-03-21 13:39:15,982 INFO app.adapters.executor mt5 window activated
2026-03-21 13:39:17,405 INFO app.adapters.executor mt5 window activated
2026-03-21 13:39:17,995 WARNING app.adapters.executor main window template not found after activation; proceeding with active MT5 window
2026-03-21 13:39:18,996 INFO app.adapters.executor mt5 window activated
2026-03-21 13:39:20,512 INFO app.adapters.executor mt5 window activated
2026-03-21 13:45:54,504 INFO app.adapters.executor mt5 window activated
2026-03-21 13:45:56,867 INFO app.adapters.executor mt5 window activated
2026-03-21 13:45:58,275 INFO app.adapters.executor mt5 window activated
2026-03-21 13:46:00,036 INFO app.adapters.executor mt5 window activated
2026-03-21 13:46:00,950 INFO app.adapters.executor mt5 window activated
2026-03-21 13:46:02,367 INFO app.adapters.executor mt5 window activated
2026-03-21 13:46:03,029 WARNING app.adapters.executor main window template not found after activation; proceeding with active MT5 window
2026-03-21 13:46:04,245 INFO app.adapters.executor mt5 window activated
2026-03-21 13:46:05,748 INFO app.adapters.executor mt5 window activated
2026-03-21 13:46:07,584 INFO app.adapters.executor mt5 window activated
2026-03-21 13:46:09,019 INFO app.adapters.executor mt5 window activated
2026-03-21 13:46:10,792 INFO app.adapters.executor mt5 window activated
2026-03-21 13:46:11,698 INFO app.adapters.executor mt5 window activated
2026-03-21 13:46:13,102 INFO app.adapters.executor mt5 window activated
2026-03-21 13:46:13,693 WARNING app.adapters.executor main window template not found after activation; proceeding with active MT5 window
2026-03-21 13:46:14,915 INFO app.adapters.executor mt5 window activated
2026-03-21 13:46:16,640 INFO app.adapters.executor mt5 window activated
2026-03-21 13:46:18,101 INFO app.adapters.executor mt5 window activated
2026-03-21 13:58:43,978 INFO app.adapters.executor mt5 window activated
2026-03-21 13:58:46,716 INFO app.adapters.executor mt5 window activated
2026-03-21 13:58:48,131 INFO app.adapters.executor mt5 window activated
2026-03-21 13:58:49,986 INFO app.adapters.executor mt5 window activated
2026-03-21 13:58:51,512 INFO app.adapters.executor mt5 window activated
2026-03-21 13:58:53,309 INFO app.adapters.executor mt5 window activated
2026-03-21 13:58:54,735 INFO app.adapters.executor mt5 window activated
2026-03-21 13:58:56,512 INFO app.adapters.executor mt5 window activated
2026-03-21 13:58:57,923 INFO app.adapters.executor mt5 window activated
2026-03-21 13:58:59,381 INFO app.adapters.executor mt5 window activated
2026-03-21 13:59:01,309 INFO app.adapters.executor mt5 window activated
2026-03-21 13:59:02,807 INFO app.adapters.executor mt5 window activated
2026-03-21 13:59:04,635 INFO app.adapters.executor mt5 window activated
2026-03-21 13:59:06,073 INFO app.adapters.executor mt5 window activated
2026-03-21 13:59:07,868 INFO app.adapters.executor mt5 window activated
2026-03-21 13:59:08,779 INFO app.adapters.executor mt5 window activated
2026-03-21 13:59:10,646 INFO app.adapters.executor mt5 window activated
2026-03-21 13:59:12,120 INFO app.adapters.executor mt5 window activated
2026-03-21 13:59:14,074 INFO app.adapters.executor mt5 window activated
2026-03-21 13:59:15,607 INFO app.adapters.executor mt5 window activated
2026-03-21 13:59:17,383 INFO app.adapters.executor mt5 window activated
2026-03-21 13:59:18,835 INFO app.adapters.executor mt5 window activated
2026-03-21 14:01:00,510 INFO app.adapters.executor mt5 window activated
2026-03-21 14:01:03,246 INFO app.adapters.executor mt5 window activated
2026-03-21 14:01:04,688 INFO app.adapters.executor mt5 window activated
2026-03-21 14:01:06,768 INFO app.adapters.executor mt5 window activated
2026-03-21 14:01:08,202 INFO app.adapters.executor mt5 window activated
2026-03-21 14:01:10,001 INFO app.adapters.executor mt5 window activated
2026-03-21 14:01:11,364 INFO app.adapters.executor mt5 window activated
2026-03-21 14:01:12,802 INFO app.adapters.executor mt5 window activated
2026-03-21 14:01:14,768 INFO app.adapters.executor mt5 window activated
2026-03-21 14:01:16,305 INFO app.adapters.executor mt5 window activated
2026-03-21 14:01:18,053 INFO app.adapters.executor mt5 window activated
2026-03-21 14:01:19,503 INFO app.adapters.executor mt5 window activated
2026-03-21 14:01:21,379 INFO app.adapters.executor mt5 window activated
2026-03-21 14:01:22,750 INFO app.adapters.executor mt5 window activated
2026-03-21 14:01:24,226 INFO app.adapters.executor mt5 window activated
2026-03-21 14:01:26,428 INFO app.adapters.executor mt5 window activated
2026-03-21 14:01:27,904 INFO app.adapters.executor mt5 window activated
2026-03-21 14:12:05,738 INFO app.adapters.executor mt5 window activated
2026-03-21 14:12:07,145 INFO app.adapters.executor mt5 window activated
2026-03-21 14:12:09,251 INFO app.adapters.executor mt5 window activated
2026-03-21 14:12:12,809 INFO app.adapters.executor mt5 window activated
2026-03-21 14:12:13,701 INFO app.adapters.executor mt5 window activated
2026-03-21 14:12:15,108 INFO app.adapters.executor mt5 window activated
2026-03-21 14:12:16,882 INFO app.adapters.executor mt5 window activated
2026-03-21 14:12:18,701 INFO app.adapters.executor mt5 window activated
2026-03-21 14:12:21,565 INFO app.adapters.executor mt5 window activated
2026-03-21 14:12:22,473 INFO app.adapters.executor mt5 window activated
2026-03-21 14:12:23,881 INFO app.adapters.executor mt5 window activated
2026-03-21 14:12:24,512 WARNING app.adapters.executor main window template not found after activation; proceeding with active MT5 window
2026-03-21 14:12:25,672 INFO app.adapters.executor mt5 window activated
2026-03-21 14:12:27,093 INFO app.adapters.executor mt5 window activated
2026-03-21 14:15:43,531 INFO app.adapters.executor mt5 window activated
2026-03-21 14:15:45,310 INFO app.adapters.executor mt5 window activated
2026-03-21 14:15:47,115 INFO app.adapters.executor mt5 window activated
2026-03-21 14:15:50,145 INFO app.adapters.executor mt5 window activated
2026-03-21 14:15:51,817 INFO app.adapters.executor mt5 window activated
2026-03-21 14:15:53,243 INFO app.adapters.executor mt5 window activated
2026-03-21 14:15:55,696 INFO app.adapters.executor mt5 window activated
2026-03-21 14:15:56,605 INFO app.adapters.executor mt5 window activated
2026-03-21 14:15:58,007 INFO app.adapters.executor mt5 window activated
2026-03-21 14:15:58,603 WARNING app.adapters.executor main window template not found after activation; proceeding with active MT5 window
2026-03-21 14:15:59,525 INFO app.adapters.executor mt5 window activated
2026-03-21 14:16:00,464 INFO app.adapters.executor mt5 window activated
2026-03-21 14:16:01,925 INFO app.adapters.executor mt5 window activated
2026-03-21 14:16:02,531 WARNING app.adapters.executor main window template not found after activation; proceeding with active MT5 window
2026-03-21 14:16:04,064 INFO app.adapters.executor mt5 window activated
2026-03-21 14:16:05,527 INFO app.adapters.executor mt5 window activated
2026-03-21 14:16:07,320 INFO app.adapters.executor mt5 window activated
2026-03-21 14:16:08,788 INFO app.adapters.executor mt5 window activated
2026-03-21 14:16:10,573 INFO app.adapters.executor mt5 window activated
2026-03-21 14:16:11,488 INFO app.adapters.executor mt5 window activated
2026-03-21 14:16:12,902 INFO app.adapters.executor mt5 window activated
2026-03-21 14:16:13,548 WARNING app.adapters.executor main window template not found after activation; proceeding with active MT5 window
2026-03-21 14:16:14,579 INFO app.adapters.executor mt5 window activated
2026-03-21 14:16:16,239 INFO app.adapters.executor mt5 window activated
2026-03-21 14:16:17,665 INFO app.adapters.executor mt5 window activated
2026-03-21 14:22:16,814 INFO app.adapters.executor mt5 window activated
2026-03-21 14:22:18,248 INFO app.adapters.executor mt5 window activated
2026-03-21 14:22:19,637 INFO app.adapters.executor mt5 window activated
2026-03-21 14:22:20,233 WARNING app.adapters.executor main window template not found after activation; proceeding with active MT5 window
2026-03-21 14:22:21,544 INFO app.adapters.executor mt5 window activated
2026-03-21 14:22:22,474 INFO app.adapters.executor mt5 window activated
2026-03-21 14:22:23,882 INFO app.adapters.executor mt5 window activated
2026-03-21 14:22:24,483 WARNING app.adapters.executor main window template not found after activation; proceeding with active MT5 window
2026-03-21 14:22:26,131 INFO app.adapters.executor mt5 window activated
2026-03-21 14:22:27,541 INFO app.adapters.executor mt5 window activated
2026-03-21 14:22:29,577 INFO app.adapters.executor mt5 window activated
2026-03-21 14:22:30,496 INFO app.adapters.executor mt5 window activated
2026-03-21 14:22:31,940 INFO app.adapters.executor mt5 window activated
2026-03-21 14:22:32,536 WARNING app.adapters.executor main window template not found after activation; proceeding with active MT5 window
2026-03-21 14:22:33,849 INFO app.adapters.executor mt5 window activated
2026-03-21 14:22:34,784 INFO app.adapters.executor mt5 window activated
2026-03-21 14:22:36,217 INFO app.adapters.executor mt5 window activated
2026-03-21 14:22:36,839 WARNING app.adapters.executor main window template not found after activation; proceeding with active MT5 window
2026-03-21 14:22:38,887 INFO app.adapters.executor mt5 window activated
2026-03-21 14:22:40,320 INFO app.adapters.executor mt5 window activated
2026-03-21 14:22:42,203 INFO app.adapters.executor mt5 window activated
2026-03-21 14:22:43,624 INFO app.adapters.executor mt5 window activated
2026-03-21 14:22:45,794 INFO app.adapters.executor mt5 window activated
2026-03-21 14:22:46,596 INFO app.adapters.executor mt5 window activated
2026-03-21 14:22:47,493 INFO app.adapters.executor mt5 window activated
2026-03-21 14:22:48,901 INFO app.adapters.executor mt5 window activated
2026-03-21 14:22:49,529 WARNING app.adapters.executor main window template not found after activation; proceeding with active MT5 window
2026-03-21 14:22:51,523 INFO app.adapters.executor mt5 window activated
2026-03-21 14:22:52,959 INFO app.adapters.executor mt5 window activated
2026-03-21 14:22:54,837 INFO app.adapters.executor mt5 window activated
2026-03-21 14:22:56,255 INFO app.adapters.executor mt5 window activated
2026-03-21 14:22:58,422 INFO app.adapters.executor mt5 window activated
2026-03-21 14:23:01,247 INFO app.adapters.executor mt5 window activated
2026-03-21 14:23:02,143 INFO app.adapters.executor mt5 window activated
2026-03-21 14:23:03,540 INFO app.adapters.executor mt5 window activated
2026-03-21 14:23:04,166 WARNING app.adapters.executor main window template not found after activation; proceeding with active MT5 window
2026-03-21 14:23:05,483 INFO app.adapters.executor mt5 window activated
2026-03-21 14:23:06,391 INFO app.adapters.executor mt5 window activated
2026-03-21 14:23:24,510 INFO app.adapters.executor mt5 window activated
2026-03-21 14:23:25,651 INFO app.adapters.executor mt5 window activated
2026-03-21 14:23:27,048 INFO app.adapters.executor mt5 window activated
2026-03-21 14:23:27,646 WARNING app.adapters.executor main window template not found after activation; proceeding with active MT5 window
2026-03-21 14:23:28,953 INFO app.adapters.executor mt5 window activated
2026-03-21 14:23:29,848 INFO app.adapters.executor mt5 window activated
2026-03-21 14:23:31,244 INFO app.adapters.executor mt5 window activated
2026-03-21 14:23:31,845 WARNING app.adapters.executor main window template not found after activation; proceeding with active MT5 window
2026-03-21 14:23:33,904 INFO app.adapters.executor mt5 window activated
2026-03-21 14:23:35,318 INFO app.adapters.executor mt5 window activated
2026-03-21 14:23:37,224 INFO app.adapters.executor mt5 window activated
2026-03-21 14:23:38,655 INFO app.adapters.executor mt5 window activated
2026-03-21 14:23:40,830 INFO app.adapters.executor mt5 window activated
2026-03-21 14:23:41,632 INFO app.adapters.executor mt5 window activated
2026-03-21 14:23:42,534 INFO app.adapters.executor mt5 window activated
2026-03-21 14:23:43,931 INFO app.adapters.executor mt5 window activated
2026-03-21 14:23:44,527 WARNING app.adapters.executor main window template not found after activation; proceeding with active MT5 window
2026-03-21 14:23:46,148 INFO app.adapters.executor mt5 window activated
2026-03-21 14:23:47,551 INFO app.adapters.executor mt5 window activated
2026-03-21 14:23:49,932 INFO app.adapters.executor mt5 window activated
2026-03-21 14:23:51,347 INFO app.adapters.executor mt5 window activated
2026-03-21 14:23:54,179 INFO app.adapters.executor mt5 window activated
2026-03-21 14:23:55,598 INFO app.adapters.executor mt5 window activated
2026-03-21 14:23:57,477 INFO app.adapters.executor mt5 window activated
2026-03-21 14:23:58,895 INFO app.adapters.executor mt5 window activated
2026-03-21 14:24:01,068 INFO app.adapters.executor mt5 window activated
2026-03-21 14:24:03,890 INFO app.adapters.executor mt5 window activated
2026-03-21 14:24:04,797 INFO app.adapters.executor mt5 window activated
2026-03-21 14:24:06,198 INFO app.adapters.executor mt5 window activated
2026-03-21 14:24:06,791 WARNING app.adapters.executor main window template not found after activation; proceeding with active MT5 window
2026-03-21 14:24:08,101 INFO app.adapters.executor mt5 window activated
2026-03-21 14:24:10,038 INFO app.adapters.executor mt5 window activated
2026-03-21 14:24:11,475 INFO app.adapters.executor mt5 window activated
2026-03-21 14:24:12,087 WARNING app.adapters.executor main window template not found after activation; proceeding with active MT5 window
2026-03-21 14:24:14,011 INFO app.adapters.executor mt5 window activated
2026-03-21 14:24:14,919 INFO app.adapters.executor mt5 window activated
2026-03-21 14:24:16,327 INFO app.adapters.executor mt5 window activated
2026-03-21 14:24:16,933 WARNING app.adapters.executor main window template not found after activation; proceeding with active MT5 window
2026-03-21 14:24:18,239 INFO app.adapters.executor mt5 window activated
2026-03-21 14:24:19,147 INFO app.adapters.executor mt5 window activated
2026-03-21 14:24:20,545 INFO app.adapters.executor mt5 window activated
2026-03-21 14:24:21,156 WARNING app.adapters.executor main window template not found after activation; proceeding with active MT5 window
2026-03-21 14:24:22,694 INFO app.adapters.executor mt5 window activated
2026-03-21 14:24:51,656 INFO app.adapters.executor mt5 window activated
2026-03-21 14:24:52,926 INFO app.adapters.executor mt5 window activated
2026-03-21 14:24:54,336 INFO app.adapters.executor mt5 window activated
2026-03-21 14:24:54,926 WARNING app.adapters.executor main window template not found after activation; proceeding with active MT5 window
2026-03-21 14:24:56,239 INFO app.adapters.executor mt5 window activated
2026-03-21 14:24:57,150 INFO app.adapters.executor mt5 window activated
2026-03-21 14:24:58,555 INFO app.adapters.executor mt5 window activated
2026-03-21 14:24:59,142 WARNING app.adapters.executor main window template not found after activation; proceeding with active MT5 window
2026-03-21 14:25:01,120 INFO app.adapters.executor mt5 window activated
2026-03-21 14:25:02,538 INFO app.adapters.executor mt5 window activated
2026-03-21 14:25:04,453 INFO app.adapters.executor mt5 window activated
2026-03-21 14:25:05,868 INFO app.adapters.executor mt5 window activated
2026-03-21 14:25:08,042 INFO app.adapters.executor mt5 window activated
2026-03-21 14:25:08,845 INFO app.adapters.executor mt5 window activated
2026-03-21 14:25:09,771 INFO app.adapters.executor mt5 window activated
2026-03-21 14:25:11,184 INFO app.adapters.executor mt5 window activated
2026-03-21 14:25:11,799 WARNING app.adapters.executor main window template not found after activation; proceeding with active MT5 window
2026-03-21 14:25:13,419 INFO app.adapters.executor mt5 window activated
2026-03-21 14:25:14,848 INFO app.adapters.executor mt5 window activated
2026-03-21 14:25:17,231 INFO app.adapters.executor mt5 window activated
2026-03-21 14:25:18,650 INFO app.adapters.executor mt5 window activated
2026-03-21 14:25:21,131 INFO app.adapters.executor mt5 window activated
2026-03-21 14:25:22,551 INFO app.adapters.executor mt5 window activated
2026-03-21 14:25:26,247 INFO app.adapters.executor mt5 window activated
2026-03-21 14:25:27,135 INFO app.adapters.executor mt5 window activated
2026-03-21 14:25:29,071 INFO app.adapters.executor mt5 window activated
2026-03-21 14:25:30,837 INFO app.adapters.executor mt5 window activated
2026-03-21 14:25:32,634 INFO app.adapters.executor mt5 window activated
2026-03-21 14:25:35,648 INFO app.adapters.executor mt5 window activated
2026-03-21 14:25:37,291 INFO app.adapters.executor mt5 window activated
2026-03-21 14:25:38,702 INFO app.adapters.executor mt5 window activated
2026-03-21 14:25:40,143 INFO app.adapters.executor mt5 window activated
2026-03-21 14:25:42,058 INFO app.adapters.executor mt5 window activated
2026-03-21 14:25:43,007 INFO app.adapters.executor mt5 window activated
2026-03-21 14:25:44,395 INFO app.adapters.executor mt5 window activated
2026-03-21 14:25:44,989 WARNING app.adapters.executor main window template not found after activation; proceeding with active MT5 window
2026-03-21 14:25:45,918 INFO app.adapters.executor mt5 window activated
2026-03-21 14:25:46,817 INFO app.adapters.executor mt5 window activated
2026-03-21 14:25:48,223 INFO app.adapters.executor mt5 window activated
2026-03-21 14:25:48,815 WARNING app.adapters.executor main window template not found after activation; proceeding with active MT5 window
2026-03-21 14:25:50,127 INFO app.adapters.executor mt5 window activated
2026-03-21 14:25:51,028 INFO app.adapters.executor mt5 window activated
2026-03-21 14:25:52,429 INFO app.adapters.executor mt5 window activated
2026-03-21 14:25:53,028 WARNING app.adapters.executor main window template not found after activation; proceeding with active MT5 window
2026-03-21 14:25:54,545 INFO app.adapters.executor mt5 window activated
2026-03-21 14:25:56,531 INFO app.adapters.executor mt5 window activated
2026-03-21 14:25:58,003 INFO app.adapters.executor mt5 window activated
2026-03-21 14:25:59,904 INFO app.adapters.executor mt5 window activated
2026-03-21 14:26:01,323 INFO app.adapters.executor mt5 window activated
2026-03-21 14:26:03,492 INFO app.adapters.executor mt5 window activated
2026-03-21 14:26:04,293 INFO app.adapters.executor mt5 window activated
2026-03-21 14:26:05,201 INFO app.adapters.executor mt5 window activated
2026-03-21 14:33:15,983 INFO app.adapters.executor mt5 window activated
2026-03-21 14:33:17,964 INFO app.adapters.executor mt5 window activated
2026-03-21 14:33:19,774 INFO app.adapters.executor mt5 window activated
2026-03-21 14:33:21,604 INFO app.adapters.executor mt5 window activated
2026-03-21 14:33:24,607 INFO app.adapters.executor mt5 window activated
2026-03-21 14:33:26,294 INFO app.adapters.executor mt5 window activated
2026-03-21 14:33:27,715 INFO app.adapters.executor mt5 window activated
2026-03-21 14:33:29,125 INFO app.adapters.executor mt5 window activated
2026-03-21 14:33:31,031 INFO app.adapters.executor mt5 window activated
2026-03-21 14:33:32,048 INFO app.adapters.executor mt5 window activated
2026-03-21 14:33:33,456 INFO app.adapters.executor mt5 window activated
2026-03-21 14:33:35,646 INFO app.adapters.executor mt5 window activated
2026-03-21 14:33:37,064 INFO app.adapters.executor mt5 window activated
2026-03-21 14:33:38,999 INFO app.adapters.executor mt5 window activated
2026-03-21 14:33:40,437 INFO app.adapters.executor mt5 window activated
2026-03-21 14:33:42,639 INFO app.adapters.executor mt5 window activated
2026-03-21 14:33:43,441 INFO app.adapters.executor mt5 window activated
2026-03-21 14:33:44,347 INFO app.adapters.executor mt5 window activated
2026-03-21 14:33:45,758 INFO app.adapters.executor mt5 window activated
2026-03-21 14:33:46,368 WARNING app.adapters.executor main window template not found after activation; proceeding with active MT5 window
2026-03-21 14:33:48,030 INFO app.adapters.executor mt5 window activated
2026-03-21 14:33:49,454 INFO app.adapters.executor mt5 window activated
2026-03-21 14:33:51,843 INFO app.adapters.executor mt5 window activated
2026-03-21 14:33:53,261 INFO app.adapters.executor mt5 window activated
2026-03-21 14:33:55,756 INFO app.adapters.executor mt5 window activated
2026-03-21 14:33:57,595 INFO app.adapters.executor mt5 window activated
2026-03-21 14:33:59,012 INFO app.adapters.executor mt5 window activated
2026-03-21 14:34:00,911 INFO app.adapters.executor mt5 window activated
2026-03-21 14:34:02,336 INFO app.adapters.executor mt5 window activated
2026-03-21 14:34:04,519 INFO app.adapters.executor mt5 window activated
2026-03-21 14:34:07,345 INFO app.adapters.executor mt5 window activated
2026-03-21 14:34:08,242 INFO app.adapters.executor mt5 window activated
2026-03-21 14:34:09,675 INFO app.adapters.executor mt5 window activated
2026-03-21 14:34:10,278 WARNING app.adapters.executor main window template not found after activation; proceeding with active MT5 window
2026-03-21 14:34:11,586 INFO app.adapters.executor mt5 window activated
2026-03-21 14:34:12,579 INFO app.adapters.executor mt5 window activated
2026-03-21 14:34:14,033 INFO app.adapters.executor mt5 window activated
2026-03-21 14:34:16,621 INFO app.adapters.executor mt5 window activated
2026-03-21 14:34:18,036 INFO app.adapters.executor mt5 window activated
2026-03-21 14:34:19,916 INFO app.adapters.executor mt5 window activated
2026-03-21 14:34:21,366 INFO app.adapters.executor mt5 window activated
2026-03-21 14:35:15,025 INFO app.adapters.capture telegram polling started
2026-03-21 14:35:16,787 INFO httpx HTTP Request: POST https://api.telegram.org/bot8790407909:AAGgUU-V77NroC4WdjDtYqB1fA8x-4yy0DA/getMe "HTTP/1.1 200 OK"
2026-03-21 14:35:16,789 INFO telegram.ext.Application Application started
2026-03-21 14:35:17,135 INFO httpx HTTP Request: POST https://api.telegram.org/bot8790407909:AAGgUU-V77NroC4WdjDtYqB1fA8x-4yy0DA/deleteWebhook "HTTP/1.1 200 OK"
2026-03-21 14:35:24,920 INFO httpx HTTP Request: POST https://api.telegram.org/bot8790407909:AAGgUU-V77NroC4WdjDtYqB1fA8x-4yy0DA/getUpdates "HTTP/1.1 200 OK"
2026-03-21 14:35:24,925 INFO app.adapters.capture telegram photo accepted
2026-03-21 14:35:27,260 INFO httpx HTTP Request: POST https://api.telegram.org/bot8790407909:AAGgUU-V77NroC4WdjDtYqB1fA8x-4yy0DA/getFile "HTTP/1.1 200 OK"
2026-03-21 14:35:27,798 INFO httpx HTTP Request: GET https://api.telegram.org/file/bot8790407909%3AAAGgUU-V77NroC4WdjDtYqB1fA8x-4yy0DA/photos/file_1.jpg "HTTP/1.1 200 OK"
2026-03-21 14:35:28,242 INFO app.orchestrator.pipeline task transition
2026-03-21 14:35:28,252 INFO app.orchestrator.pipeline task transition
2026-03-21 14:35:28,262 INFO app.orchestrator.pipeline task transition
2026-03-21 14:35:29,739 INFO app.orchestrator.pipeline task transition
2026-03-21 14:35:29,749 INFO app.orchestrator.pipeline task transition
2026-03-21 14:35:29,767 INFO app.orchestrator.pipeline task transition
2026-03-21 14:35:29,780 INFO app.orchestrator.pipeline task transition
2026-03-21 14:35:32,695 INFO app.adapters.executor mt5 window activated
2026-03-21 14:35:33,870 INFO app.adapters.executor mt5 window activated
2026-03-21 14:35:35,786 INFO app.adapters.executor mt5 window activated
2026-03-21 14:35:37,546 INFO app.adapters.executor mt5 window activated
2026-03-21 14:35:39,384 INFO app.adapters.executor mt5 window activated
2026-03-21 14:35:40,874 INFO app.adapters.executor mt5 window activated
2026-03-21 14:35:42,862 INFO app.adapters.executor mt5 window activated
2026-03-21 14:35:44,313 INFO app.adapters.executor mt5 window activated
2026-03-21 14:35:46,483 INFO app.adapters.executor mt5 window activated
2026-03-21 14:35:47,285 INFO app.adapters.executor mt5 window activated
2026-03-21 14:35:48,194 INFO app.adapters.executor mt5 window activated
2026-03-21 14:35:49,628 INFO app.adapters.executor mt5 window activated
2026-03-21 14:35:52,346 INFO app.adapters.executor mt5 window activated
2026-03-21 14:35:53,773 INFO app.adapters.executor mt5 window activated
2026-03-21 14:35:55,693 INFO app.adapters.executor mt5 window activated
2026-03-21 14:35:57,131 INFO app.adapters.executor mt5 window activated
2026-03-21 14:35:59,360 INFO app.adapters.executor mt5 window activated
2026-03-21 14:36:02,189 INFO app.adapters.executor mt5 window activated
2026-03-21 14:36:03,640 INFO app.adapters.executor mt5 window activated
2026-03-21 14:36:05,376 INFO app.adapters.executor mt5 window activated
2026-03-21 14:36:07,179 INFO app.adapters.executor mt5 window activated
2026-03-21 14:36:08,607 INFO app.adapters.executor mt5 window activated
2026-03-21 14:36:10,506 INFO app.adapters.executor mt5 window activated
2026-03-21 14:36:11,920 INFO app.adapters.executor mt5 window activated
2026-03-21 14:36:14,103 INFO app.adapters.executor mt5 window activated
2026-03-21 14:36:14,905 INFO app.adapters.executor mt5 window activated
2026-03-21 14:36:16,548 INFO app.adapters.executor mt5 window activated
2026-03-21 14:36:18,303 INFO app.adapters.executor mt5 window activated
2026-03-21 14:36:20,080 INFO app.adapters.executor mt5 window activated
2026-03-21 14:36:21,503 INFO app.adapters.executor mt5 window activated
2026-03-21 14:36:23,396 INFO app.adapters.executor mt5 window activated
2026-03-21 14:39:36,966 INFO app.adapters.executor mt5 window activated
2026-03-21 14:39:38,953 INFO app.adapters.executor mt5 window activated
2026-03-21 14:39:40,743 INFO app.adapters.executor mt5 window activated
2026-03-21 14:39:42,477 INFO app.adapters.executor mt5 window activated
2026-03-21 14:39:43,888 INFO app.adapters.executor mt5 window activated
2026-03-21 14:39:45,503 INFO app.adapters.executor mt5 window activated
2026-03-21 14:39:46,906 INFO app.adapters.executor mt5 window activated
2026-03-21 14:39:49,612 INFO app.adapters.executor mt5 window activated
2026-03-21 14:39:51,027 INFO app.adapters.executor mt5 window activated
2026-03-21 14:39:52,437 INFO app.adapters.executor mt5 window activated
2026-03-21 14:39:54,343 INFO app.adapters.executor mt5 window activated
2026-03-21 14:39:55,376 INFO app.adapters.executor mt5 window activated
2026-03-21 14:39:56,782 INFO app.adapters.executor mt5 window activated
2026-03-21 14:39:58,540 INFO app.adapters.executor mt5 window activated
2026-03-21 14:40:00,335 INFO app.adapters.executor mt5 window activated
2026-03-21 14:40:01,753 INFO app.adapters.executor mt5 window activated
2026-03-21 14:40:03,417 INFO app.adapters.executor mt5 window activated
2026-03-21 14:40:04,826 INFO app.adapters.executor mt5 window activated
2026-03-21 14:40:07,506 INFO app.adapters.executor mt5 window activated
2026-03-21 14:40:08,939 INFO app.adapters.executor mt5 window activated
2026-03-21 14:40:10,380 INFO app.adapters.executor mt5 window activated
2026-03-21 14:40:11,583 INFO app.adapters.executor mt5 window activated
2026-03-21 14:40:12,787 INFO app.adapters.executor mt5 window activated
2026-03-21 14:40:13,992 INFO app.adapters.executor mt5 window activated
2026-03-21 14:40:15,196 INFO app.adapters.executor mt5 window activated
2026-03-21 14:40:16,399 INFO app.adapters.executor mt5 window activated
2026-03-21 14:40:17,606 INFO app.adapters.executor mt5 window activated
2026-03-21 14:40:18,809 INFO app.adapters.executor mt5 window activated
2026-03-21 14:40:20,017 INFO app.adapters.executor mt5 window activated
2026-03-21 14:40:21,220 INFO app.adapters.executor mt5 window activated
2026-03-21 14:40:24,452 INFO app.adapters.executor mt5 window activated
2026-03-21 14:40:25,860 INFO app.adapters.executor mt5 window activated
2026-03-21 14:40:27,591 INFO app.adapters.executor mt5 window activated
2026-03-21 14:40:29,445 INFO app.adapters.executor mt5 window activated
2026-03-21 14:40:30,894 INFO app.adapters.executor mt5 window activated
2026-03-21 14:40:32,573 INFO app.adapters.executor mt5 window activated
2026-03-21 14:40:33,987 INFO app.adapters.executor mt5 window activated
2026-03-21 14:40:36,656 INFO app.adapters.executor mt5 window activated
2026-03-21 14:40:38,098 INFO app.adapters.executor mt5 window activated
2026-03-21 14:40:39,521 INFO app.adapters.executor mt5 window activated
2026-03-21 14:40:40,724 INFO app.adapters.executor mt5 window activated
2026-03-21 14:40:41,927 INFO app.adapters.executor mt5 window activated
2026-03-21 14:40:43,132 INFO app.adapters.executor mt5 window activated
2026-03-21 14:40:44,337 INFO app.adapters.executor mt5 window activated
2026-03-21 14:40:45,540 INFO app.adapters.executor mt5 window activated
2026-03-21 14:40:46,743 INFO app.adapters.executor mt5 window activated
2026-03-21 14:40:47,947 INFO app.adapters.executor mt5 window activated
2026-03-21 14:40:49,150 INFO app.adapters.executor mt5 window activated
2026-03-21 14:40:50,359 INFO app.adapters.executor mt5 window activated
2026-03-21 14:40:51,653 INFO app.adapters.executor mt5 window activated
2026-03-21 14:40:53,059 INFO app.adapters.executor mt5 window activated
2026-03-21 14:40:55,209 INFO app.adapters.executor mt5 window activated
2026-03-21 14:40:56,616 INFO app.adapters.executor mt5 window activated
2026-03-21 14:40:58,312 INFO app.adapters.executor mt5 window activated
2026-03-21 14:40:59,734 INFO app.adapters.executor mt5 window activated
2026-03-21 14:41:02,438 INFO app.adapters.executor mt5 window activated
2026-03-21 14:41:03,850 INFO app.adapters.executor mt5 window activated
2026-03-21 14:41:05,301 INFO app.adapters.executor mt5 window activated
2026-03-21 14:41:06,512 INFO app.adapters.executor mt5 window activated
2026-03-21 14:41:07,716 INFO app.adapters.executor mt5 window activated
2026-03-21 14:41:08,919 INFO app.adapters.executor mt5 window activated
2026-03-21 14:41:10,122 INFO app.adapters.executor mt5 window activated
2026-03-21 14:41:11,325 INFO app.adapters.executor mt5 window activated
2026-03-21 14:41:12,529 INFO app.adapters.executor mt5 window activated
2026-03-21 14:41:13,735 INFO app.adapters.executor mt5 window activated
2026-03-21 14:41:14,938 INFO app.adapters.executor mt5 window activated
2026-03-21 14:41:16,142 INFO app.adapters.executor mt5 window activated
2026-03-21 14:41:19,376 INFO app.adapters.executor mt5 window activated
2026-03-21 14:41:20,813 INFO app.adapters.executor mt5 window activated
2026-03-21 14:41:22,562 INFO app.adapters.executor mt5 window activated
2026-03-21 14:41:24,335 INFO app.adapters.executor mt5 window activated
2026-03-21 14:41:25,758 INFO app.adapters.executor mt5 window activated
2026-03-21 14:41:27,446 INFO app.adapters.executor mt5 window activated
2026-03-21 14:41:28,892 INFO app.adapters.executor mt5 window activated
2026-03-21 14:41:31,588 INFO app.adapters.executor mt5 window activated
2026-03-21 14:41:33,004 INFO app.adapters.executor mt5 window activated
2026-03-21 14:41:34,419 INFO app.adapters.executor mt5 window activated
2026-03-21 14:41:35,622 INFO app.adapters.executor mt5 window activated
2026-03-21 14:41:36,825 INFO app.adapters.executor mt5 window activated
2026-03-21 14:41:38,028 INFO app.adapters.executor mt5 window activated
2026-03-21 14:41:39,231 INFO app.adapters.executor mt5 window activated
2026-03-21 14:41:40,435 INFO app.adapters.executor mt5 window activated
2026-03-21 14:41:41,637 INFO app.adapters.executor mt5 window activated
2026-03-21 14:41:42,841 INFO app.adapters.executor mt5 window activated
2026-03-21 14:41:44,044 INFO app.adapters.executor mt5 window activated
2026-03-21 14:41:45,247 INFO app.adapters.executor mt5 window activated
2026-03-21 14:50:25,514 INFO app.adapters.executor mt5 window activated
2026-03-21 14:50:27,488 INFO app.adapters.executor mt5 window activated
2026-03-21 14:50:29,284 INFO app.adapters.executor mt5 window activated
2026-03-21 14:50:31,033 INFO app.adapters.executor mt5 window activated
2026-03-21 14:50:32,443 INFO app.adapters.executor mt5 window activated
2026-03-21 14:50:35,559 INFO app.adapters.executor mt5 window activated
2026-03-21 14:50:37,600 INFO app.adapters.executor mt5 window activated
2026-03-21 14:50:39,038 INFO app.adapters.executor mt5 window activated
2026-03-21 14:50:40,458 INFO app.adapters.executor mt5 window activated
2026-03-21 14:50:42,364 INFO app.adapters.executor mt5 window activated
2026-03-21 14:50:43,388 INFO app.adapters.executor mt5 window activated
2026-03-21 14:50:44,782 INFO app.adapters.executor mt5 window activated
2026-03-21 14:50:46,528 INFO app.adapters.executor mt5 window activated
2026-03-21 14:50:48,327 INFO app.adapters.executor mt5 window activated
2026-03-21 14:50:49,782 INFO app.adapters.executor mt5 window activated
2026-03-21 14:50:52,853 INFO app.adapters.executor mt5 window activated
2026-03-21 14:50:54,833 INFO app.adapters.executor mt5 window activated
2026-03-21 14:50:56,241 INFO app.adapters.executor mt5 window activated
2026-03-21 14:50:57,663 INFO app.adapters.executor mt5 window activated
2026-03-21 14:50:59,569 INFO app.adapters.executor mt5 window activated
2026-03-21 14:51:00,594 INFO app.adapters.executor mt5 window activated
2026-03-21 14:51:02,028 INFO app.adapters.executor mt5 window activated
2026-03-21 14:51:04,153 INFO app.adapters.executor mt5 window activated
2026-03-21 14:51:05,585 INFO app.adapters.executor mt5 window activated
2026-03-21 14:51:08,673 INFO app.adapters.executor mt5 window activated
2026-03-21 14:51:10,327 INFO app.adapters.executor mt5 window activated
2026-03-21 14:51:11,736 INFO app.adapters.executor mt5 window activated
2026-03-21 14:51:13,144 INFO app.adapters.executor mt5 window activated
2026-03-21 14:51:15,063 INFO app.adapters.executor mt5 window activated
2026-03-21 14:57:26,717 INFO app.adapters.executor mt5 window activated
2026-03-21 14:57:28,789 INFO app.adapters.executor mt5 window activated
2026-03-21 14:57:30,553 INFO app.adapters.executor mt5 window activated
2026-03-21 14:57:32,344 INFO app.adapters.executor mt5 window activated
2026-03-21 14:57:35,373 INFO app.adapters.executor mt5 window activated
2026-03-21 14:57:37,025 INFO app.adapters.executor mt5 window activated
2026-03-21 14:57:38,436 INFO app.adapters.executor mt5 window activated
2026-03-21 14:57:39,849 INFO app.adapters.executor mt5 window activated
2026-03-21 14:57:41,757 INFO app.adapters.executor mt5 window activated
2026-03-21 14:57:42,834 INFO app.adapters.executor mt5 window activated
2026-03-21 14:57:44,261 INFO app.adapters.executor mt5 window activated
2026-03-21 14:57:46,134 INFO app.adapters.executor mt5 window activated
2026-03-21 14:57:48,001 INFO app.adapters.executor mt5 window activated
2026-03-21 14:57:49,465 INFO app.adapters.executor mt5 window activated
2026-03-21 14:57:52,610 INFO app.adapters.executor mt5 window activated
2026-03-21 14:57:54,657 INFO app.adapters.executor mt5 window activated
2026-03-21 14:57:56,081 INFO app.adapters.executor mt5 window activated
2026-03-21 14:57:57,493 INFO app.adapters.executor mt5 window activated
2026-03-21 14:57:59,401 INFO app.adapters.executor mt5 window activated
2026-03-21 14:58:00,482 INFO app.adapters.executor mt5 window activated
2026-03-21 14:58:01,908 INFO app.adapters.executor mt5 window activated
2026-03-21 14:58:03,701 INFO app.adapters.executor mt5 window activated
2026-03-21 14:58:05,496 INFO app.adapters.executor mt5 window activated
2026-03-21 14:58:06,901 INFO app.adapters.executor mt5 window activated
2026-03-21 14:58:09,972 INFO app.adapters.executor mt5 window activated
2026-03-21 14:58:11,994 INFO app.adapters.executor mt5 window activated
2026-03-21 14:58:13,392 INFO app.adapters.executor mt5 window activated
2026-03-21 14:58:14,802 INFO app.adapters.executor mt5 window activated
2026-03-21 14:58:25,299 INFO app.adapters.capture telegram polling started
2026-03-21 14:58:27,717 INFO httpx HTTP Request: POST https://api.telegram.org/bot8790407909:AAGgUU-V77NroC4WdjDtYqB1fA8x-4yy0DA/getMe "HTTP/1.1 200 OK"
2026-03-21 14:58:27,719 INFO telegram.ext.Application Application started
2026-03-21 14:58:28,054 INFO httpx HTTP Request: POST https://api.telegram.org/bot8790407909:AAGgUU-V77NroC4WdjDtYqB1fA8x-4yy0DA/deleteWebhook "HTTP/1.1 200 OK"
2026-03-21 14:58:39,790 INFO httpx HTTP Request: POST https://api.telegram.org/bot8790407909:AAGgUU-V77NroC4WdjDtYqB1fA8x-4yy0DA/getUpdates "HTTP/1.1 200 OK"
2026-03-21 14:58:45,026 INFO httpx HTTP Request: POST https://api.telegram.org/bot8790407909:AAGgUU-V77NroC4WdjDtYqB1fA8x-4yy0DA/getUpdates "HTTP/1.1 200 OK"
2026-03-21 14:58:45,029 INFO app.adapters.capture telegram photo accepted
2026-03-21 14:58:46,820 INFO httpx HTTP Request: POST https://api.telegram.org/bot8790407909:AAGgUU-V77NroC4WdjDtYqB1fA8x-4yy0DA/getFile "HTTP/1.1 200 OK"
2026-03-21 14:58:47,371 INFO httpx HTTP Request: GET https://api.telegram.org/file/bot8790407909%3AAAGgUU-V77NroC4WdjDtYqB1fA8x-4yy0DA/photos/file_1.jpg "HTTP/1.1 200 OK"
2026-03-21 14:58:47,639 INFO app.orchestrator.pipeline task transition
2026-03-21 14:58:47,655 INFO app.orchestrator.pipeline task transition
2026-03-21 14:58:47,672 INFO app.orchestrator.pipeline task transition
2026-03-21 14:58:49,128 INFO app.orchestrator.pipeline task transition
2026-03-21 14:58:49,152 INFO app.orchestrator.pipeline task transition
2026-03-21 14:58:49,253 INFO app.orchestrator.pipeline task transition
2026-03-21 14:58:49,282 INFO app.orchestrator.pipeline task transition
2026-03-21 14:58:52,752 INFO app.adapters.executor mt5 window activated
2026-03-21 14:58:55,095 INFO app.adapters.executor mt5 window activated
2026-03-21 14:59:01,776 INFO app.adapters.executor mt5 window activated
2026-03-21 14:59:04,067 INFO app.adapters.executor mt5 window activated
2026-03-21 14:59:05,511 INFO app.adapters.executor mt5 window activated
2026-03-21 14:59:08,609 INFO app.adapters.executor mt5 window activated
2026-03-21 14:59:10,673 INFO app.adapters.executor mt5 window activated
2026-03-21 14:59:12,067 INFO app.adapters.executor mt5 window activated
2026-03-21 14:59:13,475 INFO app.adapters.executor mt5 window activated
2026-03-21 14:59:15,384 INFO app.adapters.executor mt5 window activated
2026-03-21 14:59:15,491 INFO app.adapters.executor using symbol template lookup
2026-03-21 14:59:16,956 INFO app.adapters.executor mt5 window activated
2026-03-21 14:59:18,397 INFO app.adapters.executor mt5 window activated
2026-03-21 14:59:20,329 INFO app.adapters.executor mt5 window activated
2026-03-21 14:59:21,781 INFO app.adapters.executor mt5 window activated
2026-03-21 14:59:23,686 INFO app.adapters.executor mt5 window activated
2026-03-21 14:59:25,120 INFO app.adapters.executor mt5 window activated
2026-03-21 14:59:28,958 INFO app.adapters.executor mt5 window activated
2026-03-21 14:59:30,391 INFO app.adapters.executor mt5 window activated
2026-03-21 14:59:32,155 INFO app.adapters.executor mt5 window activated
2026-03-21 14:59:33,641 INFO app.adapters.executor mt5 window activated
2026-03-21 14:59:36,087 INFO app.adapters.executor mt5 window activated
2026-03-21 14:59:37,520 INFO app.adapters.executor mt5 window activated
2026-03-21 14:59:40,213 INFO app.adapters.executor mt5 window activated
2026-03-21 14:59:42,142 INFO app.adapters.executor mt5 window activated
2026-03-21 14:59:43,607 INFO app.adapters.executor mt5 window activated
2026-03-21 14:59:46,692 INFO app.adapters.executor mt5 window activated
2026-03-21 14:59:48,643 INFO app.adapters.executor mt5 window activated
2026-03-21 14:59:50,054 INFO app.adapters.executor mt5 window activated
2026-03-21 14:59:51,464 INFO app.adapters.executor mt5 window activated
2026-03-21 14:59:53,371 INFO app.adapters.executor mt5 window activated
2026-03-21 14:59:53,475 INFO app.adapters.executor using symbol template lookup
2026-03-21 14:59:54,921 INFO app.adapters.executor mt5 window activated
2026-03-21 14:59:56,354 INFO app.adapters.executor mt5 window activated
2026-03-21 14:59:58,268 INFO app.adapters.executor mt5 window activated
2026-03-21 14:59:59,711 INFO app.adapters.executor mt5 window activated
2026-03-21 15:00:01,659 INFO app.adapters.executor mt5 window activated
2026-03-21 15:00:03,138 INFO app.adapters.executor mt5 window activated
2026-03-21 15:00:06,981 INFO app.adapters.executor mt5 window activated
2026-03-21 15:00:07,881 INFO app.adapters.executor mt5 window activated
2026-03-21 15:00:09,366 INFO app.adapters.executor mt5 window activated
2026-03-21 15:00:09,987 WARNING app.adapters.executor main window template not found after activation; proceeding with active MT5 window
2026-03-21 15:01:34,771 INFO app.adapters.capture telegram polling started
2026-03-21 15:01:36,507 INFO httpx HTTP Request: POST https://api.telegram.org/bot8790407909:AAGgUU-V77NroC4WdjDtYqB1fA8x-4yy0DA/getMe "HTTP/1.1 200 OK"
2026-03-21 15:01:36,510 INFO telegram.ext.Application Application started
2026-03-21 15:01:36,857 INFO httpx HTTP Request: POST https://api.telegram.org/bot8790407909:AAGgUU-V77NroC4WdjDtYqB1fA8x-4yy0DA/deleteWebhook "HTTP/1.1 200 OK"
2026-03-21 15:01:43,668 INFO httpx HTTP Request: POST https://api.telegram.org/bot8790407909:AAGgUU-V77NroC4WdjDtYqB1fA8x-4yy0DA/getUpdates "HTTP/1.1 200 OK"
2026-03-21 15:01:43,671 INFO app.adapters.capture telegram photo accepted
2026-03-21 15:01:45,192 INFO httpx HTTP Request: POST https://api.telegram.org/bot8790407909:AAGgUU-V77NroC4WdjDtYqB1fA8x-4yy0DA/getFile "HTTP/1.1 200 OK"
2026-03-21 15:01:45,764 INFO httpx HTTP Request: GET https://api.telegram.org/file/bot8790407909%3AAAGgUU-V77NroC4WdjDtYqB1fA8x-4yy0DA/photos/file_1.jpg "HTTP/1.1 200 OK"
2026-03-21 15:01:46,022 INFO app.orchestrator.pipeline task transition
2026-03-21 15:01:46,030 INFO app.orchestrator.pipeline task transition
2026-03-21 15:01:46,038 INFO app.orchestrator.pipeline task transition
2026-03-21 15:01:47,500 INFO app.orchestrator.pipeline task transition
2026-03-21 15:01:47,507 INFO app.orchestrator.pipeline task transition
2026-03-21 15:01:47,521 INFO app.orchestrator.pipeline task transition
2026-03-21 15:01:47,528 INFO app.orchestrator.pipeline task transition
2026-03-21 15:01:50,447 INFO app.adapters.executor mt5 window activated
2026-03-21 15:01:52,219 INFO app.adapters.executor mt5 window activated
2026-03-21 15:01:54,332 INFO app.adapters.executor mt5 window activated
2026-03-21 15:01:55,757 INFO app.adapters.executor mt5 window activated
2026-03-21 15:01:58,936 INFO app.adapters.executor mt5 window activated
2026-03-21 15:02:00,942 INFO app.adapters.executor mt5 window activated
2026-03-21 15:02:02,395 INFO app.adapters.executor mt5 window activated
2026-03-21 15:02:03,791 INFO app.adapters.executor mt5 window activated
2026-03-21 15:02:05,698 INFO app.adapters.executor mt5 window activated
2026-03-21 15:02:05,809 INFO app.adapters.executor using symbol template lookup
2026-03-21 15:02:07,251 INFO app.adapters.executor mt5 window activated
2026-03-21 15:02:08,696 INFO app.adapters.executor mt5 window activated
2026-03-21 15:02:10,659 INFO app.adapters.executor mt5 window activated
2026-03-21 15:02:12,083 INFO app.adapters.executor mt5 window activated
2026-03-21 15:02:14,005 INFO app.adapters.executor mt5 window activated
2026-03-21 15:02:15,435 INFO app.adapters.executor mt5 window activated
2026-03-21 15:02:19,279 INFO app.adapters.executor mt5 window activated
2026-03-21 15:02:20,690 INFO app.adapters.executor mt5 window activated
2026-03-21 15:02:22,426 INFO app.adapters.executor mt5 window activated
2026-03-21 15:02:24,194 INFO app.adapters.executor mt5 window activated
2026-03-21 15:02:25,617 INFO app.adapters.executor mt5 window activated
2026-03-21 15:02:28,720 INFO app.adapters.executor mt5 window activated
2026-03-21 15:02:30,716 INFO app.adapters.executor mt5 window activated
2026-03-21 15:02:32,151 INFO app.adapters.executor mt5 window activated
2026-03-21 15:02:33,579 INFO app.adapters.executor mt5 window activated
2026-03-21 15:02:35,487 INFO app.adapters.executor mt5 window activated
2026-03-21 15:02:35,584 INFO app.adapters.executor using symbol template lookup
2026-03-21 15:02:37,025 INFO app.adapters.executor mt5 window activated
2026-03-21 15:02:38,454 INFO app.adapters.executor mt5 window activated
2026-03-21 15:02:40,352 INFO app.adapters.executor mt5 window activated
2026-03-21 15:02:41,786 INFO app.adapters.executor mt5 window activated
2026-03-21 15:02:43,716 INFO app.adapters.executor mt5 window activated
2026-03-21 15:02:45,148 INFO app.adapters.executor mt5 window activated
2026-03-21 15:02:48,965 INFO app.adapters.executor mt5 window activated
2026-03-21 15:02:49,881 INFO app.adapters.executor mt5 window activated
2026-03-21 15:02:51,286 INFO app.adapters.executor mt5 window activated
2026-03-21 15:02:51,882 WARNING app.adapters.executor main window template not found after activation; proceeding with active MT5 window
2026-03-21 15:02:53,190 INFO app.adapters.executor mt5 window activated
2026-03-21 15:02:54,086 INFO app.adapters.executor mt5 window activated
2026-03-21 15:02:55,486 INFO app.adapters.executor mt5 window activated
2026-03-21 15:02:56,087 WARNING app.adapters.executor main window template not found after activation; proceeding with active MT5 window
2026-03-21 15:02:57,809 INFO app.adapters.executor mt5 window activated
2026-03-21 15:02:59,260 INFO app.adapters.executor mt5 window activated
2026-03-21 15:03:42,242 INFO app.adapters.capture telegram polling started
2026-03-21 15:03:43,816 INFO httpx HTTP Request: POST https://api.telegram.org/bot8790407909:AAGgUU-V77NroC4WdjDtYqB1fA8x-4yy0DA/getMe "HTTP/1.1 200 OK"
2026-03-21 15:03:43,817 INFO telegram.ext.Application Application started
2026-03-21 15:03:44,161 INFO httpx HTTP Request: POST https://api.telegram.org/bot8790407909:AAGgUU-V77NroC4WdjDtYqB1fA8x-4yy0DA/deleteWebhook "HTTP/1.1 200 OK"
2026-03-21 15:03:45,727 INFO httpx HTTP Request: POST https://api.telegram.org/bot8790407909:AAGgUU-V77NroC4WdjDtYqB1fA8x-4yy0DA/getUpdates "HTTP/1.1 200 OK"
2026-03-21 15:03:45,729 INFO app.adapters.capture telegram photo accepted
2026-03-21 15:03:46,076 INFO httpx HTTP Request: POST https://api.telegram.org/bot8790407909:AAGgUU-V77NroC4WdjDtYqB1fA8x-4yy0DA/getFile "HTTP/1.1 200 OK"
2026-03-21 15:03:46,658 INFO httpx HTTP Request: GET https://api.telegram.org/file/bot8790407909%3AAAGgUU-V77NroC4WdjDtYqB1fA8x-4yy0DA/photos/file_1.jpg "HTTP/1.1 200 OK"
2026-03-21 15:03:46,923 INFO app.orchestrator.pipeline task transition
2026-03-21 15:03:46,931 INFO app.orchestrator.pipeline task transition
2026-03-21 15:03:46,938 INFO app.orchestrator.pipeline task transition
2026-03-21 15:03:48,137 INFO app.orchestrator.pipeline task transition
2026-03-21 15:03:48,143 INFO app.orchestrator.pipeline task transition
2026-03-21 15:03:48,154 INFO app.orchestrator.pipeline task transition
2026-03-21 15:03:48,161 INFO app.orchestrator.pipeline task transition
2026-03-21 15:03:51,096 INFO app.adapters.executor mt5 window activated
2026-03-21 15:03:52,144 INFO app.adapters.executor mt5 window activated
2026-03-21 15:03:54,091 INFO app.adapters.executor mt5 window activated
2026-03-21 15:03:55,868 INFO app.adapters.executor mt5 window activated
2026-03-21 15:03:57,669 INFO app.adapters.executor mt5 window activated
2026-03-21 15:04:00,701 INFO app.adapters.executor mt5 window activated
2026-03-21 15:04:02,711 INFO app.adapters.executor mt5 window activated
2026-03-21 15:04:04,117 INFO app.adapters.executor mt5 window activated
2026-03-21 15:04:05,541 INFO app.adapters.executor mt5 window activated
2026-03-21 15:04:07,448 INFO app.adapters.executor mt5 window activated
2026-03-21 15:04:07,573 INFO app.adapters.executor using symbol template lookup
2026-03-21 15:04:09,005 INFO app.adapters.executor mt5 window activated
2026-03-21 15:04:10,457 INFO app.adapters.executor mt5 window activated
2026-03-21 15:04:12,421 INFO app.adapters.executor mt5 window activated
2026-03-21 15:04:13,866 INFO app.adapters.executor mt5 window activated
2026-03-21 15:04:15,807 INFO app.adapters.executor mt5 window activated
2026-03-21 15:04:17,243 INFO app.adapters.executor mt5 window activated
2026-03-21 15:04:21,270 INFO app.adapters.executor mt5 window activated
2026-03-21 15:04:22,738 INFO app.adapters.executor mt5 window activated
2026-03-21 15:04:24,883 INFO app.adapters.executor mt5 window activated
2026-03-21 15:04:26,326 INFO app.adapters.executor mt5 window activated
2026-03-21 15:04:29,453 INFO app.adapters.executor mt5 window activated
2026-03-21 15:04:31,481 INFO app.adapters.executor mt5 window activated
2026-03-21 15:04:32,893 INFO app.adapters.executor mt5 window activated
2026-03-21 15:04:34,321 INFO app.adapters.executor mt5 window activated
2026-03-21 15:04:36,227 INFO app.adapters.executor mt5 window activated
2026-03-21 15:04:36,320 INFO app.adapters.executor using symbol template lookup
2026-03-21 15:04:37,760 INFO app.adapters.executor mt5 window activated
2026-03-21 15:04:39,186 INFO app.adapters.executor mt5 window activated
2026-03-21 15:04:41,099 INFO app.adapters.executor mt5 window activated
2026-03-21 15:04:42,524 INFO app.adapters.executor mt5 window activated
2026-03-21 15:04:44,491 INFO app.adapters.executor mt5 window activated
2026-03-21 15:04:45,937 INFO app.adapters.executor mt5 window activated
2026-03-21 15:04:49,782 INFO app.adapters.executor mt5 window activated
2026-03-21 15:04:50,674 INFO app.adapters.executor mt5 window activated
2026-03-21 15:04:52,076 INFO app.adapters.executor mt5 window activated
2026-03-21 15:04:52,670 WARNING app.adapters.executor main window template not found after activation; proceeding with active MT5 window
2026-03-21 15:04:53,980 INFO app.adapters.executor mt5 window activated
2026-03-21 15:04:55,576 INFO app.adapters.executor mt5 window activated
2026-03-21 15:04:57,113 INFO app.adapters.executor mt5 window activated
2026-03-21 15:04:58,860 INFO app.adapters.executor mt5 window activated
2026-03-21 15:05:00,280 INFO app.adapters.executor mt5 window activated
2026-03-21 15:06:00,940 INFO app.adapters.capture telegram polling started
2026-03-21 15:06:15,565 INFO app.adapters.capture telegram polling started
2026-03-21 15:06:17,092 INFO httpx HTTP Request: POST https://api.telegram.org/bot8790407909:AAGgUU-V77NroC4WdjDtYqB1fA8x-4yy0DA/getMe "HTTP/1.1 200 OK"
2026-03-21 15:06:17,093 INFO telegram.ext.Application Application started
2026-03-21 15:06:17,417 INFO httpx HTTP Request: POST https://api.telegram.org/bot8790407909:AAGgUU-V77NroC4WdjDtYqB1fA8x-4yy0DA/deleteWebhook "HTTP/1.1 200 OK"
2026-03-21 15:06:20,968 INFO httpx HTTP Request: POST https://api.telegram.org/bot8790407909:AAGgUU-V77NroC4WdjDtYqB1fA8x-4yy0DA/getUpdates "HTTP/1.1 200 OK"
2026-03-21 15:06:20,970 INFO app.adapters.capture telegram photo accepted
2026-03-21 15:06:21,296 INFO httpx HTTP Request: POST https://api.telegram.org/bot8790407909:AAGgUU-V77NroC4WdjDtYqB1fA8x-4yy0DA/getFile "HTTP/1.1 200 OK"
2026-03-21 15:06:21,832 INFO httpx HTTP Request: GET https://api.telegram.org/file/bot8790407909%3AAAGgUU-V77NroC4WdjDtYqB1fA8x-4yy0DA/photos/file_1.jpg "HTTP/1.1 200 OK"
2026-03-21 15:06:22,095 INFO app.orchestrator.pipeline task transition
2026-03-21 15:06:22,109 INFO app.orchestrator.pipeline task transition
2026-03-21 15:06:22,120 INFO app.orchestrator.pipeline task transition
2026-03-21 15:06:23,264 INFO app.orchestrator.pipeline task transition
2026-03-21 15:06:23,271 INFO app.orchestrator.pipeline task transition
2026-03-21 15:06:23,282 INFO app.orchestrator.pipeline task transition
2026-03-21 15:06:23,292 INFO app.orchestrator.pipeline task transition
2026-03-21 15:06:26,177 INFO app.adapters.executor mt5 window activated
2026-03-21 15:06:26,990 INFO app.adapters.executor target MT5 account already active
2026-03-21 15:06:26,992 INFO app.adapters.executor using symbol template lookup
2026-03-21 15:06:28,507 INFO app.adapters.executor mt5 window activated
2026-03-21 15:06:29,988 INFO app.adapters.executor mt5 window activated
2026-03-21 15:06:31,919 INFO app.adapters.executor mt5 window activated
2026-03-21 15:06:33,353 INFO app.adapters.executor mt5 window activated
2026-03-21 15:06:35,236 INFO app.adapters.executor mt5 window activated
2026-03-21 15:06:36,654 INFO app.adapters.executor mt5 window activated
2026-03-21 15:06:40,452 INFO app.adapters.executor mt5 window activated
2026-03-21 15:06:41,379 INFO app.adapters.executor mt5 window activated
2026-03-21 15:06:42,778 INFO app.adapters.executor mt5 window activated
2026-03-21 15:06:43,375 WARNING app.adapters.executor main window template not found after activation; proceeding with active MT5 window
2026-03-21 15:06:44,683 INFO app.adapters.executor mt5 window activated
2026-03-21 15:06:45,578 INFO app.adapters.executor mt5 window activated
2026-03-21 15:06:46,999 INFO app.adapters.executor mt5 window activated
2026-03-21 15:06:47,586 WARNING app.adapters.executor main window template not found after activation; proceeding with active MT5 window
2026-03-21 15:06:49,270 INFO app.adapters.executor mt5 window activated
2026-03-21 15:06:50,735 INFO app.adapters.executor mt5 window activated
2026-03-21 15:14:00,698 INFO app.adapters.capture telegram polling started
2026-03-21 15:14:02,281 INFO httpx HTTP Request: POST https://api.telegram.org/bot8790407909:AAGgUU-V77NroC4WdjDtYqB1fA8x-4yy0DA/getMe "HTTP/1.1 200 OK"
2026-03-21 15:14:02,282 INFO telegram.ext.Application Application started
2026-03-21 15:14:02,622 INFO httpx HTTP Request: POST https://api.telegram.org/bot8790407909:AAGgUU-V77NroC4WdjDtYqB1fA8x-4yy0DA/deleteWebhook "HTTP/1.1 200 OK"
2026-03-21 15:14:07,101 INFO httpx HTTP Request: POST https://api.telegram.org/bot8790407909:AAGgUU-V77NroC4WdjDtYqB1fA8x-4yy0DA/getUpdates "HTTP/1.1 200 OK"
2026-03-21 15:14:07,103 INFO app.adapters.capture telegram photo accepted
2026-03-21 15:14:07,448 INFO httpx HTTP Request: POST https://api.telegram.org/bot8790407909:AAGgUU-V77NroC4WdjDtYqB1fA8x-4yy0DA/getFile "HTTP/1.1 200 OK"
2026-03-21 15:14:08,124 INFO httpx HTTP Request: GET https://api.telegram.org/file/bot8790407909%3AAAGgUU-V77NroC4WdjDtYqB1fA8x-4yy0DA/photos/file_1.jpg "HTTP/1.1 200 OK"
2026-03-21 15:14:08,375 INFO app.orchestrator.pipeline task transition
2026-03-21 15:14:08,383 INFO app.orchestrator.pipeline task transition
2026-03-21 15:14:08,390 INFO app.orchestrator.pipeline task transition
2026-03-21 15:14:09,940 INFO app.orchestrator.pipeline task transition
2026-03-21 15:14:09,946 INFO app.orchestrator.pipeline task transition
2026-03-21 15:14:09,960 INFO app.orchestrator.pipeline task transition
2026-03-21 15:14:09,968 INFO app.orchestrator.pipeline task transition
2026-03-21 15:14:15,429 INFO app.adapters.executor mt5 window activated
2026-03-21 15:14:16,597 INFO app.adapters.executor mt5 window activated
2026-03-21 15:14:17,709 INFO app.adapters.executor target MT5 account already active
2026-03-21 15:14:17,709 INFO app.adapters.executor using symbol template lookup
2026-03-21 15:14:19,269 INFO app.adapters.executor mt5 window activated
2026-03-21 15:14:21,904 INFO app.adapters.executor optional anchor skipped
2026-03-21 15:14:25,102 INFO app.adapters.executor mt5 window activated
2026-03-21 15:14:26,003 INFO app.adapters.executor mt5 window activated
2026-03-21 15:14:27,414 INFO app.adapters.executor mt5 window activated
2026-03-21 15:14:28,038 WARNING app.adapters.executor main window template not found after activation; proceeding with active MT5 window
2026-03-21 15:14:29,346 INFO app.adapters.executor mt5 window activated
2026-03-21 15:14:30,296 INFO app.adapters.executor mt5 window activated
2026-03-21 15:14:31,807 INFO app.adapters.executor mt5 window activated
2026-03-21 15:14:32,426 WARNING app.adapters.executor main window template not found after activation; proceeding with active MT5 window
2026-03-21 15:14:34,087 INFO app.adapters.executor mt5 window activated
2026-03-21 15:14:35,858 INFO app.adapters.executor mt5 window activated
2026-03-21 15:14:37,282 INFO app.adapters.executor mt5 window activated
2026-03-21 15:14:40,343 INFO app.adapters.executor mt5 window activated
2026-03-21 15:14:52,145 INFO app.adapters.executor mt5 window activated
2026-03-21 15:14:53,118 INFO app.adapters.executor mt5 window activated
2026-03-21 15:14:54,504 INFO app.adapters.executor mt5 window activated
2026-03-21 15:14:55,123 WARNING app.adapters.executor main window template not found after activation; proceeding with active MT5 window
2026-03-21 15:14:55,629 INFO app.adapters.executor target MT5 account already active
2026-03-21 15:14:55,629 INFO app.adapters.executor using symbol template lookup
2026-03-21 15:14:57,036 INFO app.adapters.executor mt5 window activated
2026-03-21 15:14:58,454 INFO app.adapters.executor mt5 window activated
2026-03-21 15:15:00,715 INFO app.adapters.executor mt5 window activated
2026-03-21 15:15:02,143 INFO app.adapters.executor mt5 window activated
2026-03-21 15:15:02,906 INFO app.orchestrator.pipeline task transition
2026-03-21 15:15:02,907 INFO httpx HTTP Request: POST https://api.telegram.org/bot8790407909:AAGgUU-V77NroC4WdjDtYqB1fA8x-4yy0DA/getUpdates "HTTP/1.1 200 OK"
2026-03-21 15:21:58,543 INFO app.adapters.capture telegram polling started
2026-03-21 15:22:04,385 INFO httpx HTTP Request: POST https://api.telegram.org/bot8790407909:AAGgUU-V77NroC4WdjDtYqB1fA8x-4yy0DA/getMe "HTTP/1.1 200 OK"
2026-03-21 15:22:04,387 INFO telegram.ext.Application Application started
2026-03-21 15:22:04,729 INFO httpx HTTP Request: POST https://api.telegram.org/bot8790407909:AAGgUU-V77NroC4WdjDtYqB1fA8x-4yy0DA/deleteWebhook "HTTP/1.1 200 OK"
2026-03-21 15:22:09,262 INFO httpx HTTP Request: POST https://api.telegram.org/bot8790407909:AAGgUU-V77NroC4WdjDtYqB1fA8x-4yy0DA/getUpdates "HTTP/1.1 200 OK"
2026-03-21 15:22:09,265 INFO app.adapters.capture telegram photo accepted
2026-03-21 15:22:09,603 INFO httpx HTTP Request: POST https://api.telegram.org/bot8790407909:AAGgUU-V77NroC4WdjDtYqB1fA8x-4yy0DA/getFile "HTTP/1.1 200 OK"
2026-03-21 15:22:10,154 INFO httpx HTTP Request: GET https://api.telegram.org/file/bot8790407909%3AAAGgUU-V77NroC4WdjDtYqB1fA8x-4yy0DA/photos/file_1.jpg "HTTP/1.1 200 OK"
2026-03-21 15:22:10,399 INFO app.orchestrator.pipeline task transition
2026-03-21 15:22:10,407 INFO app.orchestrator.pipeline task transition
2026-03-21 15:22:10,415 INFO app.orchestrator.pipeline task transition
2026-03-21 15:22:11,931 INFO app.orchestrator.pipeline task transition
2026-03-21 15:22:11,940 INFO app.orchestrator.pipeline task transition
2026-03-21 15:22:11,956 INFO app.orchestrator.pipeline task transition
2026-03-21 15:22:11,962 INFO app.orchestrator.pipeline task transition
2026-03-21 15:22:15,382 INFO app.adapters.executor mt5 window activated
2026-03-21 15:22:17,081 INFO app.adapters.executor mt5 window activated
2026-03-21 15:22:18,862 INFO app.adapters.executor mt5 window activated
2026-03-21 15:22:20,632 INFO app.adapters.executor mt5 window activated
2026-03-21 15:22:23,678 INFO app.adapters.executor mt5 window activated
2026-03-21 15:22:25,658 INFO app.adapters.executor mt5 window activated
2026-03-21 15:22:27,057 INFO app.adapters.executor mt5 window activated
2026-03-21 15:22:28,454 INFO app.adapters.executor mt5 window activated
2026-03-21 15:22:30,360 INFO app.adapters.executor mt5 window activated
2026-03-21 15:22:30,469 INFO app.adapters.executor using symbol template lookup
2026-03-21 15:22:33,172 INFO app.adapters.executor optional anchor skipped
2026-03-21 15:22:36,376 INFO app.adapters.executor mt5 window activated
2026-03-21 15:22:37,275 INFO app.adapters.executor mt5 window activated
2026-03-21 15:22:38,670 INFO app.adapters.executor mt5 window activated
2026-03-21 15:22:39,283 WARNING app.adapters.executor main window template not found after activation; proceeding with active MT5 window
2026-03-21 15:22:40,594 INFO app.adapters.executor mt5 window activated
2026-03-21 15:22:41,524 INFO app.adapters.executor mt5 window activated
2026-03-21 15:22:42,994 INFO app.adapters.executor mt5 window activated
2026-03-21 15:22:43,616 WARNING app.adapters.executor main window template not found after activation; proceeding with active MT5 window
2026-03-21 15:22:45,612 INFO app.adapters.executor mt5 window activated
2026-03-21 15:22:47,035 INFO app.adapters.executor mt5 window activated
2026-03-21 15:23:00,599 INFO app.adapters.executor mt5 window activated
2026-03-21 15:23:01,514 INFO app.adapters.executor mt5 window activated
2026-03-21 15:23:02,956 INFO app.adapters.executor mt5 window activated
2026-03-21 15:23:04,068 INFO app.adapters.executor target MT5 account already active
2026-03-21 15:23:04,068 INFO app.adapters.executor using symbol template lookup
2026-03-21 15:23:05,518 INFO app.adapters.executor mt5 window activated
2026-03-21 15:23:06,958 INFO app.adapters.executor mt5 window activated
2026-03-21 15:23:08,493 INFO app.adapters.executor mt5 window activated
2026-03-21 15:23:11,120 INFO app.adapters.executor optional anchor skipped
2026-03-21 15:23:11,517 INFO app.orchestrator.pipeline task transition
2026-03-21 15:23:11,517 INFO httpx HTTP Request: POST https://api.telegram.org/bot8790407909:AAGgUU-V77NroC4WdjDtYqB1fA8x-4yy0DA/getUpdates "HTTP/1.1 200 OK"
2026-03-21 15:23:21,874 INFO httpx HTTP Request: POST https://api.telegram.org/bot8790407909:AAGgUU-V77NroC4WdjDtYqB1fA8x-4yy0DA/getUpdates "HTTP/1.1 200 OK"
2026-03-21 15:23:32,249 INFO httpx HTTP Request: POST https://api.telegram.org/bot8790407909:AAGgUU-V77NroC4WdjDtYqB1fA8x-4yy0DA/getUpdates "HTTP/1.1 200 OK"
2026-03-21 15:23:42,900 INFO httpx HTTP Request: POST https://api.telegram.org/bot8790407909:AAGgUU-V77NroC4WdjDtYqB1fA8x-4yy0DA/getUpdates "HTTP/1.1 200 OK"
2026-03-21 15:23:53,345 INFO httpx HTTP Request: POST https://api.telegram.org/bot8790407909:AAGgUU-V77NroC4WdjDtYqB1fA8x-4yy0DA/getUpdates "HTTP/1.1 200 OK"
2026-03-21 15:24:03,688 INFO httpx HTTP Request: POST https://api.telegram.org/bot8790407909:AAGgUU-V77NroC4WdjDtYqB1fA8x-4yy0DA/getUpdates "HTTP/1.1 200 OK"
2026-03-21 15:24:14,235 INFO httpx HTTP Request: POST https://api.telegram.org/bot8790407909:AAGgUU-V77NroC4WdjDtYqB1fA8x-4yy0DA/getUpdates "HTTP/1.1 200 OK"
2026-03-21 15:24:24,689 INFO httpx HTTP Request: POST https://api.telegram.org/bot8790407909:AAGgUU-V77NroC4WdjDtYqB1fA8x-4yy0DA/getUpdates "HTTP/1.1 200 OK"
2026-03-21 15:24:35,124 INFO httpx HTTP Request: POST https://api.telegram.org/bot8790407909:AAGgUU-V77NroC4WdjDtYqB1fA8x-4yy0DA/getUpdates "HTTP/1.1 200 OK"
2026-03-21 15:24:45,462 INFO httpx HTTP Request: POST https://api.telegram.org/bot8790407909:AAGgUU-V77NroC4WdjDtYqB1fA8x-4yy0DA/getUpdates "HTTP/1.1 200 OK"
2026-03-21 15:24:55,810 INFO httpx HTTP Request: POST https://api.telegram.org/bot8790407909:AAGgUU-V77NroC4WdjDtYqB1fA8x-4yy0DA/getUpdates "HTTP/1.1 200 OK"
2026-03-21 15:25:06,256 INFO httpx HTTP Request: POST https://api.telegram.org/bot8790407909:AAGgUU-V77NroC4WdjDtYqB1fA8x-4yy0DA/getUpdates "HTTP/1.1 200 OK"
2026-03-21 15:25:16,699 INFO httpx HTTP Request: POST https://api.telegram.org/bot8790407909:AAGgUU-V77NroC4WdjDtYqB1fA8x-4yy0DA/getUpdates "HTTP/1.1 200 OK"
2026-03-21 15:25:27,144 INFO httpx HTTP Request: POST https://api.telegram.org/bot8790407909:AAGgUU-V77NroC4WdjDtYqB1fA8x-4yy0DA/getUpdates "HTTP/1.1 200 OK"
2026-03-21 15:25:37,488 INFO httpx HTTP Request: POST https://api.telegram.org/bot8790407909:AAGgUU-V77NroC4WdjDtYqB1fA8x-4yy0DA/getUpdates "HTTP/1.1 200 OK"
2026-03-21 15:25:47,953 INFO httpx HTTP Request: POST https://api.telegram.org/bot8790407909:AAGgUU-V77NroC4WdjDtYqB1fA8x-4yy0DA/getUpdates "HTTP/1.1 200 OK"
2026-03-21 15:25:58,376 INFO httpx HTTP Request: POST https://api.telegram.org/bot8790407909:AAGgUU-V77NroC4WdjDtYqB1fA8x-4yy0DA/getUpdates "HTTP/1.1 200 OK"
2026-03-21 15:26:08,725 INFO httpx HTTP Request: POST https://api.telegram.org/bot8790407909:AAGgUU-V77NroC4WdjDtYqB1fA8x-4yy0DA/getUpdates "HTTP/1.1 200 OK"
2026-03-21 15:26:19,065 INFO httpx HTTP Request: POST https://api.telegram.org/bot8790407909:AAGgUU-V77NroC4WdjDtYqB1fA8x-4yy0DA/getUpdates "HTTP/1.1 200 OK"
2026-03-21 15:26:29,422 INFO httpx HTTP Request: POST https://api.telegram.org/bot8790407909:AAGgUU-V77NroC4WdjDtYqB1fA8x-4yy0DA/getUpdates "HTTP/1.1 200 OK"
2026-03-21 15:26:39,808 INFO httpx HTTP Request: POST https://api.telegram.org/bot8790407909:AAGgUU-V77NroC4WdjDtYqB1fA8x-4yy0DA/getUpdates "HTTP/1.1 200 OK"
2026-03-21 15:26:50,148 INFO httpx HTTP Request: POST https://api.telegram.org/bot8790407909:AAGgUU-V77NroC4WdjDtYqB1fA8x-4yy0DA/getUpdates "HTTP/1.1 200 OK"
2026-03-21 15:27:00,752 INFO httpx HTTP Request: POST https://api.telegram.org/bot8790407909:AAGgUU-V77NroC4WdjDtYqB1fA8x-4yy0DA/getUpdates "HTTP/1.1 200 OK"
2026-03-21 15:27:11,184 INFO httpx HTTP Request: POST https://api.telegram.org/bot8790407909:AAGgUU-V77NroC4WdjDtYqB1fA8x-4yy0DA/getUpdates "HTTP/1.1 200 OK"
2026-03-21 15:27:21,525 INFO httpx HTTP Request: POST https://api.telegram.org/bot8790407909:AAGgUU-V77NroC4WdjDtYqB1fA8x-4yy0DA/getUpdates "HTTP/1.1 200 OK"
2026-03-21 15:27:31,869 INFO httpx HTTP Request: POST https://api.telegram.org/bot8790407909:AAGgUU-V77NroC4WdjDtYqB1fA8x-4yy0DA/getUpdates "HTTP/1.1 200 OK"
2026-03-21 15:27:42,217 INFO httpx HTTP Request: POST https://api.telegram.org/bot8790407909:AAGgUU-V77NroC4WdjDtYqB1fA8x-4yy0DA/getUpdates "HTTP/1.1 200 OK"
2026-03-21 15:27:52,556 INFO httpx HTTP Request: POST https://api.telegram.org/bot8790407909:AAGgUU-V77NroC4WdjDtYqB1fA8x-4yy0DA/getUpdates "HTTP/1.1 200 OK"
2026-03-21 15:28:02,896 INFO httpx HTTP Request: POST https://api.telegram.org/bot8790407909:AAGgUU-V77NroC4WdjDtYqB1fA8x-4yy0DA/getUpdates "HTTP/1.1 200 OK"
2026-03-21 15:28:13,341 INFO httpx HTTP Request: POST https://api.telegram.org/bot8790407909:AAGgUU-V77NroC4WdjDtYqB1fA8x-4yy0DA/getUpdates "HTTP/1.1 200 OK"
2026-03-21 15:28:23,792 INFO httpx HTTP Request: POST https://api.telegram.org/bot8790407909:AAGgUU-V77NroC4WdjDtYqB1fA8x-4yy0DA/getUpdates "HTTP/1.1 200 OK"
2026-03-21 15:28:34,137 INFO httpx HTTP Request: POST https://api.telegram.org/bot8790407909:AAGgUU-V77NroC4WdjDtYqB1fA8x-4yy0DA/getUpdates "HTTP/1.1 200 OK"
2026-03-21 15:28:44,576 INFO httpx HTTP Request: POST https://api.telegram.org/bot8790407909:AAGgUU-V77NroC4WdjDtYqB1fA8x-4yy0DA/getUpdates "HTTP/1.1 200 OK"
2026-03-21 15:28:55,020 INFO httpx HTTP Request: POST https://api.telegram.org/bot8790407909:AAGgUU-V77NroC4WdjDtYqB1fA8x-4yy0DA/getUpdates "HTTP/1.1 200 OK"
2026-03-21 15:29:05,362 INFO httpx HTTP Request: POST https://api.telegram.org/bot8790407909:AAGgUU-V77NroC4WdjDtYqB1fA8x-4yy0DA/getUpdates "HTTP/1.1 200 OK"
2026-03-21 15:29:15,716 INFO httpx HTTP Request: POST https://api.telegram.org/bot8790407909:AAGgUU-V77NroC4WdjDtYqB1fA8x-4yy0DA/getUpdates "HTTP/1.1 200 OK"
2026-03-21 15:29:26,056 INFO httpx HTTP Request: POST https://api.telegram.org/bot8790407909:AAGgUU-V77NroC4WdjDtYqB1fA8x-4yy0DA/getUpdates "HTTP/1.1 200 OK"
2026-03-21 15:29:36,409 INFO httpx HTTP Request: POST https://api.telegram.org/bot8790407909:AAGgUU-V77NroC4WdjDtYqB1fA8x-4yy0DA/getUpdates "HTTP/1.1 200 OK"
2026-03-21 15:29:58,075 INFO app.adapters.capture telegram polling started
2026-03-21 15:29:59,933 INFO httpx HTTP Request: POST https://api.telegram.org/bot8790407909:AAGgUU-V77NroC4WdjDtYqB1fA8x-4yy0DA/getMe "HTTP/1.1 200 OK"
2026-03-21 15:29:59,934 INFO telegram.ext.Application Application started
2026-03-21 15:30:00,273 INFO httpx HTTP Request: POST https://api.telegram.org/bot8790407909:AAGgUU-V77NroC4WdjDtYqB1fA8x-4yy0DA/deleteWebhook "HTTP/1.1 200 OK"
2026-03-21 15:30:11,829 INFO httpx HTTP Request: POST https://api.telegram.org/bot8790407909:AAGgUU-V77NroC4WdjDtYqB1fA8x-4yy0DA/getUpdates "HTTP/1.1 200 OK"
2026-03-21 15:30:14,654 INFO httpx HTTP Request: POST https://api.telegram.org/bot8790407909:AAGgUU-V77NroC4WdjDtYqB1fA8x-4yy0DA/getUpdates "HTTP/1.1 200 OK"
2026-03-21 15:30:14,655 INFO app.adapters.capture telegram photo accepted
2026-03-21 15:30:18,430 INFO httpx HTTP Request: POST https://api.telegram.org/bot8790407909:AAGgUU-V77NroC4WdjDtYqB1fA8x-4yy0DA/getFile "HTTP/1.1 200 OK"
2026-03-21 15:30:18,990 INFO httpx HTTP Request: GET https://api.telegram.org/file/bot8790407909%3AAAGgUU-V77NroC4WdjDtYqB1fA8x-4yy0DA/photos/file_2.jpg "HTTP/1.1 200 OK"
2026-03-21 15:30:19,230 INFO app.orchestrator.pipeline task transition
2026-03-21 15:30:19,238 INFO app.orchestrator.pipeline task transition
2026-03-21 15:30:19,247 INFO app.orchestrator.pipeline task transition
2026-03-21 15:30:20,672 INFO app.orchestrator.pipeline task transition
2026-03-21 15:30:20,676 INFO app.orchestrator.pipeline task transition
2026-03-21 15:30:20,697 INFO app.orchestrator.pipeline task transition
2026-03-21 15:30:20,704 INFO app.orchestrator.pipeline task transition
2026-03-21 15:30:23,618 INFO app.adapters.executor mt5 window activated
2026-03-21 15:30:24,485 INFO app.adapters.executor target MT5 account already active
2026-03-21 15:30:24,487 INFO app.adapters.executor using symbol template lookup
2026-03-21 15:30:25,969 INFO app.adapters.executor mt5 window activated
2026-03-21 15:30:28,660 INFO app.adapters.executor optional anchor skipped
2026-03-21 15:30:31,890 INFO app.adapters.executor mt5 window activated
2026-03-21 15:30:32,861 INFO app.adapters.executor mt5 window activated
2026-03-21 15:30:34,263 INFO app.adapters.executor mt5 window activated
2026-03-21 15:30:34,863 WARNING app.adapters.executor main window template not found after activation; proceeding with active MT5 window
2026-03-21 15:30:36,171 INFO app.adapters.executor mt5 window activated
2026-03-21 15:30:37,093 INFO app.adapters.executor mt5 window activated
2026-03-21 15:30:38,506 INFO app.adapters.executor mt5 window activated
2026-03-21 15:30:39,126 WARNING app.adapters.executor main window template not found after activation; proceeding with active MT5 window
2026-03-21 15:30:40,698 INFO app.adapters.executor mt5 window activated
2026-03-21 15:30:42,401 INFO app.adapters.executor mt5 window activated
2026-03-21 15:30:44,200 INFO app.adapters.executor mt5 window activated
2026-03-21 15:30:45,782 INFO app.adapters.executor mt5 window activated
2026-03-21 15:30:48,571 INFO app.adapters.executor mt5 window activated
2026-03-21 15:30:51,115 INFO app.adapters.executor mt5 window activated
2026-03-21 15:30:52,522 INFO app.adapters.executor mt5 window activated
2026-03-21 15:33:26,334 INFO app.adapters.capture telegram polling started
2026-03-21 15:33:27,945 INFO httpx HTTP Request: POST https://api.telegram.org/bot8790407909:AAGgUU-V77NroC4WdjDtYqB1fA8x-4yy0DA/getMe "HTTP/1.1 200 OK"
2026-03-21 15:33:27,947 INFO telegram.ext.Application Application started
2026-03-21 15:33:28,280 INFO httpx HTTP Request: POST https://api.telegram.org/bot8790407909:AAGgUU-V77NroC4WdjDtYqB1fA8x-4yy0DA/deleteWebhook "HTTP/1.1 200 OK"
2026-03-21 15:33:31,503 INFO httpx HTTP Request: POST https://api.telegram.org/bot8790407909:AAGgUU-V77NroC4WdjDtYqB1fA8x-4yy0DA/getUpdates "HTTP/1.1 200 OK"
2026-03-21 15:33:31,506 INFO app.adapters.capture telegram photo accepted
2026-03-21 15:33:31,849 INFO httpx HTTP Request: POST https://api.telegram.org/bot8790407909:AAGgUU-V77NroC4WdjDtYqB1fA8x-4yy0DA/getFile "HTTP/1.1 200 OK"
2026-03-21 15:33:32,429 INFO httpx HTTP Request: GET https://api.telegram.org/file/bot8790407909%3AAAGgUU-V77NroC4WdjDtYqB1fA8x-4yy0DA/photos/file_2.jpg "HTTP/1.1 200 OK"
2026-03-21 15:33:32,677 INFO app.orchestrator.pipeline task transition
2026-03-21 15:33:32,685 INFO app.orchestrator.pipeline task transition
2026-03-21 15:33:32,692 INFO app.orchestrator.pipeline task transition
2026-03-21 15:33:33,997 INFO app.orchestrator.pipeline task transition
2026-03-21 15:33:34,006 INFO app.orchestrator.pipeline task transition
2026-03-21 15:33:34,019 INFO app.orchestrator.pipeline task transition
2026-03-21 15:33:34,026 INFO app.orchestrator.pipeline task transition
2026-03-21 15:33:36,933 INFO app.adapters.executor mt5 window activated
2026-03-21 15:33:37,804 INFO app.adapters.executor target MT5 account already active
2026-03-21 15:33:37,804 INFO app.adapters.executor using symbol template lookup
2026-03-21 15:33:40,540 INFO app.adapters.executor optional anchor skipped
2026-03-21 15:33:43,826 INFO app.adapters.executor mt5 window activated
2026-03-21 15:33:44,737 INFO app.adapters.executor mt5 window activated
2026-03-21 15:33:46,176 INFO app.adapters.executor mt5 window activated
2026-03-21 15:33:46,783 WARNING app.adapters.executor main window template not found after activation; proceeding with active MT5 window
2026-03-21 15:33:48,090 INFO app.adapters.executor mt5 window activated
2026-03-21 15:33:48,994 INFO app.adapters.executor mt5 window activated
2026-03-21 15:33:50,406 INFO app.adapters.executor mt5 window activated
2026-03-21 15:33:52,632 INFO app.adapters.executor mt5 window activated
2026-03-21 15:34:13,019 INFO app.adapters.capture telegram polling started
2026-03-21 15:34:14,532 INFO httpx HTTP Request: POST https://api.telegram.org/bot8790407909:AAGgUU-V77NroC4WdjDtYqB1fA8x-4yy0DA/getMe "HTTP/1.1 200 OK"
2026-03-21 15:34:14,533 INFO telegram.ext.Application Application started
2026-03-21 15:34:14,881 INFO httpx HTTP Request: POST https://api.telegram.org/bot8790407909:AAGgUU-V77NroC4WdjDtYqB1fA8x-4yy0DA/deleteWebhook "HTTP/1.1 200 OK"
2026-03-21 15:34:18,829 INFO httpx HTTP Request: POST https://api.telegram.org/bot8790407909:AAGgUU-V77NroC4WdjDtYqB1fA8x-4yy0DA/getUpdates "HTTP/1.1 200 OK"
2026-03-21 15:34:18,831 INFO app.adapters.capture telegram photo accepted
2026-03-21 15:34:19,161 INFO httpx HTTP Request: POST https://api.telegram.org/bot8790407909:AAGgUU-V77NroC4WdjDtYqB1fA8x-4yy0DA/getFile "HTTP/1.1 200 OK"
2026-03-21 15:34:19,710 INFO httpx HTTP Request: GET https://api.telegram.org/file/bot8790407909%3AAAGgUU-V77NroC4WdjDtYqB1fA8x-4yy0DA/photos/file_2.jpg "HTTP/1.1 200 OK"
2026-03-21 15:34:19,971 INFO app.orchestrator.pipeline task transition
2026-03-21 15:34:19,978 INFO app.orchestrator.pipeline task transition
2026-03-21 15:34:19,987 INFO app.orchestrator.pipeline task transition
2026-03-21 15:34:20,855 INFO app.orchestrator.pipeline task transition
2026-03-21 15:34:20,862 INFO app.orchestrator.pipeline task transition
2026-03-21 15:34:20,876 INFO app.orchestrator.pipeline task transition
2026-03-21 15:34:20,884 INFO app.orchestrator.pipeline task transition
2026-03-21 15:34:42,343 INFO app.adapters.executor mt5 window activated
2026-03-21 15:34:43,754 INFO app.adapters.executor mt5 window activated
2026-03-21 15:34:45,600 INFO app.adapters.executor mt5 window activated
2026-03-21 15:34:47,451 INFO app.adapters.executor mt5 window activated
2026-03-21 15:34:48,930 INFO app.adapters.executor mt5 window activated
2026-03-21 15:34:52,062 INFO app.adapters.executor mt5 window activated
2026-03-21 15:34:54,071 INFO app.adapters.executor mt5 window activated
2026-03-21 15:34:55,467 INFO app.adapters.executor mt5 window activated
2026-03-21 15:34:56,860 INFO app.adapters.executor mt5 window activated
2026-03-21 15:34:58,766 INFO app.adapters.executor mt5 window activated
2026-03-21 15:34:58,874 INFO app.adapters.executor using symbol template lookup
2026-03-21 15:35:01,543 INFO app.adapters.executor optional anchor skipped
2026-03-21 15:35:01,925 INFO app.orchestrator.pipeline task transition
2026-03-21 15:35:01,927 INFO httpx HTTP Request: POST https://api.telegram.org/bot8790407909:AAGgUU-V77NroC4WdjDtYqB1fA8x-4yy0DA/getUpdates "HTTP/1.1 200 OK"
2026-03-21 15:35:12,331 INFO httpx HTTP Request: POST https://api.telegram.org/bot8790407909:AAGgUU-V77NroC4WdjDtYqB1fA8x-4yy0DA/getUpdates "HTTP/1.1 200 OK"
2026-03-21 15:35:22,680 INFO httpx HTTP Request: POST https://api.telegram.org/bot8790407909:AAGgUU-V77NroC4WdjDtYqB1fA8x-4yy0DA/getUpdates "HTTP/1.1 200 OK"
2026-03-21 15:35:24,364 INFO httpx HTTP Request: POST https://api.telegram.org/bot8790407909:AAGgUU-V77NroC4WdjDtYqB1fA8x-4yy0DA/getUpdates "HTTP/1.1 200 OK"
2026-03-21 15:35:24,365 INFO app.adapters.capture telegram photo accepted
2026-03-21 15:35:26,037 INFO httpx HTTP Request: POST https://api.telegram.org/bot8790407909:AAGgUU-V77NroC4WdjDtYqB1fA8x-4yy0DA/getFile "HTTP/1.1 200 OK"
2026-03-21 15:35:26,618 INFO httpx HTTP Request: GET https://api.telegram.org/file/bot8790407909%3AAAGgUU-V77NroC4WdjDtYqB1fA8x-4yy0DA/photos/file_2.jpg "HTTP/1.1 200 OK"
2026-03-21 15:35:26,869 INFO app.orchestrator.pipeline task transition
2026-03-21 15:35:26,875 INFO app.orchestrator.pipeline task transition
2026-03-21 15:35:26,883 INFO app.orchestrator.pipeline task transition
2026-03-21 15:35:27,195 INFO app.orchestrator.pipeline task transition
2026-03-21 15:35:27,195 INFO app.orchestrator.pipeline task transition
2026-03-21 15:35:27,216 INFO app.orchestrator.pipeline task transition
2026-03-21 15:35:27,223 INFO app.orchestrator.pipeline task transition
2026-03-21 15:35:30,058 INFO app.adapters.executor mt5 window activated
2026-03-21 15:35:30,750 INFO app.adapters.executor target MT5 account already active
2026-03-21 15:35:30,752 INFO app.adapters.executor using symbol template lookup
2026-03-21 15:35:33,589 INFO app.adapters.executor optional anchor skipped
2026-03-21 15:35:36,794 INFO app.adapters.executor mt5 window activated
2026-03-21 15:35:37,700 INFO app.adapters.executor mt5 window activated
2026-03-21 15:35:39,126 INFO app.adapters.executor mt5 window activated
2026-03-21 15:35:39,718 WARNING app.adapters.executor main window template not found after activation; proceeding with active MT5 window
2026-03-21 15:35:41,032 INFO app.adapters.executor mt5 window activated
2026-03-21 15:35:41,970 INFO app.adapters.executor mt5 window activated
2026-03-21 15:35:43,379 INFO app.adapters.executor mt5 window activated
2026-03-21 15:35:44,001 WARNING app.adapters.executor main window template not found after activation; proceeding with active MT5 window
2026-03-21 15:35:45,664 INFO app.adapters.executor mt5 window activated
2026-03-21 15:35:47,423 INFO app.adapters.executor mt5 window activated
2026-03-21 15:36:00,707 INFO app.adapters.executor mt5 window activated
2026-03-21 15:36:01,667 INFO app.adapters.executor mt5 window activated
2026-03-21 15:36:03,071 INFO app.adapters.executor mt5 window activated
2026-03-21 15:36:03,666 WARNING app.adapters.executor main window template not found after activation; proceeding with active MT5 window
2026-03-21 15:36:04,974 INFO app.adapters.executor mt5 window activated
2026-03-21 15:36:05,873 INFO app.adapters.executor mt5 window activated
2026-03-21 15:36:07,310 INFO app.adapters.executor mt5 window activated
2026-03-21 15:36:07,932 WARNING app.adapters.executor main window template not found after activation; proceeding with active MT5 window
2026-03-21 15:36:09,437 INFO app.adapters.executor mt5 window activated
2026-03-21 15:36:11,076 INFO app.adapters.executor mt5 window activated
2026-03-21 15:36:12,487 INFO app.adapters.executor mt5 window activated
2026-03-21 15:36:14,866 INFO app.adapters.executor mt5 window activated
2026-03-21 15:36:16,290 INFO app.adapters.executor mt5 window activated
2026-03-21 15:36:18,797 INFO app.adapters.executor mt5 window activated
2026-03-21 15:36:20,234 INFO app.adapters.executor mt5 window activated
2026-03-21 15:36:21,267 INFO app.orchestrator.pipeline task transition
2026-03-21 15:36:21,267 INFO httpx HTTP Request: POST https://api.telegram.org/bot8790407909:AAGgUU-V77NroC4WdjDtYqB1fA8x-4yy0DA/getUpdates "HTTP/1.1 200 OK"
2026-03-21 15:42:36,310 INFO app.adapters.capture telegram polling started
2026-03-21 15:42:38,018 INFO httpx HTTP Request: POST https://api.telegram.org/bot8790407909:AAGgUU-V77NroC4WdjDtYqB1fA8x-4yy0DA/getMe "HTTP/1.1 200 OK"
2026-03-21 15:42:38,022 INFO telegram.ext.Application Application started
2026-03-21 15:42:38,367 INFO httpx HTTP Request: POST https://api.telegram.org/bot8790407909:AAGgUU-V77NroC4WdjDtYqB1fA8x-4yy0DA/deleteWebhook "HTTP/1.1 200 OK"
2026-03-21 15:42:44,028 INFO httpx HTTP Request: POST https://api.telegram.org/bot8790407909:AAGgUU-V77NroC4WdjDtYqB1fA8x-4yy0DA/getUpdates "HTTP/1.1 200 OK"
2026-03-21 15:42:44,031 INFO app.adapters.capture telegram photo accepted
2026-03-21 15:42:45,540 INFO httpx HTTP Request: POST https://api.telegram.org/bot8790407909:AAGgUU-V77NroC4WdjDtYqB1fA8x-4yy0DA/getFile "HTTP/1.1 200 OK"
2026-03-21 15:42:46,100 INFO httpx HTTP Request: GET https://api.telegram.org/file/bot8790407909%3AAAGgUU-V77NroC4WdjDtYqB1fA8x-4yy0DA/photos/file_2.jpg "HTTP/1.1 200 OK"
2026-03-21 15:42:46,445 INFO app.orchestrator.pipeline task transition
2026-03-21 15:42:46,452 INFO app.orchestrator.pipeline task transition
2026-03-21 15:42:46,459 INFO app.orchestrator.pipeline task transition
2026-03-21 15:42:47,755 INFO app.orchestrator.pipeline task transition
2026-03-21 15:42:47,772 INFO app.orchestrator.pipeline task transition
2026-03-21 15:42:47,787 INFO app.orchestrator.pipeline task transition
2026-03-21 15:42:47,789 INFO app.orchestrator.pipeline task transition
2026-03-21 15:42:50,678 INFO app.adapters.executor mt5 window activated
2026-03-21 15:42:51,558 INFO app.adapters.executor target MT5 account already active
2026-03-21 15:42:51,558 INFO app.adapters.executor using symbol template lookup
2026-03-21 15:42:54,238 INFO app.adapters.executor optional anchor skipped
2026-03-21 15:42:57,413 INFO app.adapters.executor mt5 window activated
2026-03-21 15:42:58,326 INFO app.adapters.executor mt5 window activated
2026-03-21 15:42:59,723 INFO app.adapters.executor mt5 window activated
2026-03-21 15:43:00,358 WARNING app.adapters.executor main window template not found after activation; proceeding with active MT5 window
2026-03-21 15:43:01,664 INFO app.adapters.executor mt5 window activated
2026-03-21 15:43:02,582 INFO app.adapters.executor mt5 window activated
2026-03-21 15:43:04,023 INFO app.adapters.executor mt5 window activated
2026-03-21 15:43:04,626 WARNING app.adapters.executor main window template not found after activation; proceeding with active MT5 window
2026-03-21 15:43:06,268 INFO app.adapters.executor mt5 window activated
2026-03-21 15:43:08,028 INFO app.adapters.executor mt5 window activated
2026-03-21 15:43:09,446 INFO app.adapters.executor mt5 window activated
2026-03-21 15:43:12,517 INFO app.adapters.executor mt5 window activated
2026-03-21 15:43:14,428 INFO app.adapters.executor mt5 window activated
2026-03-21 15:43:15,351 INFO app.adapters.executor mt5 window activated
2026-03-21 15:43:16,758 INFO app.adapters.executor mt5 window activated
2026-03-21 15:43:17,344 WARNING app.adapters.executor main window template not found after activation; proceeding with active MT5 window
2026-03-21 15:43:17,344 INFO app.adapters.executor using symbol template lookup
2026-03-21 15:43:18,779 INFO app.adapters.executor mt5 window activated
2026-03-21 15:43:20,210 INFO app.adapters.executor mt5 window activated
2026-03-21 15:43:21,746 INFO app.adapters.executor mt5 window activated
2026-03-21 15:43:23,176 INFO app.adapters.executor mt5 window activated
2026-03-21 15:43:24,717 INFO app.adapters.executor mt5 window activated
2026-03-21 15:43:26,127 INFO app.adapters.executor mt5 window activated
2026-03-21 15:43:27,646 INFO app.adapters.executor mt5 window activated
2026-03-21 15:43:29,080 INFO app.adapters.executor mt5 window activated
2026-03-21 15:43:30,655 INFO app.adapters.executor mt5 window activated
2026-03-21 15:43:32,079 INFO app.adapters.executor mt5 window activated
2026-03-21 15:43:33,611 INFO app.adapters.executor mt5 window activated
2026-03-21 15:43:35,028 INFO app.adapters.executor mt5 window activated
2026-03-21 15:43:36,951 INFO app.adapters.executor mt5 window activated
2026-03-21 15:43:38,406 INFO app.adapters.executor mt5 window activated
2026-03-21 15:43:40,013 INFO app.adapters.executor mt5 window activated
2026-03-21 15:43:41,460 INFO app.adapters.executor mt5 window activated
2026-03-21 15:43:42,990 INFO app.adapters.executor mt5 window activated
2026-03-21 15:43:44,406 INFO app.adapters.executor mt5 window activated
2026-03-21 15:43:45,942 INFO app.adapters.executor mt5 window activated
2026-03-21 15:43:47,376 INFO app.adapters.executor mt5 window activated
2026-03-21 15:43:48,906 INFO app.adapters.executor mt5 window activated
2026-03-21 15:43:50,326 INFO app.adapters.executor mt5 window activated
2026-03-21 15:43:51,855 INFO app.adapters.executor mt5 window activated
2026-03-21 15:43:53,274 INFO app.adapters.executor mt5 window activated
2026-03-21 15:43:55,181 INFO app.adapters.executor mt5 window activated
2026-03-21 15:43:56,605 INFO app.adapters.executor mt5 window activated
2026-03-21 15:43:58,153 INFO app.adapters.executor mt5 window activated
2026-03-21 15:43:59,568 INFO app.adapters.executor mt5 window activated
2026-03-21 15:44:01,084 INFO app.adapters.executor mt5 window activated
2026-03-21 15:44:02,503 INFO app.adapters.executor mt5 window activated
2026-03-21 15:44:04,015 INFO app.adapters.executor mt5 window activated
2026-03-21 15:44:05,416 INFO app.adapters.executor mt5 window activated
2026-03-21 15:44:06,941 INFO app.adapters.executor mt5 window activated
2026-03-21 15:44:08,365 INFO app.adapters.executor mt5 window activated
2026-03-21 15:44:09,909 INFO app.adapters.executor mt5 window activated
2026-03-21 15:44:11,326 INFO app.adapters.executor mt5 window activated
2026-03-21 15:44:12,344 INFO app.orchestrator.pipeline task transition
2026-03-21 15:44:12,348 INFO httpx HTTP Request: POST https://api.telegram.org/bot8790407909:AAGgUU-V77NroC4WdjDtYqB1fA8x-4yy0DA/getUpdates "HTTP/1.1 200 OK"
2026-03-21 15:44:22,783 INFO httpx HTTP Request: POST https://api.telegram.org/bot8790407909:AAGgUU-V77NroC4WdjDtYqB1fA8x-4yy0DA/getUpdates "HTTP/1.1 200 OK"
2026-03-21 15:44:33,221 INFO httpx HTTP Request: POST https://api.telegram.org/bot8790407909:AAGgUU-V77NroC4WdjDtYqB1fA8x-4yy0DA/getUpdates "HTTP/1.1 200 OK"
2026-03-21 15:44:43,666 INFO httpx HTTP Request: POST https://api.telegram.org/bot8790407909:AAGgUU-V77NroC4WdjDtYqB1fA8x-4yy0DA/getUpdates "HTTP/1.1 200 OK"
2026-03-21 15:44:54,111 INFO httpx HTTP Request: POST https://api.telegram.org/bot8790407909:AAGgUU-V77NroC4WdjDtYqB1fA8x-4yy0DA/getUpdates "HTTP/1.1 200 OK"
2026-03-21 15:45:04,554 INFO httpx HTTP Request: POST https://api.telegram.org/bot8790407909:AAGgUU-V77NroC4WdjDtYqB1fA8x-4yy0DA/getUpdates "HTTP/1.1 200 OK"
2026-03-21 15:56:25,938 INFO app.adapters.capture telegram polling started
2026-03-21 15:57:00,302 INFO app.adapters.capture telegram polling started
2026-03-21 15:57:01,983 INFO httpx HTTP Request: POST https://api.telegram.org/bot8790407909:AAGgUU-V77NroC4WdjDtYqB1fA8x-4yy0DA/getMe "HTTP/1.1 200 OK"
2026-03-21 15:57:01,987 INFO telegram.ext.Application Application started
2026-03-21 15:57:02,331 INFO httpx HTTP Request: POST https://api.telegram.org/bot8790407909:AAGgUU-V77NroC4WdjDtYqB1fA8x-4yy0DA/deleteWebhook "HTTP/1.1 200 OK"
2026-03-21 15:57:14,009 INFO httpx HTTP Request: POST https://api.telegram.org/bot8790407909:AAGgUU-V77NroC4WdjDtYqB1fA8x-4yy0DA/getUpdates "HTTP/1.1 200 OK"
2026-03-21 15:57:15,238 INFO httpx HTTP Request: POST https://api.telegram.org/bot8790407909:AAGgUU-V77NroC4WdjDtYqB1fA8x-4yy0DA/getUpdates "HTTP/1.1 200 OK"
2026-03-21 15:57:15,240 INFO app.adapters.capture telegram photo accepted
2026-03-21 15:57:16,927 INFO httpx HTTP Request: POST https://api.telegram.org/bot8790407909:AAGgUU-V77NroC4WdjDtYqB1fA8x-4yy0DA/getFile "HTTP/1.1 200 OK"
2026-03-21 15:57:17,489 INFO httpx HTTP Request: GET https://api.telegram.org/file/bot8790407909%3AAAGgUU-V77NroC4WdjDtYqB1fA8x-4yy0DA/photos/file_2.jpg "HTTP/1.1 200 OK"
2026-03-21 15:57:17,604 INFO app.orchestrator.pipeline task transition
2026-03-21 15:57:17,610 INFO app.orchestrator.pipeline task transition
2026-03-21 15:57:17,616 INFO app.orchestrator.pipeline task transition
2026-03-21 15:57:18,815 INFO app.orchestrator.pipeline task transition
2026-03-21 15:57:18,821 INFO app.orchestrator.pipeline task transition
2026-03-21 15:57:18,831 INFO app.orchestrator.pipeline task transition
2026-03-21 15:57:18,836 INFO app.orchestrator.pipeline task transition
2026-03-21 15:57:21,723 INFO app.adapters.executor mt5 window activated
2026-03-21 15:57:22,883 INFO app.adapters.executor mt5 window activated
2026-03-21 15:57:24,273 INFO app.adapters.executor mt5 window activated
2026-03-21 15:57:26,192 INFO app.adapters.executor mt5 window activated
2026-03-21 15:57:27,976 INFO app.adapters.executor mt5 window activated
2026-03-21 15:57:29,777 INFO app.adapters.executor mt5 window activated
2026-03-21 15:57:32,773 INFO app.adapters.executor mt5 window activated
2026-03-21 15:57:33,979 INFO app.adapters.executor mt5 window activated
2026-03-21 15:57:35,892 INFO app.adapters.executor mt5 window activated
2026-03-21 15:57:35,997 INFO app.adapters.executor using symbol template lookup
2026-03-21 15:57:37,491 INFO app.adapters.executor mt5 window activated
2026-03-21 15:57:40,107 INFO app.adapters.executor optional anchor skipped
2026-03-21 15:57:43,396 INFO app.adapters.executor mt5 window activated
2026-03-21 15:57:44,308 INFO app.adapters.executor mt5 window activated
2026-03-21 15:57:45,714 INFO app.adapters.executor mt5 window activated
2026-03-21 15:57:46,323 WARNING app.adapters.executor main window template not found after activation; proceeding with active MT5 window
2026-03-21 15:57:47,630 INFO app.adapters.executor mt5 window activated
2026-03-21 15:57:48,534 INFO app.adapters.executor mt5 window activated
2026-03-21 15:57:50,066 INFO app.adapters.executor mt5 window activated
2026-03-21 15:57:50,667 WARNING app.adapters.executor main window template not found after activation; proceeding with active MT5 window
2026-03-21 15:57:52,297 INFO app.adapters.executor mt5 window activated
2026-03-21 15:57:54,018 INFO app.adapters.executor mt5 window activated
2026-03-21 15:57:55,435 INFO app.adapters.executor mt5 window activated
2026-03-21 15:57:58,527 INFO app.adapters.executor mt5 window activated
2026-03-21 15:58:00,432 INFO app.adapters.executor mt5 window activated
2026-03-21 15:58:01,317 INFO app.adapters.executor mt5 window activated
2026-03-21 15:58:02,714 INFO app.adapters.executor mt5 window activated
2026-03-21 15:58:03,313 INFO app.adapters.executor using symbol template lookup
2026-03-21 15:58:04,707 INFO app.adapters.executor mt5 window activated
2026-03-21 15:58:06,122 INFO app.adapters.executor mt5 window activated
2026-03-21 15:58:51,663 INFO app.adapters.capture telegram polling started
2026-03-21 15:58:53,360 INFO httpx HTTP Request: POST https://api.telegram.org/bot8790407909:AAGgUU-V77NroC4WdjDtYqB1fA8x-4yy0DA/getMe "HTTP/1.1 200 OK"
2026-03-21 15:58:53,362 INFO telegram.ext.Application Application started
2026-03-21 15:58:53,687 INFO httpx HTTP Request: POST https://api.telegram.org/bot8790407909:AAGgUU-V77NroC4WdjDtYqB1fA8x-4yy0DA/deleteWebhook "HTTP/1.1 200 OK"
2026-03-21 15:59:05,290 INFO httpx HTTP Request: POST https://api.telegram.org/bot8790407909:AAGgUU-V77NroC4WdjDtYqB1fA8x-4yy0DA/getUpdates "HTTP/1.1 200 OK"
2026-03-21 15:59:15,661 INFO httpx HTTP Request: POST https://api.telegram.org/bot8790407909:AAGgUU-V77NroC4WdjDtYqB1fA8x-4yy0DA/getUpdates "HTTP/1.1 200 OK"
2026-03-21 16:08:27,092 INFO app.adapters.capture telegram polling started
2026-03-21 16:08:28,681 INFO httpx HTTP Request: POST https://api.telegram.org/bot8790407909:AAGgUU-V77NroC4WdjDtYqB1fA8x-4yy0DA/getMe "HTTP/1.1 200 OK"
2026-03-21 16:08:28,684 INFO telegram.ext.Application Application started
2026-03-21 16:08:29,037 INFO httpx HTTP Request: POST https://api.telegram.org/bot8790407909:AAGgUU-V77NroC4WdjDtYqB1fA8x-4yy0DA/deleteWebhook "HTTP/1.1 200 OK"
2026-03-21 16:08:40,627 INFO httpx HTTP Request: POST https://api.telegram.org/bot8790407909:AAGgUU-V77NroC4WdjDtYqB1fA8x-4yy0DA/getUpdates "HTTP/1.1 200 OK"
2026-03-21 16:08:45,876 INFO httpx HTTP Request: POST https://api.telegram.org/bot8790407909:AAGgUU-V77NroC4WdjDtYqB1fA8x-4yy0DA/getUpdates "HTTP/1.1 200 OK"
2026-03-21 16:08:45,878 INFO app.adapters.capture telegram photo accepted
2026-03-21 16:08:47,517 INFO httpx HTTP Request: POST https://api.telegram.org/bot8790407909:AAGgUU-V77NroC4WdjDtYqB1fA8x-4yy0DA/getFile "HTTP/1.1 200 OK"
2026-03-21 16:08:48,182 INFO httpx HTTP Request: GET https://api.telegram.org/file/bot8790407909%3AAAGgUU-V77NroC4WdjDtYqB1fA8x-4yy0DA/photos/file_2.jpg "HTTP/1.1 200 OK"
2026-03-21 16:08:48,424 INFO app.orchestrator.pipeline task transition
2026-03-21 16:08:48,431 INFO app.orchestrator.pipeline task transition
2026-03-21 16:08:48,438 INFO app.orchestrator.pipeline task transition
2026-03-21 16:08:49,990 INFO app.orchestrator.pipeline task transition
2026-03-21 16:08:49,998 INFO app.orchestrator.pipeline task transition
2026-03-21 16:08:50,012 INFO app.orchestrator.pipeline task transition
2026-03-21 16:08:50,019 INFO app.orchestrator.pipeline task transition
2026-03-21 16:08:54,956 INFO app.adapters.executor mt5 window activated
2026-03-21 16:08:56,661 INFO app.adapters.executor mt5 window activated
2026-03-21 16:08:58,442 INFO app.adapters.executor mt5 window activated
2026-03-21 16:09:00,272 INFO app.adapters.executor mt5 window activated
2026-03-21 16:09:03,368 INFO app.adapters.executor mt5 window activated
2026-03-21 16:09:05,276 INFO app.adapters.executor mt5 window activated
2026-03-21 16:09:05,408 INFO app.adapters.executor using symbol template lookup
2026-03-21 16:09:06,853 INFO app.adapters.executor mt5 window activated
2026-03-21 16:09:08,282 INFO app.adapters.executor mt5 window activated
2026-03-21 16:09:09,829 INFO app.adapters.executor mt5 window activated
2026-03-21 16:09:11,281 INFO app.adapters.executor mt5 window activated
2026-03-21 16:09:12,862 INFO app.adapters.executor mt5 window activated
2026-03-21 16:09:14,351 INFO app.adapters.executor mt5 window activated
2026-03-21 16:09:15,920 INFO app.adapters.executor mt5 window activated
2026-03-21 16:09:17,366 INFO app.adapters.executor mt5 window activated
2026-03-21 16:09:18,936 INFO app.adapters.executor mt5 window activated
2026-03-21 16:09:20,358 INFO app.adapters.executor mt5 window activated
2026-03-21 16:09:21,907 INFO app.adapters.executor mt5 window activated
2026-03-21 16:09:23,349 INFO app.adapters.executor mt5 window activated
2026-03-21 16:09:25,260 INFO app.adapters.executor mt5 window activated
2026-03-21 16:09:26,682 INFO app.adapters.executor mt5 window activated
2026-03-21 16:09:28,245 INFO app.adapters.executor mt5 window activated
2026-03-21 16:09:29,680 INFO app.adapters.executor mt5 window activated
2026-03-21 16:09:31,220 INFO app.adapters.executor mt5 window activated
2026-03-21 16:09:32,637 INFO app.adapters.executor mt5 window activated
2026-03-21 16:09:34,149 INFO app.adapters.executor mt5 window activated
2026-03-21 16:09:35,584 INFO app.adapters.executor mt5 window activated
2026-03-21 16:09:37,104 INFO app.adapters.executor mt5 window activated
2026-03-21 16:09:38,514 INFO app.adapters.executor mt5 window activated
2026-03-21 16:09:40,046 INFO app.adapters.executor mt5 window activated
2026-03-21 16:09:41,463 INFO app.adapters.executor mt5 window activated
2026-03-21 16:09:43,370 INFO app.adapters.executor mt5 window activated
2026-03-21 16:09:44,798 INFO app.adapters.executor mt5 window activated
2026-03-21 16:09:46,413 INFO app.adapters.executor mt5 window activated
2026-03-21 16:10:44,480 INFO app.adapters.capture telegram polling started
2026-03-21 16:10:46,177 INFO httpx HTTP Request: POST https://api.telegram.org/bot8790407909:AAGgUU-V77NroC4WdjDtYqB1fA8x-4yy0DA/getMe "HTTP/1.1 200 OK"
2026-03-21 16:10:46,179 INFO telegram.ext.Application Application started
2026-03-21 16:10:46,513 INFO httpx HTTP Request: POST https://api.telegram.org/bot8790407909:AAGgUU-V77NroC4WdjDtYqB1fA8x-4yy0DA/deleteWebhook "HTTP/1.1 200 OK"
2026-03-21 16:10:58,170 INFO httpx HTTP Request: POST https://api.telegram.org/bot8790407909:AAGgUU-V77NroC4WdjDtYqB1fA8x-4yy0DA/getUpdates "HTTP/1.1 200 OK"
2026-03-21 16:11:08,549 INFO httpx HTTP Request: POST https://api.telegram.org/bot8790407909:AAGgUU-V77NroC4WdjDtYqB1fA8x-4yy0DA/getUpdates "HTTP/1.1 200 OK"
2026-03-21 16:11:16,151 INFO httpx HTTP Request: POST https://api.telegram.org/bot8790407909:AAGgUU-V77NroC4WdjDtYqB1fA8x-4yy0DA/getUpdates "HTTP/1.1 200 OK"
2026-03-21 16:11:16,153 INFO app.adapters.capture telegram photo accepted
2026-03-21 16:11:17,793 INFO httpx HTTP Request: POST https://api.telegram.org/bot8790407909:AAGgUU-V77NroC4WdjDtYqB1fA8x-4yy0DA/getFile "HTTP/1.1 200 OK"
2026-03-21 16:11:18,352 INFO httpx HTTP Request: GET https://api.telegram.org/file/bot8790407909%3AAAGgUU-V77NroC4WdjDtYqB1fA8x-4yy0DA/photos/file_2.jpg "HTTP/1.1 200 OK"
2026-03-21 16:11:18,637 INFO app.orchestrator.pipeline task transition
2026-03-21 16:11:18,643 INFO app.orchestrator.pipeline task transition
2026-03-21 16:11:18,650 INFO app.orchestrator.pipeline task transition
2026-03-21 16:11:19,941 INFO app.orchestrator.pipeline task transition
2026-03-21 16:11:19,948 INFO app.orchestrator.pipeline task transition
2026-03-21 16:11:19,961 INFO app.orchestrator.pipeline task transition
2026-03-21 16:11:19,968 INFO app.orchestrator.pipeline task transition
2026-03-21 16:11:22,887 INFO app.adapters.executor mt5 window activated
2026-03-21 16:11:23,657 INFO app.adapters.executor target MT5 account already active
2026-03-21 16:11:23,657 INFO app.adapters.executor using symbol template lookup
2026-03-21 16:11:25,119 INFO app.adapters.executor mt5 window activated
2026-03-21 16:11:28,550 INFO app.adapters.executor optional anchor skipped
2026-03-21 16:11:31,757 INFO app.adapters.executor mt5 window activated
2026-03-21 16:11:32,653 INFO app.adapters.executor mt5 window activated
2026-03-21 16:11:34,052 INFO app.adapters.executor mt5 window activated
2026-03-21 16:11:34,645 WARNING app.adapters.executor main window template not found after activation; proceeding with active MT5 window
2026-03-21 16:11:35,952 INFO app.adapters.executor mt5 window activated
2026-03-21 16:11:36,853 INFO app.adapters.executor mt5 window activated
2026-03-21 16:11:38,269 INFO app.adapters.executor mt5 window activated
2026-03-21 16:11:38,864 WARNING app.adapters.executor main window template not found after activation; proceeding with active MT5 window
2026-03-21 16:11:40,522 INFO app.adapters.executor mt5 window activated
2026-03-21 16:11:42,310 INFO app.adapters.executor mt5 window activated
2026-03-21 16:11:45,400 INFO app.adapters.executor mt5 window activated
2026-03-21 16:11:47,312 INFO app.adapters.executor mt5 window activated
2026-03-21 16:11:48,226 INFO app.adapters.executor mt5 window activated
2026-03-21 16:11:49,631 INFO app.adapters.executor mt5 window activated
2026-03-21 16:11:50,247 WARNING app.adapters.executor main window template not found after activation; proceeding with active MT5 window
2026-03-21 16:11:50,248 INFO app.adapters.executor using symbol template lookup
2026-03-21 16:11:51,708 INFO app.adapters.executor mt5 window activated
2026-03-21 16:11:53,155 INFO app.adapters.executor mt5 window activated
2026-03-21 16:11:54,745 INFO app.adapters.executor mt5 window activated
2026-03-21 16:11:56,182 INFO app.adapters.executor mt5 window activated
2026-03-21 16:11:57,734 INFO app.adapters.executor mt5 window activated
2026-03-21 16:11:59,158 INFO app.adapters.executor mt5 window activated
2026-03-21 16:12:00,738 INFO app.adapters.executor mt5 window activated
2026-03-21 16:12:02,161 INFO app.adapters.executor mt5 window activated
2026-03-21 16:12:03,732 INFO app.adapters.executor mt5 window activated
2026-03-21 16:18:33,926 INFO app.adapters.executor mt5 window activated
2026-03-21 16:18:35,352 INFO app.adapters.executor mt5 window activated
2026-03-21 16:18:36,454 INFO app.adapters.executor target MT5 account already active
2026-03-21 16:18:37,392 INFO app.adapters.executor mt5 window activated
2026-03-21 16:18:38,815 INFO app.adapters.executor mt5 window activated
2026-03-21 16:18:40,633 INFO app.adapters.executor mt5 window activated
2026-03-21 16:18:42,438 INFO app.adapters.executor mt5 window activated
2026-03-21 16:18:46,772 INFO app.adapters.executor mt5 window activated
2026-03-21 16:18:48,678 INFO app.adapters.executor mt5 window activated
2026-03-21 16:21:13,219 INFO app.adapters.executor mt5 window activated
2026-03-21 16:21:14,099 INFO app.adapters.executor target MT5 account already active
2026-03-21 16:21:15,010 INFO app.adapters.executor mt5 window activated
2026-03-21 16:21:16,436 INFO app.adapters.executor mt5 window activated
2026-03-21 16:21:18,161 INFO app.adapters.executor mt5 window activated
2026-03-21 16:21:19,962 INFO app.adapters.executor mt5 window activated
2026-03-21 16:21:21,376 INFO app.adapters.executor mt5 window activated
2026-03-21 16:21:24,360 INFO app.adapters.executor mt5 window activated
2026-03-21 16:21:28,690 INFO app.adapters.executor mt5 window activated
2026-03-21 16:21:29,616 INFO app.adapters.executor mt5 window activated
2026-03-21 16:21:31,026 INFO app.adapters.executor mt5 window activated
2026-03-21 16:21:31,639 WARNING app.adapters.executor main window template not found after activation; proceeding with active MT5 window
2026-03-21 16:21:32,954 INFO app.adapters.executor mt5 window activated
2026-03-21 16:21:34,702 INFO app.adapters.executor mt5 window activated
2026-03-21 16:21:36,135 INFO app.adapters.executor mt5 window activated
2026-03-21 16:21:38,560 INFO app.adapters.executor mt5 window activated
2026-03-21 16:21:39,988 INFO app.adapters.executor mt5 window activated
2026-03-21 16:21:42,432 INFO app.adapters.executor mt5 window activated
2026-03-21 16:21:43,948 INFO app.adapters.executor mt5 window activated
2026-03-21 16:21:45,951 INFO app.adapters.executor mt5 window activated
2026-03-21 16:21:47,372 INFO app.adapters.executor mt5 window activated
2026-03-21 16:24:05,744 INFO app.adapters.executor mt5 window activated
2026-03-21 16:24:06,630 INFO app.adapters.executor target MT5 account already active
2026-03-21 16:24:07,554 INFO app.adapters.executor mt5 window activated
2026-03-21 16:24:08,977 INFO app.adapters.executor mt5 window activated
2026-03-21 16:24:10,743 INFO app.adapters.executor mt5 window activated
2026-03-21 16:24:12,545 INFO app.adapters.executor mt5 window activated
2026-03-21 16:24:13,981 INFO app.adapters.executor mt5 window activated
2026-03-21 16:24:18,228 INFO app.adapters.executor mt5 window activated
2026-03-21 16:24:20,133 INFO app.adapters.executor mt5 window activated
2026-03-21 16:26:53,672 INFO app.adapters.executor mt5 window activated
2026-03-21 16:26:54,520 INFO app.adapters.executor target MT5 account already active
2026-03-21 16:26:55,426 INFO app.adapters.executor mt5 window activated
2026-03-21 16:26:56,890 INFO app.adapters.executor mt5 window activated
2026-03-21 16:26:58,714 INFO app.adapters.executor mt5 window activated
2026-03-21 16:27:00,518 INFO app.adapters.executor mt5 window activated
2026-03-21 16:27:03,353 INFO app.adapters.executor mt5 window activated
2026-03-21 16:27:06,230 INFO app.adapters.executor mt5 window activated
2026-03-21 16:27:08,141 INFO app.adapters.executor mt5 window activated
2026-03-21 16:27:28,476 INFO app.adapters.executor mt5 window activated
2026-03-21 16:27:29,313 INFO app.adapters.executor target MT5 account already active
2026-03-21 16:27:30,221 INFO app.adapters.executor mt5 window activated
2026-03-21 16:27:31,663 INFO app.adapters.executor mt5 window activated
2026-03-21 16:27:33,466 INFO app.adapters.executor mt5 window activated
2026-03-21 16:27:35,274 INFO app.adapters.executor mt5 window activated
2026-03-21 16:27:36,706 INFO app.adapters.executor mt5 window activated
2026-03-21 16:27:41,098 INFO app.adapters.executor mt5 window activated
2026-03-21 16:27:43,010 INFO app.adapters.executor mt5 window activated
2026-03-21 16:27:49,571 INFO app.adapters.capture telegram polling started
2026-03-21 16:27:51,108 INFO httpx HTTP Request: POST https://api.telegram.org/bot8790407909:AAGgUU-V77NroC4WdjDtYqB1fA8x-4yy0DA/getMe "HTTP/1.1 200 OK"
2026-03-21 16:27:51,112 INFO telegram.ext.Application Application started
2026-03-21 16:27:51,449 INFO httpx HTTP Request: POST https://api.telegram.org/bot8790407909:AAGgUU-V77NroC4WdjDtYqB1fA8x-4yy0DA/deleteWebhook "HTTP/1.1 200 OK"
2026-03-21 16:27:55,108 INFO httpx HTTP Request: POST https://api.telegram.org/bot8790407909:AAGgUU-V77NroC4WdjDtYqB1fA8x-4yy0DA/getUpdates "HTTP/1.1 200 OK"
2026-03-21 16:27:55,112 INFO app.adapters.capture telegram photo accepted
2026-03-21 16:27:55,446 INFO httpx HTTP Request: POST https://api.telegram.org/bot8790407909:AAGgUU-V77NroC4WdjDtYqB1fA8x-4yy0DA/getFile "HTTP/1.1 200 OK"
2026-03-21 16:27:56,011 INFO httpx HTTP Request: GET https://api.telegram.org/file/bot8790407909%3AAAGgUU-V77NroC4WdjDtYqB1fA8x-4yy0DA/photos/file_2.jpg "HTTP/1.1 200 OK"
2026-03-21 16:27:56,293 INFO app.orchestrator.pipeline task transition
2026-03-21 16:27:56,300 INFO app.orchestrator.pipeline task transition
2026-03-21 16:27:56,309 INFO app.orchestrator.pipeline task transition
2026-03-21 16:27:57,543 INFO app.orchestrator.pipeline task transition
2026-03-21 16:27:57,552 INFO app.orchestrator.pipeline task transition
2026-03-21 16:27:57,564 INFO app.orchestrator.pipeline task transition
2026-03-21 16:27:57,573 INFO app.orchestrator.pipeline task transition
2026-03-21 16:28:00,448 INFO app.adapters.executor mt5 window activated
2026-03-21 16:28:01,161 INFO app.adapters.executor target MT5 account already active
2026-03-21 16:28:01,161 INFO app.adapters.executor using symbol template lookup
2026-03-21 16:28:02,632 INFO app.adapters.executor mt5 window activated
2026-03-21 16:28:06,794 INFO app.adapters.executor optional anchor skipped
2026-03-21 16:28:09,991 INFO app.adapters.executor mt5 window activated
2026-03-21 16:28:10,891 INFO app.adapters.executor mt5 window activated
2026-03-21 16:28:12,285 INFO app.adapters.executor mt5 window activated
2026-03-21 16:28:12,887 WARNING app.adapters.executor main window template not found after activation; proceeding with active MT5 window
2026-03-21 16:28:14,194 INFO app.adapters.executor mt5 window activated
2026-03-21 16:28:15,100 INFO app.adapters.executor mt5 window activated
2026-03-21 16:28:16,504 INFO app.adapters.executor mt5 window activated
2026-03-21 16:28:17,108 WARNING app.adapters.executor main window template not found after activation; proceeding with active MT5 window
2026-03-21 16:28:18,758 INFO app.adapters.executor mt5 window activated
2026-03-21 16:28:20,555 INFO app.adapters.executor mt5 window activated
2026-03-21 16:28:24,857 INFO app.adapters.executor mt5 window activated
2026-03-21 16:28:26,763 INFO app.adapters.executor mt5 window activated
2026-03-21 16:28:27,669 INFO app.adapters.executor mt5 window activated
2026-03-21 16:28:29,064 INFO app.adapters.executor mt5 window activated
2026-03-21 16:28:29,663 WARNING app.adapters.executor main window template not found after activation; proceeding with active MT5 window
2026-03-21 16:28:29,664 INFO app.adapters.executor using symbol template lookup
2026-03-21 16:28:31,153 INFO app.adapters.executor mt5 window activated
2026-03-21 16:28:32,586 INFO app.adapters.executor mt5 window activated
2026-03-21 16:28:34,158 INFO app.adapters.executor mt5 window activated
2026-03-21 16:28:35,566 INFO app.adapters.executor mt5 window activated
2026-03-21 16:28:37,115 INFO app.adapters.executor mt5 window activated
2026-03-21 16:28:38,547 INFO app.adapters.executor mt5 window activated
2026-03-21 16:28:40,188 INFO app.adapters.executor mt5 window activated
2026-03-21 16:28:44,238 INFO app.adapters.executor optional anchor skipped
2026-03-21 16:28:44,605 INFO app.orchestrator.pipeline task transition
2026-03-21 16:28:44,610 INFO httpx HTTP Request: POST https://api.telegram.org/bot8790407909:AAGgUU-V77NroC4WdjDtYqB1fA8x-4yy0DA/getUpdates "HTTP/1.1 200 OK"
2026-03-21 16:28:54,976 INFO httpx HTTP Request: POST https://api.telegram.org/bot8790407909:AAGgUU-V77NroC4WdjDtYqB1fA8x-4yy0DA/getUpdates "HTTP/1.1 200 OK"
2026-03-21 16:29:05,332 INFO httpx HTTP Request: POST https://api.telegram.org/bot8790407909:AAGgUU-V77NroC4WdjDtYqB1fA8x-4yy0DA/getUpdates "HTTP/1.1 200 OK"
2026-03-21 16:29:15,709 INFO httpx HTTP Request: POST https://api.telegram.org/bot8790407909:AAGgUU-V77NroC4WdjDtYqB1fA8x-4yy0DA/getUpdates "HTTP/1.1 200 OK"
2026-03-21 16:29:26,120 INFO httpx HTTP Request: POST https://api.telegram.org/bot8790407909:AAGgUU-V77NroC4WdjDtYqB1fA8x-4yy0DA/getUpdates "HTTP/1.1 200 OK"
2026-03-21 16:29:36,459 INFO httpx HTTP Request: POST https://api.telegram.org/bot8790407909:AAGgUU-V77NroC4WdjDtYqB1fA8x-4yy0DA/getUpdates "HTTP/1.1 200 OK"
2026-03-21 16:36:45,638 INFO app.adapters.capture telegram polling started
2026-03-21 16:36:47,228 INFO httpx HTTP Request: POST https://api.telegram.org/bot8790407909:AAGgUU-V77NroC4WdjDtYqB1fA8x-4yy0DA/getMe "HTTP/1.1 200 OK"
2026-03-21 16:36:47,230 INFO telegram.ext.Application Application started
2026-03-21 16:36:47,561 INFO httpx HTTP Request: POST https://api.telegram.org/bot8790407909:AAGgUU-V77NroC4WdjDtYqB1fA8x-4yy0DA/deleteWebhook "HTTP/1.1 200 OK"
2026-03-21 16:36:49,566 INFO httpx HTTP Request: POST https://api.telegram.org/bot8790407909:AAGgUU-V77NroC4WdjDtYqB1fA8x-4yy0DA/getUpdates "HTTP/1.1 200 OK"
2026-03-21 16:36:49,568 INFO app.adapters.capture telegram photo accepted
2026-03-21 16:36:49,904 INFO httpx HTTP Request: POST https://api.telegram.org/bot8790407909:AAGgUU-V77NroC4WdjDtYqB1fA8x-4yy0DA/getFile "HTTP/1.1 200 OK"
2026-03-21 16:36:50,652 INFO httpx HTTP Request: GET https://api.telegram.org/file/bot8790407909%3AAAGgUU-V77NroC4WdjDtYqB1fA8x-4yy0DA/photos/file_2.jpg "HTTP/1.1 200 OK"
2026-03-21 16:36:50,923 INFO app.orchestrator.pipeline task transition
2026-03-21 16:36:50,930 INFO app.orchestrator.pipeline task transition
2026-03-21 16:36:50,937 INFO app.orchestrator.pipeline task transition
2026-03-21 16:36:52,239 INFO app.orchestrator.pipeline task transition
2026-03-21 16:36:52,249 INFO app.orchestrator.pipeline task transition
2026-03-21 16:36:52,298 INFO app.orchestrator.pipeline task transition
2026-03-21 16:36:52,313 INFO app.orchestrator.pipeline task transition
2026-03-21 16:36:55,242 INFO app.adapters.executor mt5 window activated
2026-03-21 16:36:56,421 INFO app.adapters.executor mt5 window activated
2026-03-21 16:36:57,517 INFO app.adapters.executor target MT5 account already active
2026-03-21 16:36:57,519 INFO app.adapters.executor using symbol template lookup
2026-03-21 16:36:59,030 INFO app.adapters.executor mt5 window activated
2026-03-21 16:37:03,109 INFO app.adapters.executor optional anchor skipped
2026-03-21 16:37:06,295 INFO app.adapters.executor mt5 window activated
2026-03-21 16:37:07,203 INFO app.adapters.executor mt5 window activated
2026-03-21 16:37:08,600 INFO app.adapters.executor mt5 window activated
2026-03-21 16:37:09,198 WARNING app.adapters.executor main window template not found after activation; proceeding with active MT5 window
2026-03-21 16:37:10,506 INFO app.adapters.executor mt5 window activated
2026-03-21 16:37:11,414 INFO app.adapters.executor mt5 window activated
2026-03-21 16:37:12,820 INFO app.adapters.executor mt5 window activated
2026-03-21 16:37:13,413 WARNING app.adapters.executor main window template not found after activation; proceeding with active MT5 window
2026-03-21 16:37:15,100 INFO app.adapters.executor mt5 window activated
2026-03-21 16:37:16,887 INFO app.adapters.executor mt5 window activated
2026-03-21 16:37:18,326 INFO app.adapters.executor mt5 window activated
2026-03-21 16:37:21,318 INFO app.adapters.executor mt5 window activated
2026-03-21 16:37:22,735 INFO app.adapters.executor mt5 window activated
2026-03-21 16:37:25,617 INFO app.adapters.executor mt5 window activated
2026-03-21 16:37:26,820 INFO app.adapters.executor mt5 window activated
2026-03-21 16:37:28,023 INFO app.adapters.executor mt5 window activated
2026-03-21 16:37:29,227 INFO app.adapters.executor mt5 window activated
2026-03-21 16:37:30,434 INFO app.adapters.executor mt5 window activated
2026-03-21 16:37:31,641 INFO app.adapters.executor mt5 window activated
2026-03-21 16:37:32,844 INFO app.adapters.executor mt5 window activated
2026-03-21 16:37:34,048 INFO app.adapters.executor mt5 window activated
2026-03-21 16:37:35,251 INFO app.adapters.executor mt5 window activated
2026-03-21 16:37:36,454 INFO app.adapters.executor mt5 window activated
2026-03-21 16:37:39,678 INFO app.adapters.executor mt5 window activated
2026-03-21 16:37:40,591 INFO app.adapters.executor mt5 window activated
2026-03-21 16:37:41,998 INFO app.adapters.executor mt5 window activated
2026-03-21 16:37:42,599 WARNING app.adapters.executor main window template not found after activation; proceeding with active MT5 window
2026-03-21 16:37:43,907 INFO app.adapters.executor mt5 window activated
2026-03-21 16:37:44,835 INFO app.adapters.executor mt5 window activated
2026-03-21 16:37:46,541 INFO app.adapters.executor mt5 window activated
2026-03-21 16:37:47,190 WARNING app.adapters.executor main window template not found after activation; proceeding with active MT5 window
2026-03-21 16:37:48,927 INFO app.adapters.executor mt5 window activated
2026-03-21 16:37:50,370 INFO app.adapters.executor mt5 window activated
2026-03-21 16:37:52,773 INFO app.adapters.executor mt5 window activated
2026-03-21 16:37:54,198 INFO app.adapters.executor mt5 window activated
2026-03-21 16:37:56,117 INFO app.orchestrator.pipeline task transition
2026-03-21 16:37:56,123 INFO httpx HTTP Request: POST https://api.telegram.org/bot8790407909:AAGgUU-V77NroC4WdjDtYqB1fA8x-4yy0DA/getUpdates "HTTP/1.1 200 OK"
2026-03-21 16:38:15,475 ERROR telegram.ext.Updater Exception happened while polling for updates.
Traceback (most recent call last):
  File "C:\Users\ivanu\AppData\Local\Programs\Python\Python311\Lib\site-packages\httpx\_transports\default.py", line 69, in map_httpcore_exceptions
    yield
  File "C:\Users\ivanu\AppData\Local\Programs\Python\Python311\Lib\site-packages\httpx\_transports\default.py", line 373, in handle_async_request
    resp = await self._pool.handle_async_request(req)
           ^^^^^^^^^^^^^^^^^^^^^^^^^^^^^^^^^^^^^^^^^^
  File "C:\Users\ivanu\AppData\Local\Programs\Python\Python311\Lib\site-packages\httpcore\_async\connection_pool.py", line 216, in handle_async_request
    raise exc from None
  File "C:\Users\ivanu\AppData\Local\Programs\Python\Python311\Lib\site-packages\httpcore\_async\connection_pool.py", line 196, in handle_async_request
    response = await connection.handle_async_request(
               ^^^^^^^^^^^^^^^^^^^^^^^^^^^^^^^^^^^^^^
  File "C:\Users\ivanu\AppData\Local\Programs\Python\Python311\Lib\site-packages\httpcore\_async\connection.py", line 99, in handle_async_request
    raise exc
  File "C:\Users\ivanu\AppData\Local\Programs\Python\Python311\Lib\site-packages\httpcore\_async\connection.py", line 76, in handle_async_request
    stream = await self._connect(request)
             ^^^^^^^^^^^^^^^^^^^^^^^^^^^^
  File "C:\Users\ivanu\AppData\Local\Programs\Python\Python311\Lib\site-packages\httpcore\_async\connection.py", line 154, in _connect
    stream = await stream.start_tls(**kwargs)
             ^^^^^^^^^^^^^^^^^^^^^^^^^^^^^^^^
  File "C:\Users\ivanu\AppData\Local\Programs\Python\Python311\Lib\site-packages\httpcore\_backends\anyio.py", line 68, in start_tls
    with map_exceptions(exc_map):
  File "C:\Users\ivanu\AppData\Local\Programs\Python\Python311\Lib\contextlib.py", line 155, in __exit__
    self.gen.throw(typ, value, traceback)
  File "C:\Users\ivanu\AppData\Local\Programs\Python\Python311\Lib\site-packages\httpcore\_exceptions.py", line 14, in map_exceptions
    raise to_exc(exc) from exc
httpcore.ConnectError

The above exception was the direct cause of the following exception:

Traceback (most recent call last):
  File "C:\Users\ivanu\AppData\Local\Programs\Python\Python311\Lib\site-packages\telegram\request\_httpxrequest.py", line 293, in do_request
    res = await self._client.request(
          ^^^^^^^^^^^^^^^^^^^^^^^^^^^
  File "C:\Users\ivanu\AppData\Local\Programs\Python\Python311\Lib\site-packages\httpx\_client.py", line 1574, in request
    return await self.send(request, auth=auth, follow_redirects=follow_redirects)
           ^^^^^^^^^^^^^^^^^^^^^^^^^^^^^^^^^^^^^^^^^^^^^^^^^^^^^^^^^^^^^^^^^^^^^^
  File "C:\Users\ivanu\AppData\Local\Programs\Python\Python311\Lib\site-packages\httpx\_client.py", line 1661, in send
    response = await self._send_handling_auth(
               ^^^^^^^^^^^^^^^^^^^^^^^^^^^^^^^
  File "C:\Users\ivanu\AppData\Local\Programs\Python\Python311\Lib\site-packages\httpx\_client.py", line 1689, in _send_handling_auth
    response = await self._send_handling_redirects(
               ^^^^^^^^^^^^^^^^^^^^^^^^^^^^^^^^^^^^
  File "C:\Users\ivanu\AppData\Local\Programs\Python\Python311\Lib\site-packages\httpx\_client.py", line 1726, in _send_handling_redirects
    response = await self._send_single_request(request)
               ^^^^^^^^^^^^^^^^^^^^^^^^^^^^^^^^^^^^^^^^
  File "C:\Users\ivanu\AppData\Local\Programs\Python\Python311\Lib\site-packages\httpx\_client.py", line 1763, in _send_single_request
    response = await transport.handle_async_request(request)
               ^^^^^^^^^^^^^^^^^^^^^^^^^^^^^^^^^^^^^^^^^^^^^
  File "C:\Users\ivanu\AppData\Local\Programs\Python\Python311\Lib\site-packages\httpx\_transports\default.py", line 372, in handle_async_request
    with map_httpcore_exceptions():
  File "C:\Users\ivanu\AppData\Local\Programs\Python\Python311\Lib\contextlib.py", line 155, in __exit__
    self.gen.throw(typ, value, traceback)
  File "C:\Users\ivanu\AppData\Local\Programs\Python\Python311\Lib\site-packages\httpx\_transports\default.py", line 86, in map_httpcore_exceptions
    raise mapped_exc(message) from exc
httpx.ConnectError

The above exception was the direct cause of the following exception:

Traceback (most recent call last):
  File "C:\Users\ivanu\AppData\Local\Programs\Python\Python311\Lib\site-packages\telegram\ext\_updater.py", line 750, in _network_loop_retry
    if not await do_action():
           ^^^^^^^^^^^^^^^^^
  File "C:\Users\ivanu\AppData\Local\Programs\Python\Python311\Lib\site-packages\telegram\ext\_updater.py", line 744, in do_action
    return action_cb_task.result()
           ^^^^^^^^^^^^^^^^^^^^^^^
  File "C:\Users\ivanu\AppData\Local\Programs\Python\Python311\Lib\site-packages\telegram\ext\_updater.py", line 371, in polling_action_cb
    updates = await self.bot.get_updates(
              ^^^^^^^^^^^^^^^^^^^^^^^^^^^
  File "C:\Users\ivanu\AppData\Local\Programs\Python\Python311\Lib\site-packages\telegram\ext\_extbot.py", line 650, in get_updates
    updates = await super().get_updates(
              ^^^^^^^^^^^^^^^^^^^^^^^^^^
  File "C:\Users\ivanu\AppData\Local\Programs\Python\Python311\Lib\site-packages\telegram\_bot.py", line 4480, in get_updates
    await self._post(
  File "C:\Users\ivanu\AppData\Local\Programs\Python\Python311\Lib\site-packages\telegram\_bot.py", line 619, in _post
    return await self._do_post(
           ^^^^^^^^^^^^^^^^^^^^
  File "C:\Users\ivanu\AppData\Local\Programs\Python\Python311\Lib\site-packages\telegram\ext\_extbot.py", line 354, in _do_post
    return await super()._do_post(
           ^^^^^^^^^^^^^^^^^^^^^^^
  File "C:\Users\ivanu\AppData\Local\Programs\Python\Python311\Lib\site-packages\telegram\_bot.py", line 648, in _do_post
    result = await request.post(
             ^^^^^^^^^^^^^^^^^^^
  File "C:\Users\ivanu\AppData\Local\Programs\Python\Python311\Lib\site-packages\telegram\request\_baserequest.py", line 202, in post
    result = await self._request_wrapper(
             ^^^^^^^^^^^^^^^^^^^^^^^^^^^^
  File "C:\Users\ivanu\AppData\Local\Programs\Python\Python311\Lib\site-packages\telegram\request\_baserequest.py", line 334, in _request_wrapper
    code, payload = await self.do_request(
                    ^^^^^^^^^^^^^^^^^^^^^^
  File "C:\Users\ivanu\AppData\Local\Programs\Python\Python311\Lib\site-packages\telegram\request\_httpxrequest.py", line 317, in do_request
    raise NetworkError(f"httpx.{err.__class__.__name__}: {err}") from err
telegram.error.NetworkError: httpx.ConnectError: 
2026-03-21 16:38:46,827 INFO app.adapters.capture telegram polling started
2026-03-21 16:38:48,599 INFO httpx HTTP Request: POST https://api.telegram.org/bot8790407909:AAGgUU-V77NroC4WdjDtYqB1fA8x-4yy0DA/getMe "HTTP/1.1 200 OK"
2026-03-21 16:38:48,600 INFO telegram.ext.Application Application started
2026-03-21 16:38:48,947 INFO httpx HTTP Request: POST https://api.telegram.org/bot8790407909:AAGgUU-V77NroC4WdjDtYqB1fA8x-4yy0DA/deleteWebhook "HTTP/1.1 200 OK"
2026-03-21 16:38:55,535 INFO httpx HTTP Request: POST https://api.telegram.org/bot8790407909:AAGgUU-V77NroC4WdjDtYqB1fA8x-4yy0DA/getUpdates "HTTP/1.1 200 OK"
2026-03-21 16:38:55,537 INFO app.adapters.capture telegram photo accepted
2026-03-21 16:38:57,208 INFO httpx HTTP Request: POST https://api.telegram.org/bot8790407909:AAGgUU-V77NroC4WdjDtYqB1fA8x-4yy0DA/getFile "HTTP/1.1 200 OK"
2026-03-21 16:38:57,784 INFO httpx HTTP Request: GET https://api.telegram.org/file/bot8790407909%3AAAGgUU-V77NroC4WdjDtYqB1fA8x-4yy0DA/photos/file_2.jpg "HTTP/1.1 200 OK"
2026-03-21 16:38:58,037 INFO app.orchestrator.pipeline task transition
2026-03-21 16:38:58,044 INFO app.orchestrator.pipeline task transition
2026-03-21 16:38:58,051 INFO app.orchestrator.pipeline task transition
2026-03-21 16:38:59,208 INFO app.orchestrator.pipeline task transition
2026-03-21 16:38:59,217 INFO app.orchestrator.pipeline task transition
2026-03-21 16:38:59,229 INFO app.orchestrator.pipeline task transition
2026-03-21 16:38:59,238 INFO app.orchestrator.pipeline task transition
2026-03-21 16:39:02,124 INFO app.adapters.executor mt5 window activated
2026-03-21 16:39:02,866 INFO app.adapters.executor target MT5 account already active
2026-03-21 16:39:02,867 INFO app.adapters.executor using symbol template lookup
2026-03-21 16:39:04,406 INFO app.adapters.executor mt5 window activated
2026-03-21 16:39:08,443 INFO app.adapters.executor optional anchor skipped
2026-03-21 16:39:11,634 INFO app.adapters.executor mt5 window activated
2026-03-21 16:39:12,566 INFO app.adapters.executor mt5 window activated
2026-03-21 16:39:13,973 INFO app.adapters.executor mt5 window activated
2026-03-21 16:39:14,563 WARNING app.adapters.executor main window template not found after activation; proceeding with active MT5 window
2026-03-21 16:39:15,872 INFO app.adapters.executor mt5 window activated
2026-03-21 16:39:16,765 INFO app.adapters.executor mt5 window activated
2026-03-21 16:39:18,170 INFO app.adapters.executor mt5 window activated
2026-03-21 16:39:18,767 WARNING app.adapters.executor main window template not found after activation; proceeding with active MT5 window
2026-03-21 16:39:20,412 INFO app.adapters.executor mt5 window activated
2026-03-21 16:39:22,212 INFO app.adapters.executor mt5 window activated
2026-03-21 16:39:23,651 INFO app.adapters.executor mt5 window activated
2026-03-21 16:39:25,195 INFO app.adapters.executor mt5 window activated
2026-03-21 16:39:26,654 INFO app.adapters.executor mt5 window activated
2026-03-21 17:14:48,616 INFO app.adapters.capture telegram polling started
2026-03-21 17:15:06,351 INFO httpx HTTP Request: POST https://api.telegram.org/bot8790407909:AAGgUU-V77NroC4WdjDtYqB1fA8x-4yy0DA/getMe "HTTP/1.1 200 OK"
2026-03-21 17:15:06,352 INFO telegram.ext.Application Application started
2026-03-21 17:15:14,674 WARNING telegram.ext.Updater Failed bootstrap phase; try=1 max_retries=-1
2026-03-21 17:15:34,643 INFO httpx HTTP Request: POST https://api.telegram.org/bot8790407909:AAGgUU-V77NroC4WdjDtYqB1fA8x-4yy0DA/deleteWebhook "HTTP/1.1 200 OK"
2026-03-21 17:16:52,906 ERROR telegram.ext.Updater Exception happened while polling for updates.
Traceback (most recent call last):
  File "C:\Users\ivanu\AppData\Local\Programs\Python\Python311\Lib\site-packages\httpx\_transports\default.py", line 69, in map_httpcore_exceptions
    yield
  File "C:\Users\ivanu\AppData\Local\Programs\Python\Python311\Lib\site-packages\httpx\_transports\default.py", line 373, in handle_async_request
    resp = await self._pool.handle_async_request(req)
           ^^^^^^^^^^^^^^^^^^^^^^^^^^^^^^^^^^^^^^^^^^
  File "C:\Users\ivanu\AppData\Local\Programs\Python\Python311\Lib\site-packages\httpcore\_async\connection_pool.py", line 216, in handle_async_request
    raise exc from None
  File "C:\Users\ivanu\AppData\Local\Programs\Python\Python311\Lib\site-packages\httpcore\_async\connection_pool.py", line 196, in handle_async_request
    response = await connection.handle_async_request(
               ^^^^^^^^^^^^^^^^^^^^^^^^^^^^^^^^^^^^^^
  File "C:\Users\ivanu\AppData\Local\Programs\Python\Python311\Lib\site-packages\httpcore\_async\connection.py", line 99, in handle_async_request
    raise exc
  File "C:\Users\ivanu\AppData\Local\Programs\Python\Python311\Lib\site-packages\httpcore\_async\connection.py", line 76, in handle_async_request
    stream = await self._connect(request)
             ^^^^^^^^^^^^^^^^^^^^^^^^^^^^
  File "C:\Users\ivanu\AppData\Local\Programs\Python\Python311\Lib\site-packages\httpcore\_async\connection.py", line 154, in _connect
    stream = await stream.start_tls(**kwargs)
             ^^^^^^^^^^^^^^^^^^^^^^^^^^^^^^^^
  File "C:\Users\ivanu\AppData\Local\Programs\Python\Python311\Lib\site-packages\httpcore\_backends\anyio.py", line 68, in start_tls
    with map_exceptions(exc_map):
  File "C:\Users\ivanu\AppData\Local\Programs\Python\Python311\Lib\contextlib.py", line 155, in __exit__
    self.gen.throw(typ, value, traceback)
  File "C:\Users\ivanu\AppData\Local\Programs\Python\Python311\Lib\site-packages\httpcore\_exceptions.py", line 14, in map_exceptions
    raise to_exc(exc) from exc
httpcore.ConnectError

The above exception was the direct cause of the following exception:

Traceback (most recent call last):
  File "C:\Users\ivanu\AppData\Local\Programs\Python\Python311\Lib\site-packages\telegram\request\_httpxrequest.py", line 293, in do_request
    res = await self._client.request(
          ^^^^^^^^^^^^^^^^^^^^^^^^^^^
  File "C:\Users\ivanu\AppData\Local\Programs\Python\Python311\Lib\site-packages\httpx\_client.py", line 1574, in request
    return await self.send(request, auth=auth, follow_redirects=follow_redirects)
           ^^^^^^^^^^^^^^^^^^^^^^^^^^^^^^^^^^^^^^^^^^^^^^^^^^^^^^^^^^^^^^^^^^^^^^
  File "C:\Users\ivanu\AppData\Local\Programs\Python\Python311\Lib\site-packages\httpx\_client.py", line 1661, in send
    response = await self._send_handling_auth(
               ^^^^^^^^^^^^^^^^^^^^^^^^^^^^^^^
  File "C:\Users\ivanu\AppData\Local\Programs\Python\Python311\Lib\site-packages\httpx\_client.py", line 1689, in _send_handling_auth
    response = await self._send_handling_redirects(
               ^^^^^^^^^^^^^^^^^^^^^^^^^^^^^^^^^^^^
  File "C:\Users\ivanu\AppData\Local\Programs\Python\Python311\Lib\site-packages\httpx\_client.py", line 1726, in _send_handling_redirects
    response = await self._send_single_request(request)
               ^^^^^^^^^^^^^^^^^^^^^^^^^^^^^^^^^^^^^^^^
  File "C:\Users\ivanu\AppData\Local\Programs\Python\Python311\Lib\site-packages\httpx\_client.py", line 1763, in _send_single_request
    response = await transport.handle_async_request(request)
               ^^^^^^^^^^^^^^^^^^^^^^^^^^^^^^^^^^^^^^^^^^^^^
  File "C:\Users\ivanu\AppData\Local\Programs\Python\Python311\Lib\site-packages\httpx\_transports\default.py", line 372, in handle_async_request
    with map_httpcore_exceptions():
  File "C:\Users\ivanu\AppData\Local\Programs\Python\Python311\Lib\contextlib.py", line 155, in __exit__
    self.gen.throw(typ, value, traceback)
  File "C:\Users\ivanu\AppData\Local\Programs\Python\Python311\Lib\site-packages\httpx\_transports\default.py", line 86, in map_httpcore_exceptions
    raise mapped_exc(message) from exc
httpx.ConnectError

The above exception was the direct cause of the following exception:

Traceback (most recent call last):
  File "C:\Users\ivanu\AppData\Local\Programs\Python\Python311\Lib\site-packages\telegram\ext\_updater.py", line 750, in _network_loop_retry
    if not await do_action():
           ^^^^^^^^^^^^^^^^^
  File "C:\Users\ivanu\AppData\Local\Programs\Python\Python311\Lib\site-packages\telegram\ext\_updater.py", line 744, in do_action
    return action_cb_task.result()
           ^^^^^^^^^^^^^^^^^^^^^^^
  File "C:\Users\ivanu\AppData\Local\Programs\Python\Python311\Lib\site-packages\telegram\ext\_updater.py", line 371, in polling_action_cb
    updates = await self.bot.get_updates(
              ^^^^^^^^^^^^^^^^^^^^^^^^^^^
  File "C:\Users\ivanu\AppData\Local\Programs\Python\Python311\Lib\site-packages\telegram\ext\_extbot.py", line 650, in get_updates
    updates = await super().get_updates(
              ^^^^^^^^^^^^^^^^^^^^^^^^^^
  File "C:\Users\ivanu\AppData\Local\Programs\Python\Python311\Lib\site-packages\telegram\_bot.py", line 4480, in get_updates
    await self._post(
  File "C:\Users\ivanu\AppData\Local\Programs\Python\Python311\Lib\site-packages\telegram\_bot.py", line 619, in _post
    return await self._do_post(
           ^^^^^^^^^^^^^^^^^^^^
  File "C:\Users\ivanu\AppData\Local\Programs\Python\Python311\Lib\site-packages\telegram\ext\_extbot.py", line 354, in _do_post
    return await super()._do_post(
           ^^^^^^^^^^^^^^^^^^^^^^^
  File "C:\Users\ivanu\AppData\Local\Programs\Python\Python311\Lib\site-packages\telegram\_bot.py", line 648, in _do_post
    result = await request.post(
             ^^^^^^^^^^^^^^^^^^^
  File "C:\Users\ivanu\AppData\Local\Programs\Python\Python311\Lib\site-packages\telegram\request\_baserequest.py", line 202, in post
    result = await self._request_wrapper(
             ^^^^^^^^^^^^^^^^^^^^^^^^^^^^
  File "C:\Users\ivanu\AppData\Local\Programs\Python\Python311\Lib\site-packages\telegram\request\_baserequest.py", line 334, in _request_wrapper
    code, payload = await self.do_request(
                    ^^^^^^^^^^^^^^^^^^^^^^
  File "C:\Users\ivanu\AppData\Local\Programs\Python\Python311\Lib\site-packages\telegram\request\_httpxrequest.py", line 317, in do_request
    raise NetworkError(f"httpx.{err.__class__.__name__}: {err}") from err
telegram.error.NetworkError: httpx.ConnectError: 
2026-03-21 17:17:04,207 INFO httpx HTTP Request: POST https://api.telegram.org/bot8790407909:AAGgUU-V77NroC4WdjDtYqB1fA8x-4yy0DA/getUpdates "HTTP/1.1 200 OK"
2026-03-21 17:17:04,210 INFO telegram.ext.Application Application is stopping. This might take a moment.
2026-03-21 17:17:04,211 INFO telegram.ext.Application Application.stop() complete
2026-03-21 17:17:08,981 INFO app.adapters.capture telegram polling started
2026-03-21 17:17:09,398 INFO httpx HTTP Request: POST https://api.telegram.org/bot8790407909:AAGgUU-V77NroC4WdjDtYqB1fA8x-4yy0DA/getMe "HTTP/1.1 200 OK"
2026-03-21 17:17:09,399 INFO telegram.ext.Application Application started
2026-03-21 17:17:09,482 INFO httpx HTTP Request: POST https://api.telegram.org/bot8790407909:AAGgUU-V77NroC4WdjDtYqB1fA8x-4yy0DA/deleteWebhook "HTTP/1.1 200 OK"
2026-03-21 17:17:09,832 INFO httpx HTTP Request: POST https://api.telegram.org/bot8790407909:AAGgUU-V77NroC4WdjDtYqB1fA8x-4yy0DA/getUpdates "HTTP/1.1 200 OK"
2026-03-21 17:17:09,834 INFO app.adapters.capture telegram photo accepted
2026-03-21 17:17:09,916 INFO httpx HTTP Request: POST https://api.telegram.org/bot8790407909:AAGgUU-V77NroC4WdjDtYqB1fA8x-4yy0DA/getFile "HTTP/1.1 200 OK"
2026-03-21 17:17:10,047 INFO httpx HTTP Request: GET https://api.telegram.org/file/bot8790407909%3AAAGgUU-V77NroC4WdjDtYqB1fA8x-4yy0DA/photos/file_2.jpg "HTTP/1.1 200 OK"
2026-03-21 17:17:10,124 INFO app.orchestrator.pipeline task transition
2026-03-21 17:17:10,131 INFO app.orchestrator.pipeline task transition
2026-03-21 17:17:10,140 INFO app.orchestrator.pipeline task transition
2026-03-21 17:17:11,698 INFO app.orchestrator.pipeline task transition
2026-03-21 17:17:11,706 INFO app.orchestrator.pipeline task transition
2026-03-21 17:17:11,721 INFO app.orchestrator.pipeline task transition
2026-03-21 17:17:11,730 INFO app.orchestrator.pipeline task transition
2026-03-21 17:17:22,197 INFO app.adapters.executor mt5 window activated
2026-03-21 17:17:23,109 INFO app.adapters.executor target MT5 account already active
2026-03-21 17:17:23,110 INFO app.adapters.executor using symbol template lookup
2026-03-21 17:17:27,326 INFO app.adapters.executor optional anchor skipped
2026-03-21 17:17:32,130 INFO app.adapters.executor mt5 window activated
2026-03-21 17:17:33,560 INFO app.adapters.executor mt5 window activated
2026-03-21 17:17:35,317 INFO app.adapters.executor mt5 window activated
2026-03-21 17:17:37,142 INFO app.adapters.executor mt5 window activated
2026-03-21 17:17:38,578 INFO app.adapters.executor mt5 window activated
2026-03-21 17:17:42,977 INFO app.adapters.executor mt5 window activated
2026-03-21 17:17:44,885 INFO app.adapters.executor mt5 window activated
2026-03-21 17:17:45,005 INFO app.adapters.executor using symbol template lookup
2026-03-21 17:17:49,124 INFO app.adapters.executor optional anchor skipped
2026-03-21 17:17:51,078 INFO app.orchestrator.pipeline task transition
2026-03-21 17:17:51,082 INFO httpx HTTP Request: POST https://api.telegram.org/bot8790407909:AAGgUU-V77NroC4WdjDtYqB1fA8x-4yy0DA/getUpdates "HTTP/1.1 200 OK"
2026-03-21 17:18:01,165 INFO httpx HTTP Request: POST https://api.telegram.org/bot8790407909:AAGgUU-V77NroC4WdjDtYqB1fA8x-4yy0DA/getUpdates "HTTP/1.1 200 OK"
2026-03-21 17:18:11,246 INFO httpx HTTP Request: POST https://api.telegram.org/bot8790407909:AAGgUU-V77NroC4WdjDtYqB1fA8x-4yy0DA/getUpdates "HTTP/1.1 200 OK"
2026-03-21 17:18:15,590 INFO httpx HTTP Request: POST https://api.telegram.org/bot8790407909:AAGgUU-V77NroC4WdjDtYqB1fA8x-4yy0DA/getUpdates "HTTP/1.1 200 OK"
2026-03-21 17:18:15,592 INFO app.adapters.capture telegram photo accepted
2026-03-21 17:18:15,990 INFO httpx HTTP Request: POST https://api.telegram.org/bot8790407909:AAGgUU-V77NroC4WdjDtYqB1fA8x-4yy0DA/getFile "HTTP/1.1 200 OK"
2026-03-21 17:18:16,132 INFO httpx HTTP Request: GET https://api.telegram.org/file/bot8790407909%3AAAGgUU-V77NroC4WdjDtYqB1fA8x-4yy0DA/photos/file_2.jpg "HTTP/1.1 200 OK"
2026-03-21 17:18:16,192 INFO app.orchestrator.pipeline task transition
2026-03-21 17:18:16,199 INFO app.orchestrator.pipeline task transition
2026-03-21 17:18:16,206 INFO app.orchestrator.pipeline task transition
2026-03-21 17:18:16,572 INFO app.orchestrator.pipeline task transition
2026-03-21 17:18:16,584 INFO app.orchestrator.pipeline task transition
2026-03-21 17:18:16,598 INFO app.orchestrator.pipeline task transition
2026-03-21 17:18:16,604 INFO app.orchestrator.pipeline task transition
2026-03-21 17:18:19,436 INFO app.adapters.executor mt5 window activated
2026-03-21 17:18:20,859 INFO app.adapters.executor mt5 window activated
2026-03-21 17:18:22,669 INFO app.adapters.executor mt5 window activated
2026-03-21 17:18:24,498 INFO app.adapters.executor mt5 window activated
2026-03-21 17:18:25,939 INFO app.adapters.executor mt5 window activated
2026-03-21 17:18:30,385 INFO app.adapters.executor mt5 window activated
2026-03-21 17:18:32,297 INFO app.adapters.executor mt5 window activated
2026-03-21 17:18:32,417 INFO app.adapters.executor using symbol template lookup
2026-03-21 17:18:36,599 INFO app.adapters.executor optional anchor skipped
2026-03-21 17:18:41,397 INFO app.adapters.executor mt5 window activated
2026-03-21 17:18:42,803 INFO app.adapters.executor mt5 window activated
2026-03-21 17:18:44,567 INFO app.adapters.executor mt5 window activated
2026-03-21 17:18:46,372 INFO app.adapters.executor mt5 window activated
2026-03-21 17:18:47,807 INFO app.adapters.executor mt5 window activated
2026-03-21 17:18:52,263 INFO app.adapters.executor mt5 window activated
2026-03-21 17:18:54,170 INFO app.adapters.executor mt5 window activated
2026-03-21 17:18:54,293 INFO app.adapters.executor using symbol template lookup
2026-03-21 17:18:58,418 INFO app.adapters.executor optional anchor skipped
2026-03-21 17:19:00,447 INFO app.orchestrator.pipeline task transition
2026-03-21 17:19:00,450 INFO httpx HTTP Request: POST https://api.telegram.org/bot8790407909:AAGgUU-V77NroC4WdjDtYqB1fA8x-4yy0DA/getUpdates "HTTP/1.1 200 OK"
2026-03-21 17:19:10,531 INFO httpx HTTP Request: POST https://api.telegram.org/bot8790407909:AAGgUU-V77NroC4WdjDtYqB1fA8x-4yy0DA/getUpdates "HTTP/1.1 200 OK"
2026-03-21 17:19:20,618 INFO httpx HTTP Request: POST https://api.telegram.org/bot8790407909:AAGgUU-V77NroC4WdjDtYqB1fA8x-4yy0DA/getUpdates "HTTP/1.1 200 OK"
2026-03-21 17:19:30,702 INFO httpx HTTP Request: POST https://api.telegram.org/bot8790407909:AAGgUU-V77NroC4WdjDtYqB1fA8x-4yy0DA/getUpdates "HTTP/1.1 200 OK"
2026-03-21 17:19:41,081 INFO httpx HTTP Request: POST https://api.telegram.org/bot8790407909:AAGgUU-V77NroC4WdjDtYqB1fA8x-4yy0DA/getUpdates "HTTP/1.1 200 OK"
2026-03-21 17:19:51,177 INFO httpx HTTP Request: POST https://api.telegram.org/bot8790407909:AAGgUU-V77NroC4WdjDtYqB1fA8x-4yy0DA/getUpdates "HTTP/1.1 200 OK"
2026-03-21 17:20:01,356 INFO httpx HTTP Request: POST https://api.telegram.org/bot8790407909:AAGgUU-V77NroC4WdjDtYqB1fA8x-4yy0DA/getUpdates "HTTP/1.1 200 OK"
2026-03-21 17:20:11,436 INFO httpx HTTP Request: POST https://api.telegram.org/bot8790407909:AAGgUU-V77NroC4WdjDtYqB1fA8x-4yy0DA/getUpdates "HTTP/1.1 200 OK"
2026-03-21 17:20:21,515 INFO httpx HTTP Request: POST https://api.telegram.org/bot8790407909:AAGgUU-V77NroC4WdjDtYqB1fA8x-4yy0DA/getUpdates "HTTP/1.1 200 OK"
2026-03-21 17:20:31,664 INFO httpx HTTP Request: POST https://api.telegram.org/bot8790407909:AAGgUU-V77NroC4WdjDtYqB1fA8x-4yy0DA/getUpdates "HTTP/1.1 200 OK"
2026-03-21 17:20:41,800 INFO httpx HTTP Request: POST https://api.telegram.org/bot8790407909:AAGgUU-V77NroC4WdjDtYqB1fA8x-4yy0DA/getUpdates "HTTP/1.1 200 OK"
2026-03-21 17:20:51,886 INFO httpx HTTP Request: POST https://api.telegram.org/bot8790407909:AAGgUU-V77NroC4WdjDtYqB1fA8x-4yy0DA/getUpdates "HTTP/1.1 200 OK"
2026-03-21 17:21:01,263 INFO app.adapters.capture telegram polling started
2026-03-21 17:21:01,681 INFO httpx HTTP Request: POST https://api.telegram.org/bot8790407909:AAGgUU-V77NroC4WdjDtYqB1fA8x-4yy0DA/getMe "HTTP/1.1 200 OK"
2026-03-21 17:21:01,683 INFO telegram.ext.Application Application started
2026-03-21 17:21:01,762 INFO httpx HTTP Request: POST https://api.telegram.org/bot8790407909:AAGgUU-V77NroC4WdjDtYqB1fA8x-4yy0DA/deleteWebhook "HTTP/1.1 200 OK"
2026-03-21 17:21:08,205 INFO httpx HTTP Request: POST https://api.telegram.org/bot8790407909:AAGgUU-V77NroC4WdjDtYqB1fA8x-4yy0DA/getUpdates "HTTP/1.1 200 OK"
2026-03-21 17:21:08,206 INFO app.adapters.capture telegram photo accepted
2026-03-21 17:21:08,558 INFO httpx HTTP Request: POST https://api.telegram.org/bot8790407909:AAGgUU-V77NroC4WdjDtYqB1fA8x-4yy0DA/getFile "HTTP/1.1 200 OK"
2026-03-21 17:21:08,689 INFO httpx HTTP Request: GET https://api.telegram.org/file/bot8790407909%3AAAGgUU-V77NroC4WdjDtYqB1fA8x-4yy0DA/photos/file_2.jpg "HTTP/1.1 200 OK"
2026-03-21 17:21:08,759 INFO app.orchestrator.pipeline task transition
2026-03-21 17:21:08,767 INFO app.orchestrator.pipeline task transition
2026-03-21 17:21:08,776 INFO app.orchestrator.pipeline task transition
2026-03-21 17:21:10,052 INFO app.orchestrator.pipeline task transition
2026-03-21 17:21:10,060 INFO app.orchestrator.pipeline task transition
2026-03-21 17:21:10,075 INFO app.orchestrator.pipeline task transition
2026-03-21 17:21:10,084 INFO app.orchestrator.pipeline task transition
2026-03-21 17:21:12,967 INFO app.adapters.executor mt5 window activated
2026-03-21 17:21:14,486 INFO app.adapters.executor mt5 window activated
2026-03-21 17:21:16,253 INFO app.adapters.executor mt5 window activated
2026-03-21 17:21:18,110 INFO app.adapters.executor mt5 window activated
2026-03-21 17:21:23,468 INFO app.adapters.executor mt5 window activated
2026-03-21 17:21:25,373 INFO app.adapters.executor mt5 window activated
2026-03-21 17:21:25,493 INFO app.adapters.executor using symbol template lookup
2026-03-21 17:21:31,444 INFO app.adapters.executor optional anchor skipped
2026-03-21 17:21:36,283 INFO app.adapters.executor mt5 window activated
2026-03-21 17:21:37,724 INFO app.adapters.executor mt5 window activated
2026-03-21 17:21:39,463 INFO app.adapters.executor mt5 window activated
2026-03-21 17:21:41,289 INFO app.adapters.executor mt5 window activated
2026-03-21 17:21:42,700 INFO app.adapters.executor mt5 window activated
2026-03-21 17:21:48,175 INFO app.adapters.executor mt5 window activated
2026-03-21 17:21:50,082 INFO app.adapters.executor mt5 window activated
2026-03-21 17:21:50,208 INFO app.adapters.executor using symbol template lookup
2026-03-21 17:21:56,090 INFO app.adapters.executor optional anchor skipped
2026-03-21 17:21:58,139 INFO app.orchestrator.pipeline task transition
2026-03-21 17:21:58,144 INFO httpx HTTP Request: POST https://api.telegram.org/bot8790407909:AAGgUU-V77NroC4WdjDtYqB1fA8x-4yy0DA/getUpdates "HTTP/1.1 200 OK"
2026-03-22 08:19:24,388 INFO app.adapters.capture telegram polling started
2026-03-22 08:21:21,873 INFO app.adapters.capture telegram polling started
2026-03-22 08:22:45,615 INFO app.adapters.capture telegram polling started
2026-03-22 08:22:47,185 INFO httpx HTTP Request: POST https://api.telegram.org/bot8790407909:AAGgUU-V77NroC4WdjDtYqB1fA8x-4yy0DA/getMe "HTTP/1.1 200 OK"
2026-03-22 08:22:47,187 INFO telegram.ext.Application Application started
2026-03-22 08:22:47,512 INFO httpx HTTP Request: POST https://api.telegram.org/bot8790407909:AAGgUU-V77NroC4WdjDtYqB1fA8x-4yy0DA/deleteWebhook "HTTP/1.1 200 OK"
2026-03-22 08:22:58,985 INFO httpx HTTP Request: POST https://api.telegram.org/bot8790407909:AAGgUU-V77NroC4WdjDtYqB1fA8x-4yy0DA/getUpdates "HTTP/1.1 200 OK"
2026-03-22 08:22:59,315 INFO httpx HTTP Request: POST https://api.telegram.org/bot8790407909:AAGgUU-V77NroC4WdjDtYqB1fA8x-4yy0DA/getUpdates "HTTP/1.1 200 OK"
2026-03-22 08:22:59,317 INFO app.adapters.capture telegram photo accepted
2026-03-22 08:23:00,193 WARNING app.adapters.capture telegram get_file retry
2026-03-22 08:23:03,249 WARNING app.adapters.capture telegram get_file retry
2026-03-22 08:23:08,134 WARNING app.adapters.capture telegram get_file retry
2026-03-22 08:23:08,136 ERROR app.adapters.capture telegram update handler failed
Traceback (most recent call last):
  File "C:\Users\ivanu\AppData\Local\Programs\Python\Python311\Lib\site-packages\httpx\_transports\default.py", line 69, in map_httpcore_exceptions
    yield
  File "C:\Users\ivanu\AppData\Local\Programs\Python\Python311\Lib\site-packages\httpx\_transports\default.py", line 373, in handle_async_request
    resp = await self._pool.handle_async_request(req)
           ^^^^^^^^^^^^^^^^^^^^^^^^^^^^^^^^^^^^^^^^^^
  File "C:\Users\ivanu\AppData\Local\Programs\Python\Python311\Lib\site-packages\httpcore\_async\connection_pool.py", line 216, in handle_async_request
    raise exc from None
  File "C:\Users\ivanu\AppData\Local\Programs\Python\Python311\Lib\site-packages\httpcore\_async\connection_pool.py", line 196, in handle_async_request
    response = await connection.handle_async_request(
               ^^^^^^^^^^^^^^^^^^^^^^^^^^^^^^^^^^^^^^
  File "C:\Users\ivanu\AppData\Local\Programs\Python\Python311\Lib\site-packages\httpcore\_async\connection.py", line 99, in handle_async_request
    raise exc
  File "C:\Users\ivanu\AppData\Local\Programs\Python\Python311\Lib\site-packages\httpcore\_async\connection.py", line 76, in handle_async_request
    stream = await self._connect(request)
             ^^^^^^^^^^^^^^^^^^^^^^^^^^^^
  File "C:\Users\ivanu\AppData\Local\Programs\Python\Python311\Lib\site-packages\httpcore\_async\connection.py", line 154, in _connect
    stream = await stream.start_tls(**kwargs)
             ^^^^^^^^^^^^^^^^^^^^^^^^^^^^^^^^
  File "C:\Users\ivanu\AppData\Local\Programs\Python\Python311\Lib\site-packages\httpcore\_backends\anyio.py", line 68, in start_tls
    with map_exceptions(exc_map):
  File "C:\Users\ivanu\AppData\Local\Programs\Python\Python311\Lib\contextlib.py", line 155, in __exit__
    self.gen.throw(typ, value, traceback)
  File "C:\Users\ivanu\AppData\Local\Programs\Python\Python311\Lib\site-packages\httpcore\_exceptions.py", line 14, in map_exceptions
    raise to_exc(exc) from exc
httpcore.ConnectError

The above exception was the direct cause of the following exception:

Traceback (most recent call last):
  File "C:\Users\ivanu\AppData\Local\Programs\Python\Python311\Lib\site-packages\telegram\request\_httpxrequest.py", line 293, in do_request
    res = await self._client.request(
          ^^^^^^^^^^^^^^^^^^^^^^^^^^^
  File "C:\Users\ivanu\AppData\Local\Programs\Python\Python311\Lib\site-packages\httpx\_client.py", line 1574, in request
    return await self.send(request, auth=auth, follow_redirects=follow_redirects)
           ^^^^^^^^^^^^^^^^^^^^^^^^^^^^^^^^^^^^^^^^^^^^^^^^^^^^^^^^^^^^^^^^^^^^^^
  File "C:\Users\ivanu\AppData\Local\Programs\Python\Python311\Lib\site-packages\httpx\_client.py", line 1661, in send
    response = await self._send_handling_auth(
               ^^^^^^^^^^^^^^^^^^^^^^^^^^^^^^^
  File "C:\Users\ivanu\AppData\Local\Programs\Python\Python311\Lib\site-packages\httpx\_client.py", line 1689, in _send_handling_auth
    response = await self._send_handling_redirects(
               ^^^^^^^^^^^^^^^^^^^^^^^^^^^^^^^^^^^^
  File "C:\Users\ivanu\AppData\Local\Programs\Python\Python311\Lib\site-packages\httpx\_client.py", line 1726, in _send_handling_redirects
    response = await self._send_single_request(request)
               ^^^^^^^^^^^^^^^^^^^^^^^^^^^^^^^^^^^^^^^^
  File "C:\Users\ivanu\AppData\Local\Programs\Python\Python311\Lib\site-packages\httpx\_client.py", line 1763, in _send_single_request
    response = await transport.handle_async_request(request)
               ^^^^^^^^^^^^^^^^^^^^^^^^^^^^^^^^^^^^^^^^^^^^^
  File "C:\Users\ivanu\AppData\Local\Programs\Python\Python311\Lib\site-packages\httpx\_transports\default.py", line 372, in handle_async_request
    with map_httpcore_exceptions():
  File "C:\Users\ivanu\AppData\Local\Programs\Python\Python311\Lib\contextlib.py", line 155, in __exit__
    self.gen.throw(typ, value, traceback)
  File "C:\Users\ivanu\AppData\Local\Programs\Python\Python311\Lib\site-packages\httpx\_transports\default.py", line 86, in map_httpcore_exceptions
    raise mapped_exc(message) from exc
httpx.ConnectError

The above exception was the direct cause of the following exception:

Traceback (most recent call last):
  File "C:\Users\ivanu\AppData\Local\Programs\Python\Python311\Lib\site-packages\telegram\ext\_application.py", line 1325, in process_update
    await coroutine
  File "C:\Users\ivanu\AppData\Local\Programs\Python\Python311\Lib\site-packages\telegram\ext\_handlers\basehandler.py", line 158, in handle_update
    return await self.callback(update, context)
           ^^^^^^^^^^^^^^^^^^^^^^^^^^^^^^^^^^^^
  File "C:\Users\ivanu\OneDrive - ocsd5schools.org\Рабочий стол\BackUp\трейдинг\структуры\!полезное\mt5_god\app\adapters\capture.py", line 257, in on_message
    telegram_file = await self._fetch_file_with_retry(context.bot, message.photo[-1].file_id)
                    ^^^^^^^^^^^^^^^^^^^^^^^^^^^^^^^^^^^^^^^^^^^^^^^^^^^^^^^^^^^^^^^^^^^^^^^^^
  File "C:\Users\ivanu\OneDrive - ocsd5schools.org\Рабочий стол\BackUp\трейдинг\структуры\!полезное\mt5_god\app\adapters\capture.py", line 161, in _fetch_file_with_retry
    raise last_error
  File "C:\Users\ivanu\OneDrive - ocsd5schools.org\Рабочий стол\BackUp\трейдинг\структуры\!полезное\mt5_god\app\adapters\capture.py", line 151, in _fetch_file_with_retry
    return await bot.get_file(file_id, **self._request_timeouts())
           ^^^^^^^^^^^^^^^^^^^^^^^^^^^^^^^^^^^^^^^^^^^^^^^^^^^^^^^
  File "C:\Users\ivanu\AppData\Local\Programs\Python\Python311\Lib\site-packages\telegram\ext\_extbot.py", line 1894, in get_file
    return await super().get_file(
           ^^^^^^^^^^^^^^^^^^^^^^^
  File "C:\Users\ivanu\AppData\Local\Programs\Python\Python311\Lib\site-packages\telegram\_bot.py", line 3798, in get_file
    result = await self._post(
             ^^^^^^^^^^^^^^^^^
  File "C:\Users\ivanu\AppData\Local\Programs\Python\Python311\Lib\site-packages\telegram\_bot.py", line 619, in _post
    return await self._do_post(
           ^^^^^^^^^^^^^^^^^^^^
  File "C:\Users\ivanu\AppData\Local\Programs\Python\Python311\Lib\site-packages\telegram\ext\_extbot.py", line 354, in _do_post
    return await super()._do_post(
           ^^^^^^^^^^^^^^^^^^^^^^^
  File "C:\Users\ivanu\AppData\Local\Programs\Python\Python311\Lib\site-packages\telegram\_bot.py", line 648, in _do_post
    result = await request.post(
             ^^^^^^^^^^^^^^^^^^^
  File "C:\Users\ivanu\AppData\Local\Programs\Python\Python311\Lib\site-packages\telegram\request\_baserequest.py", line 202, in post
    result = await self._request_wrapper(
             ^^^^^^^^^^^^^^^^^^^^^^^^^^^^
  File "C:\Users\ivanu\AppData\Local\Programs\Python\Python311\Lib\site-packages\telegram\request\_baserequest.py", line 334, in _request_wrapper
    code, payload = await self.do_request(
                    ^^^^^^^^^^^^^^^^^^^^^^
  File "C:\Users\ivanu\AppData\Local\Programs\Python\Python311\Lib\site-packages\telegram\request\_httpxrequest.py", line 317, in do_request
    raise NetworkError(f"httpx.{err.__class__.__name__}: {err}") from err
telegram.error.NetworkError: httpx.ConnectError: 
2026-03-22 08:23:09,645 INFO httpx HTTP Request: POST https://api.telegram.org/bot8790407909:AAGgUU-V77NroC4WdjDtYqB1fA8x-4yy0DA/getUpdates "HTTP/1.1 200 OK"
2026-03-22 08:23:19,977 INFO httpx HTTP Request: POST https://api.telegram.org/bot8790407909:AAGgUU-V77NroC4WdjDtYqB1fA8x-4yy0DA/getUpdates "HTTP/1.1 200 OK"
2026-03-22 08:23:22,605 INFO httpx HTTP Request: POST https://api.telegram.org/bot8790407909:AAGgUU-V77NroC4WdjDtYqB1fA8x-4yy0DA/getUpdates "HTTP/1.1 200 OK"
2026-03-22 08:23:22,608 INFO app.adapters.capture telegram photo accepted
2026-03-22 08:23:24,144 INFO httpx HTTP Request: POST https://api.telegram.org/bot8790407909:AAGgUU-V77NroC4WdjDtYqB1fA8x-4yy0DA/getFile "HTTP/1.1 200 OK"
2026-03-22 08:23:24,683 INFO httpx HTTP Request: GET https://api.telegram.org/file/bot8790407909%3AAAGgUU-V77NroC4WdjDtYqB1fA8x-4yy0DA/photos/file_3.jpg "HTTP/1.1 200 OK"
2026-03-22 08:23:24,712 INFO app.orchestrator.pipeline task transition
2026-03-22 08:23:24,720 INFO app.orchestrator.pipeline task transition
2026-03-22 08:23:24,725 INFO app.orchestrator.pipeline task transition
2026-03-22 08:23:25,946 INFO app.orchestrator.pipeline task transition
2026-03-22 08:23:25,953 INFO app.orchestrator.pipeline task transition
2026-03-22 08:23:25,968 INFO app.orchestrator.pipeline task transition
2026-03-22 08:23:25,973 INFO app.orchestrator.pipeline task transition
2026-03-22 08:23:30,375 INFO app.adapters.executor mt5 window activated
2026-03-22 08:23:31,241 INFO app.adapters.executor target MT5 account already active
2026-03-22 08:23:31,243 INFO app.adapters.executor using symbol template lookup
2026-03-22 08:23:32,794 INFO app.adapters.executor mt5 window activated
2026-03-22 08:23:34,255 INFO app.adapters.executor mt5 window activated
2026-03-22 08:23:35,830 INFO app.adapters.executor mt5 window activated
2026-03-22 08:23:37,243 INFO app.adapters.executor mt5 window activated
2026-03-22 08:23:38,783 INFO app.adapters.executor mt5 window activated
2026-03-22 08:23:40,223 INFO app.adapters.executor mt5 window activated
2026-03-22 08:23:41,755 INFO app.adapters.executor mt5 window activated
2026-03-22 08:23:43,165 INFO app.adapters.executor mt5 window activated
2026-03-22 08:23:44,679 INFO app.adapters.executor mt5 window activated
2026-03-22 08:23:46,086 INFO app.adapters.executor mt5 window activated
2026-03-22 08:23:47,611 INFO app.adapters.executor mt5 window activated
2026-03-22 08:23:49,017 INFO app.adapters.executor mt5 window activated
2026-03-22 08:23:50,595 INFO app.adapters.executor mt5 window activated
2026-03-22 08:23:52,006 INFO app.adapters.executor mt5 window activated
2026-03-22 08:23:53,893 INFO app.adapters.executor mt5 window activated
2026-03-22 08:23:55,311 INFO app.adapters.executor mt5 window activated
2026-03-22 08:23:56,824 INFO app.adapters.executor mt5 window activated
2026-03-22 08:23:58,230 INFO app.adapters.executor mt5 window activated
2026-03-22 08:23:59,740 INFO app.adapters.executor mt5 window activated
2026-03-22 08:24:01,148 INFO app.adapters.executor mt5 window activated
2026-03-22 08:24:02,657 INFO app.adapters.executor mt5 window activated
2026-03-22 08:24:04,067 INFO app.adapters.executor mt5 window activated
2026-03-22 08:24:05,593 INFO app.adapters.executor mt5 window activated
2026-03-22 08:24:06,998 INFO app.adapters.executor mt5 window activated
2026-03-22 08:24:08,509 INFO app.adapters.executor mt5 window activated
2026-03-22 08:24:09,913 INFO app.adapters.executor mt5 window activated
2026-03-22 08:24:11,453 INFO app.adapters.executor mt5 window activated
2026-03-22 08:24:12,860 INFO app.adapters.executor mt5 window activated
2026-03-22 08:24:14,739 INFO app.adapters.executor mt5 window activated
2026-03-22 08:24:16,157 INFO app.adapters.executor mt5 window activated
2026-03-22 08:24:22,113 INFO app.adapters.executor optional anchor skipped
2026-03-22 08:24:26,853 INFO app.adapters.executor mt5 window activated
2026-03-22 08:24:28,253 INFO app.adapters.executor mt5 window activated
2026-03-22 08:24:29,956 INFO app.adapters.executor mt5 window activated
2026-03-22 08:24:31,679 INFO app.adapters.executor mt5 window activated
2026-03-22 08:24:33,095 INFO app.adapters.executor mt5 window activated
2026-03-22 08:24:38,477 INFO app.adapters.executor mt5 window activated
2026-03-22 08:24:40,386 INFO app.adapters.executor mt5 window activated
2026-03-22 08:24:40,475 INFO app.adapters.executor using symbol template lookup
2026-03-22 08:24:41,900 INFO app.adapters.executor mt5 window activated
2026-03-22 08:24:47,846 INFO app.adapters.executor optional anchor skipped
2026-03-22 08:24:49,766 INFO app.orchestrator.pipeline task transition
2026-03-22 08:24:49,766 INFO httpx HTTP Request: POST https://api.telegram.org/bot8790407909:AAGgUU-V77NroC4WdjDtYqB1fA8x-4yy0DA/getUpdates "HTTP/1.1 200 OK"
2026-03-22 08:29:29,915 INFO app.adapters.capture telegram polling start requested
2026-03-22 08:29:50,645 WARNING app.adapters.capture telegram polling unavailable, retrying
2026-03-22 08:29:57,257 WARNING app.adapters.capture telegram polling unavailable, retrying
2026-03-22 08:30:09,403 INFO httpx HTTP Request: POST https://api.telegram.org/bot8790407909:AAGgUU-V77NroC4WdjDtYqB1fA8x-4yy0DA/getMe "HTTP/1.1 200 OK"
2026-03-22 08:30:09,405 INFO telegram.ext.Application Application started
2026-03-22 08:30:09,729 INFO httpx HTTP Request: POST https://api.telegram.org/bot8790407909:AAGgUU-V77NroC4WdjDtYqB1fA8x-4yy0DA/deleteWebhook "HTTP/1.1 200 OK"
2026-03-22 08:30:09,729 INFO app.adapters.capture telegram polling active
2026-03-22 08:30:11,318 INFO httpx HTTP Request: POST https://api.telegram.org/bot8790407909:AAGgUU-V77NroC4WdjDtYqB1fA8x-4yy0DA/getUpdates "HTTP/1.1 200 OK"
2026-03-22 08:30:11,320 INFO app.adapters.capture telegram photo accepted
2026-03-22 08:30:11,647 INFO httpx HTTP Request: POST https://api.telegram.org/bot8790407909:AAGgUU-V77NroC4WdjDtYqB1fA8x-4yy0DA/getFile "HTTP/1.1 200 OK"
2026-03-22 08:30:12,187 INFO httpx HTTP Request: GET https://api.telegram.org/file/bot8790407909%3AAAGgUU-V77NroC4WdjDtYqB1fA8x-4yy0DA/photos/file_3.jpg "HTTP/1.1 200 OK"
2026-03-22 08:30:12,448 INFO app.orchestrator.pipeline task transition
2026-03-22 08:30:12,456 INFO app.orchestrator.pipeline task transition
2026-03-22 08:30:12,466 INFO app.orchestrator.pipeline task transition
2026-03-22 08:38:15,049 INFO app.adapters.capture telegram polling start requested
2026-03-22 08:38:26,834 WARNING app.adapters.capture telegram polling unavailable, retrying
2026-03-22 08:38:33,625 WARNING app.adapters.capture telegram polling unavailable, retrying
2026-03-22 08:38:45,282 WARNING app.adapters.capture telegram polling unavailable, retrying
2026-03-22 08:38:56,639 INFO app.adapters.capture telegram polling start requested
2026-03-22 08:38:58,724 INFO httpx HTTP Request: POST https://api.telegram.org/bot8790407909:AAGgUU-V77NroC4WdjDtYqB1fA8x-4yy0DA/getMe "HTTP/1.1 200 OK"
2026-03-22 08:38:58,726 INFO telegram.ext.Application Application started
2026-03-22 08:38:59,054 INFO httpx HTTP Request: POST https://api.telegram.org/bot8790407909:AAGgUU-V77NroC4WdjDtYqB1fA8x-4yy0DA/deleteWebhook "HTTP/1.1 200 OK"
2026-03-22 08:38:59,055 INFO app.adapters.capture telegram polling active
2026-03-22 08:39:00,469 INFO httpx HTTP Request: POST https://api.telegram.org/bot8790407909:AAGgUU-V77NroC4WdjDtYqB1fA8x-4yy0DA/getUpdates "HTTP/1.1 200 OK"
2026-03-22 08:39:00,475 INFO app.adapters.capture telegram photo accepted
2026-03-22 08:39:00,804 INFO httpx HTTP Request: POST https://api.telegram.org/bot8790407909:AAGgUU-V77NroC4WdjDtYqB1fA8x-4yy0DA/getFile "HTTP/1.1 200 OK"
2026-03-22 08:39:01,342 INFO httpx HTTP Request: GET https://api.telegram.org/file/bot8790407909%3AAAGgUU-V77NroC4WdjDtYqB1fA8x-4yy0DA/photos/file_3.jpg "HTTP/1.1 200 OK"
2026-03-22 08:39:01,560 INFO app.adapters.capture duplicate telegram image skipped
2026-03-22 08:54:34,129 INFO app.adapters.capture telegram polling start requested
2026-03-22 08:54:36,341 INFO httpx HTTP Request: POST https://api.telegram.org/bot8790407909:AAGgUU-V77NroC4WdjDtYqB1fA8x-4yy0DA/getMe "HTTP/1.1 200 OK"
2026-03-22 08:54:36,341 INFO telegram.ext.Application Application started
2026-03-22 08:54:36,686 INFO httpx HTTP Request: POST https://api.telegram.org/bot8790407909:AAGgUU-V77NroC4WdjDtYqB1fA8x-4yy0DA/deleteWebhook "HTTP/1.1 200 OK"
2026-03-22 08:54:36,688 INFO app.adapters.capture telegram polling active
2026-03-22 08:54:37,572 ERROR telegram.ext.Updater Exception happened while polling for updates.
Traceback (most recent call last):
  File "C:\Users\ivanu\AppData\Local\Programs\Python\Python311\Lib\site-packages\httpx\_transports\default.py", line 69, in map_httpcore_exceptions
    yield
  File "C:\Users\ivanu\AppData\Local\Programs\Python\Python311\Lib\site-packages\httpx\_transports\default.py", line 373, in handle_async_request
    resp = await self._pool.handle_async_request(req)
           ^^^^^^^^^^^^^^^^^^^^^^^^^^^^^^^^^^^^^^^^^^
  File "C:\Users\ivanu\AppData\Local\Programs\Python\Python311\Lib\site-packages\httpcore\_async\connection_pool.py", line 216, in handle_async_request
    raise exc from None
  File "C:\Users\ivanu\AppData\Local\Programs\Python\Python311\Lib\site-packages\httpcore\_async\connection_pool.py", line 196, in handle_async_request
    response = await connection.handle_async_request(
               ^^^^^^^^^^^^^^^^^^^^^^^^^^^^^^^^^^^^^^
  File "C:\Users\ivanu\AppData\Local\Programs\Python\Python311\Lib\site-packages\httpcore\_async\connection.py", line 99, in handle_async_request
    raise exc
  File "C:\Users\ivanu\AppData\Local\Programs\Python\Python311\Lib\site-packages\httpcore\_async\connection.py", line 76, in handle_async_request
    stream = await self._connect(request)
             ^^^^^^^^^^^^^^^^^^^^^^^^^^^^
  File "C:\Users\ivanu\AppData\Local\Programs\Python\Python311\Lib\site-packages\httpcore\_async\connection.py", line 154, in _connect
    stream = await stream.start_tls(**kwargs)
             ^^^^^^^^^^^^^^^^^^^^^^^^^^^^^^^^
  File "C:\Users\ivanu\AppData\Local\Programs\Python\Python311\Lib\site-packages\httpcore\_backends\anyio.py", line 68, in start_tls
    with map_exceptions(exc_map):
  File "C:\Users\ivanu\AppData\Local\Programs\Python\Python311\Lib\contextlib.py", line 155, in __exit__
    self.gen.throw(typ, value, traceback)
  File "C:\Users\ivanu\AppData\Local\Programs\Python\Python311\Lib\site-packages\httpcore\_exceptions.py", line 14, in map_exceptions
    raise to_exc(exc) from exc
httpcore.ConnectError

The above exception was the direct cause of the following exception:

Traceback (most recent call last):
  File "C:\Users\ivanu\AppData\Local\Programs\Python\Python311\Lib\site-packages\telegram\request\_httpxrequest.py", line 293, in do_request
    res = await self._client.request(
          ^^^^^^^^^^^^^^^^^^^^^^^^^^^
  File "C:\Users\ivanu\AppData\Local\Programs\Python\Python311\Lib\site-packages\httpx\_client.py", line 1574, in request
    return await self.send(request, auth=auth, follow_redirects=follow_redirects)
           ^^^^^^^^^^^^^^^^^^^^^^^^^^^^^^^^^^^^^^^^^^^^^^^^^^^^^^^^^^^^^^^^^^^^^^
  File "C:\Users\ivanu\AppData\Local\Programs\Python\Python311\Lib\site-packages\httpx\_client.py", line 1661, in send
    response = await self._send_handling_auth(
               ^^^^^^^^^^^^^^^^^^^^^^^^^^^^^^^
  File "C:\Users\ivanu\AppData\Local\Programs\Python\Python311\Lib\site-packages\httpx\_client.py", line 1689, in _send_handling_auth
    response = await self._send_handling_redirects(
               ^^^^^^^^^^^^^^^^^^^^^^^^^^^^^^^^^^^^
  File "C:\Users\ivanu\AppData\Local\Programs\Python\Python311\Lib\site-packages\httpx\_client.py", line 1726, in _send_handling_redirects
    response = await self._send_single_request(request)
               ^^^^^^^^^^^^^^^^^^^^^^^^^^^^^^^^^^^^^^^^
  File "C:\Users\ivanu\AppData\Local\Programs\Python\Python311\Lib\site-packages\httpx\_client.py", line 1763, in _send_single_request
    response = await transport.handle_async_request(request)
               ^^^^^^^^^^^^^^^^^^^^^^^^^^^^^^^^^^^^^^^^^^^^^
  File "C:\Users\ivanu\AppData\Local\Programs\Python\Python311\Lib\site-packages\httpx\_transports\default.py", line 372, in handle_async_request
    with map_httpcore_exceptions():
  File "C:\Users\ivanu\AppData\Local\Programs\Python\Python311\Lib\contextlib.py", line 155, in __exit__
    self.gen.throw(typ, value, traceback)
  File "C:\Users\ivanu\AppData\Local\Programs\Python\Python311\Lib\site-packages\httpx\_transports\default.py", line 86, in map_httpcore_exceptions
    raise mapped_exc(message) from exc
httpx.ConnectError

The above exception was the direct cause of the following exception:

Traceback (most recent call last):
  File "C:\Users\ivanu\AppData\Local\Programs\Python\Python311\Lib\site-packages\telegram\ext\_updater.py", line 750, in _network_loop_retry
    if not await do_action():
           ^^^^^^^^^^^^^^^^^
  File "C:\Users\ivanu\AppData\Local\Programs\Python\Python311\Lib\site-packages\telegram\ext\_updater.py", line 744, in do_action
    return action_cb_task.result()
           ^^^^^^^^^^^^^^^^^^^^^^^
  File "C:\Users\ivanu\AppData\Local\Programs\Python\Python311\Lib\site-packages\telegram\ext\_updater.py", line 371, in polling_action_cb
    updates = await self.bot.get_updates(
              ^^^^^^^^^^^^^^^^^^^^^^^^^^^
  File "C:\Users\ivanu\AppData\Local\Programs\Python\Python311\Lib\site-packages\telegram\ext\_extbot.py", line 650, in get_updates
    updates = await super().get_updates(
              ^^^^^^^^^^^^^^^^^^^^^^^^^^
  File "C:\Users\ivanu\AppData\Local\Programs\Python\Python311\Lib\site-packages\telegram\_bot.py", line 4480, in get_updates
    await self._post(
  File "C:\Users\ivanu\AppData\Local\Programs\Python\Python311\Lib\site-packages\telegram\_bot.py", line 619, in _post
    return await self._do_post(
           ^^^^^^^^^^^^^^^^^^^^
  File "C:\Users\ivanu\AppData\Local\Programs\Python\Python311\Lib\site-packages\telegram\ext\_extbot.py", line 354, in _do_post
    return await super()._do_post(
           ^^^^^^^^^^^^^^^^^^^^^^^
  File "C:\Users\ivanu\AppData\Local\Programs\Python\Python311\Lib\site-packages\telegram\_bot.py", line 648, in _do_post
    result = await request.post(
             ^^^^^^^^^^^^^^^^^^^
  File "C:\Users\ivanu\AppData\Local\Programs\Python\Python311\Lib\site-packages\telegram\request\_baserequest.py", line 202, in post
    result = await self._request_wrapper(
             ^^^^^^^^^^^^^^^^^^^^^^^^^^^^
  File "C:\Users\ivanu\AppData\Local\Programs\Python\Python311\Lib\site-packages\telegram\request\_baserequest.py", line 334, in _request_wrapper
    code, payload = await self.do_request(
                    ^^^^^^^^^^^^^^^^^^^^^^
  File "C:\Users\ivanu\AppData\Local\Programs\Python\Python311\Lib\site-packages\telegram\request\_httpxrequest.py", line 317, in do_request
    raise NetworkError(f"httpx.{err.__class__.__name__}: {err}") from err
telegram.error.NetworkError: httpx.ConnectError: 
2026-03-22 08:54:50,117 INFO httpx HTTP Request: POST https://api.telegram.org/bot8790407909:AAGgUU-V77NroC4WdjDtYqB1fA8x-4yy0DA/getUpdates "HTTP/1.1 200 OK"
2026-03-22 08:55:00,713 INFO httpx HTTP Request: POST https://api.telegram.org/bot8790407909:AAGgUU-V77NroC4WdjDtYqB1fA8x-4yy0DA/getUpdates "HTTP/1.1 200 OK"
2026-03-22 08:55:11,159 INFO httpx HTTP Request: POST https://api.telegram.org/bot8790407909:AAGgUU-V77NroC4WdjDtYqB1fA8x-4yy0DA/getUpdates "HTTP/1.1 200 OK"
2026-03-22 08:55:21,500 INFO httpx HTTP Request: POST https://api.telegram.org/bot8790407909:AAGgUU-V77NroC4WdjDtYqB1fA8x-4yy0DA/getUpdates "HTTP/1.1 200 OK"
2026-03-22 08:55:31,893 INFO httpx HTTP Request: POST https://api.telegram.org/bot8790407909:AAGgUU-V77NroC4WdjDtYqB1fA8x-4yy0DA/getUpdates "HTTP/1.1 200 OK"
2026-03-22 08:55:42,492 INFO httpx HTTP Request: POST https://api.telegram.org/bot8790407909:AAGgUU-V77NroC4WdjDtYqB1fA8x-4yy0DA/getUpdates "HTTP/1.1 200 OK"
2026-03-22 08:55:52,815 INFO httpx HTTP Request: POST https://api.telegram.org/bot8790407909:AAGgUU-V77NroC4WdjDtYqB1fA8x-4yy0DA/getUpdates "HTTP/1.1 200 OK"
2026-03-22 08:55:58,705 INFO httpx HTTP Request: POST https://api.telegram.org/bot8790407909:AAGgUU-V77NroC4WdjDtYqB1fA8x-4yy0DA/getUpdates "HTTP/1.1 200 OK"
2026-03-22 08:55:59,182 INFO httpx HTTP Request: POST https://api.telegram.org/bot8790407909:AAGgUU-V77NroC4WdjDtYqB1fA8x-4yy0DA/getUpdates "HTTP/1.1 200 OK"
2026-03-22 08:56:09,525 INFO httpx HTTP Request: POST https://api.telegram.org/bot8790407909:AAGgUU-V77NroC4WdjDtYqB1fA8x-4yy0DA/getUpdates "HTTP/1.1 200 OK"
2026-03-22 08:56:16,298 INFO httpx HTTP Request: POST https://api.telegram.org/bot8790407909:AAGgUU-V77NroC4WdjDtYqB1fA8x-4yy0DA/getUpdates "HTTP/1.1 200 OK"
2026-03-22 08:56:26,623 INFO httpx HTTP Request: POST https://api.telegram.org/bot8790407909:AAGgUU-V77NroC4WdjDtYqB1fA8x-4yy0DA/getUpdates "HTTP/1.1 200 OK"
2026-03-22 08:56:37,071 INFO httpx HTTP Request: POST https://api.telegram.org/bot8790407909:AAGgUU-V77NroC4WdjDtYqB1fA8x-4yy0DA/getUpdates "HTTP/1.1 200 OK"
2026-03-22 08:56:39,491 INFO httpx HTTP Request: POST https://api.telegram.org/bot8790407909:AAGgUU-V77NroC4WdjDtYqB1fA8x-4yy0DA/getUpdates "HTTP/1.1 200 OK"
2026-03-22 08:56:39,492 INFO app.adapters.capture telegram photo accepted
2026-03-22 08:56:40,509 WARNING app.adapters.capture telegram get_file retry
2026-03-22 08:56:44,165 INFO httpx HTTP Request: POST https://api.telegram.org/bot8790407909:AAGgUU-V77NroC4WdjDtYqB1fA8x-4yy0DA/getFile "HTTP/1.1 200 OK"
2026-03-22 08:56:44,753 INFO httpx HTTP Request: GET https://api.telegram.org/file/bot8790407909%3AAAGgUU-V77NroC4WdjDtYqB1fA8x-4yy0DA/photos/file_4.jpg "HTTP/1.1 200 OK"
2026-03-22 08:56:44,793 INFO app.orchestrator.pipeline task transition
2026-03-22 08:56:44,803 INFO app.orchestrator.pipeline task transition
2026-03-22 08:56:44,811 INFO app.orchestrator.pipeline task transition
2026-03-22 08:56:46,230 INFO app.orchestrator.pipeline task transition
2026-03-22 08:56:46,247 INFO app.orchestrator.pipeline task transition
2026-03-22 08:56:46,256 INFO app.orchestrator.pipeline task transition
2026-03-22 08:56:46,267 INFO app.orchestrator.pipeline task transition
2026-03-22 08:56:50,666 INFO app.adapters.executor mt5 window activated
2026-03-22 08:56:52,373 INFO app.adapters.executor mt5 window activated
2026-03-22 08:56:54,142 INFO app.adapters.executor mt5 window activated
2026-03-22 08:56:55,910 INFO app.adapters.executor mt5 window activated
2026-03-22 08:57:01,316 INFO app.adapters.executor mt5 window activated
2026-03-22 08:57:03,223 INFO app.adapters.executor mt5 window activated
2026-03-22 08:57:07,899 INFO app.adapters.executor mt5 window activated
2026-03-22 08:57:09,357 INFO app.adapters.executor mt5 window activated
2026-03-22 08:57:11,077 INFO app.adapters.executor mt5 window activated
2026-03-22 08:57:12,856 INFO app.adapters.executor mt5 window activated
2026-03-22 08:57:14,309 INFO app.adapters.executor mt5 window activated
2026-03-22 08:57:15,866 INFO app.adapters.executor mt5 window activated
2026-03-22 08:57:17,281 INFO app.adapters.executor mt5 window activated
2026-03-22 08:59:41,797 INFO app.adapters.capture telegram polling start requested
2026-03-22 08:59:43,341 WARNING app.adapters.capture telegram polling unavailable, retrying
2026-03-22 09:01:15,688 INFO app.adapters.capture telegram polling start requested
2026-03-22 09:01:17,140 WARNING app.adapters.capture telegram polling unavailable, retrying
2026-03-22 09:01:23,544 WARNING app.adapters.capture telegram polling unavailable, retrying
2026-03-22 09:01:34,946 WARNING app.adapters.capture telegram polling unavailable, retrying
2026-03-22 09:02:39,037 INFO app.adapters.capture telegram polling start requested
2026-03-22 09:02:40,484 WARNING app.adapters.capture telegram polling unavailable, retrying
2026-03-22 09:02:46,939 WARNING app.adapters.capture telegram polling unavailable, retrying
2026-03-22 09:02:59,132 INFO httpx HTTP Request: POST https://api.telegram.org/bot8790407909:AAGgUU-V77NroC4WdjDtYqB1fA8x-4yy0DA/getMe "HTTP/1.1 200 OK"
2026-03-22 09:02:59,135 INFO telegram.ext.Application Application started
2026-03-22 09:02:59,610 INFO httpx HTTP Request: POST https://api.telegram.org/bot8790407909:AAGgUU-V77NroC4WdjDtYqB1fA8x-4yy0DA/deleteWebhook "HTTP/1.1 200 OK"
2026-03-22 09:02:59,611 INFO app.adapters.capture telegram polling active
2026-03-22 09:03:00,556 ERROR telegram.ext.Updater Exception happened while polling for updates.
Traceback (most recent call last):
  File "C:\Users\ivanu\AppData\Local\Programs\Python\Python311\Lib\site-packages\httpx\_transports\default.py", line 69, in map_httpcore_exceptions
    yield
  File "C:\Users\ivanu\AppData\Local\Programs\Python\Python311\Lib\site-packages\httpx\_transports\default.py", line 373, in handle_async_request
    resp = await self._pool.handle_async_request(req)
           ^^^^^^^^^^^^^^^^^^^^^^^^^^^^^^^^^^^^^^^^^^
  File "C:\Users\ivanu\AppData\Local\Programs\Python\Python311\Lib\site-packages\httpcore\_async\connection_pool.py", line 216, in handle_async_request
    raise exc from None
  File "C:\Users\ivanu\AppData\Local\Programs\Python\Python311\Lib\site-packages\httpcore\_async\connection_pool.py", line 196, in handle_async_request
    response = await connection.handle_async_request(
               ^^^^^^^^^^^^^^^^^^^^^^^^^^^^^^^^^^^^^^
  File "C:\Users\ivanu\AppData\Local\Programs\Python\Python311\Lib\site-packages\httpcore\_async\connection.py", line 99, in handle_async_request
    raise exc
  File "C:\Users\ivanu\AppData\Local\Programs\Python\Python311\Lib\site-packages\httpcore\_async\connection.py", line 76, in handle_async_request
    stream = await self._connect(request)
             ^^^^^^^^^^^^^^^^^^^^^^^^^^^^
  File "C:\Users\ivanu\AppData\Local\Programs\Python\Python311\Lib\site-packages\httpcore\_async\connection.py", line 154, in _connect
    stream = await stream.start_tls(**kwargs)
             ^^^^^^^^^^^^^^^^^^^^^^^^^^^^^^^^
  File "C:\Users\ivanu\AppData\Local\Programs\Python\Python311\Lib\site-packages\httpcore\_backends\anyio.py", line 68, in start_tls
    with map_exceptions(exc_map):
  File "C:\Users\ivanu\AppData\Local\Programs\Python\Python311\Lib\contextlib.py", line 155, in __exit__
    self.gen.throw(typ, value, traceback)
  File "C:\Users\ivanu\AppData\Local\Programs\Python\Python311\Lib\site-packages\httpcore\_exceptions.py", line 14, in map_exceptions
    raise to_exc(exc) from exc
httpcore.ConnectError

The above exception was the direct cause of the following exception:

Traceback (most recent call last):
  File "C:\Users\ivanu\AppData\Local\Programs\Python\Python311\Lib\site-packages\telegram\request\_httpxrequest.py", line 293, in do_request
    res = await self._client.request(
          ^^^^^^^^^^^^^^^^^^^^^^^^^^^
  File "C:\Users\ivanu\AppData\Local\Programs\Python\Python311\Lib\site-packages\httpx\_client.py", line 1574, in request
    return await self.send(request, auth=auth, follow_redirects=follow_redirects)
           ^^^^^^^^^^^^^^^^^^^^^^^^^^^^^^^^^^^^^^^^^^^^^^^^^^^^^^^^^^^^^^^^^^^^^^
  File "C:\Users\ivanu\AppData\Local\Programs\Python\Python311\Lib\site-packages\httpx\_client.py", line 1661, in send
    response = await self._send_handling_auth(
               ^^^^^^^^^^^^^^^^^^^^^^^^^^^^^^^
  File "C:\Users\ivanu\AppData\Local\Programs\Python\Python311\Lib\site-packages\httpx\_client.py", line 1689, in _send_handling_auth
    response = await self._send_handling_redirects(
               ^^^^^^^^^^^^^^^^^^^^^^^^^^^^^^^^^^^^
  File "C:\Users\ivanu\AppData\Local\Programs\Python\Python311\Lib\site-packages\httpx\_client.py", line 1726, in _send_handling_redirects
    response = await self._send_single_request(request)
               ^^^^^^^^^^^^^^^^^^^^^^^^^^^^^^^^^^^^^^^^
  File "C:\Users\ivanu\AppData\Local\Programs\Python\Python311\Lib\site-packages\httpx\_client.py", line 1763, in _send_single_request
    response = await transport.handle_async_request(request)
               ^^^^^^^^^^^^^^^^^^^^^^^^^^^^^^^^^^^^^^^^^^^^^
  File "C:\Users\ivanu\AppData\Local\Programs\Python\Python311\Lib\site-packages\httpx\_transports\default.py", line 372, in handle_async_request
    with map_httpcore_exceptions():
  File "C:\Users\ivanu\AppData\Local\Programs\Python\Python311\Lib\contextlib.py", line 155, in __exit__
    self.gen.throw(typ, value, traceback)
  File "C:\Users\ivanu\AppData\Local\Programs\Python\Python311\Lib\site-packages\httpx\_transports\default.py", line 86, in map_httpcore_exceptions
    raise mapped_exc(message) from exc
httpx.ConnectError

The above exception was the direct cause of the following exception:

Traceback (most recent call last):
  File "C:\Users\ivanu\AppData\Local\Programs\Python\Python311\Lib\site-packages\telegram\ext\_updater.py", line 750, in _network_loop_retry
    if not await do_action():
           ^^^^^^^^^^^^^^^^^
  File "C:\Users\ivanu\AppData\Local\Programs\Python\Python311\Lib\site-packages\telegram\ext\_updater.py", line 744, in do_action
    return action_cb_task.result()
           ^^^^^^^^^^^^^^^^^^^^^^^
  File "C:\Users\ivanu\AppData\Local\Programs\Python\Python311\Lib\site-packages\telegram\ext\_updater.py", line 371, in polling_action_cb
    updates = await self.bot.get_updates(
              ^^^^^^^^^^^^^^^^^^^^^^^^^^^
  File "C:\Users\ivanu\AppData\Local\Programs\Python\Python311\Lib\site-packages\telegram\ext\_extbot.py", line 650, in get_updates
    updates = await super().get_updates(
              ^^^^^^^^^^^^^^^^^^^^^^^^^^
  File "C:\Users\ivanu\AppData\Local\Programs\Python\Python311\Lib\site-packages\telegram\_bot.py", line 4480, in get_updates
    await self._post(
  File "C:\Users\ivanu\AppData\Local\Programs\Python\Python311\Lib\site-packages\telegram\_bot.py", line 619, in _post
    return await self._do_post(
           ^^^^^^^^^^^^^^^^^^^^
  File "C:\Users\ivanu\AppData\Local\Programs\Python\Python311\Lib\site-packages\telegram\ext\_extbot.py", line 354, in _do_post
    return await super()._do_post(
           ^^^^^^^^^^^^^^^^^^^^^^^
  File "C:\Users\ivanu\AppData\Local\Programs\Python\Python311\Lib\site-packages\telegram\_bot.py", line 648, in _do_post
    result = await request.post(
             ^^^^^^^^^^^^^^^^^^^
  File "C:\Users\ivanu\AppData\Local\Programs\Python\Python311\Lib\site-packages\telegram\request\_baserequest.py", line 202, in post
    result = await self._request_wrapper(
             ^^^^^^^^^^^^^^^^^^^^^^^^^^^^
  File "C:\Users\ivanu\AppData\Local\Programs\Python\Python311\Lib\site-packages\telegram\request\_baserequest.py", line 334, in _request_wrapper
    code, payload = await self.do_request(
                    ^^^^^^^^^^^^^^^^^^^^^^
  File "C:\Users\ivanu\AppData\Local\Programs\Python\Python311\Lib\site-packages\telegram\request\_httpxrequest.py", line 317, in do_request
    raise NetworkError(f"httpx.{err.__class__.__name__}: {err}") from err
telegram.error.NetworkError: httpx.ConnectError: 
2026-03-22 09:03:13,245 INFO httpx HTTP Request: POST https://api.telegram.org/bot8790407909:AAGgUU-V77NroC4WdjDtYqB1fA8x-4yy0DA/getUpdates "HTTP/1.1 200 OK"
